mechanism,n,kind,horizon,current_R,fold,candidate,rmse,signed_error,maximum_absolute_error,minimum,maximum,combinations,unique_solution,equation_rmse,equation_max_error
binary_longitudinal,4000,adjoint,1,1,1,ensemble,0.113222209662299,0.041031366197992,0.25440827645011,-0.3827517905192,2.89486764074359,8,TRUE,0.087665911052851,0.17999247731013
binary_longitudinal,4000,adjoint,1,1,1,landweber,0.11375638683068,0.0380796896491751,0.17072765539348,-0.436678676886589,2.76810865160096,8,TRUE,0.0915010365662202,0.116242757518393
binary_longitudinal,4000,adjoint,1,1,1,pmmr,0.0811147183330519,0.0276741477201224,0.182440618121621,-0.354786224902785,2.70078853885797,8,TRUE,0.0719417102563473,0.15047418880872
binary_longitudinal,4000,adjoint,1,1,1,sieve_md,0.120681703641459,0.0419821482966768,0.29523936879067,-0.392505843744051,2.93569873308415,8,TRUE,0.0907517241426321,0.20218451215103
binary_longitudinal,4000,adjoint,1,1,2,ensemble,0.055033811837851,0.0181745869910945,0.0911714949608298,-0.321422675589373,2.65663765040505,8,TRUE,0.0358984619290479,0.0746522622880401
binary_longitudinal,4000,adjoint,1,1,2,landweber,0.0880333327859781,0.0246918535010479,0.19370704489487,-0.350829814366559,2.64974779869919,8,TRUE,0.0585083308267666,0.13971347309951
binary_longitudinal,4000,adjoint,1,1,2,pmmr,0.0528266191342986,0.0139088026465715,0.0844883857949204,-0.313745669242941,2.61304554424722,8,TRUE,0.0341481381630147,0.0551022912582116
binary_longitudinal,4000,adjoint,1,1,2,sieve_md,0.0620609899907876,0.0173115943236477,0.09268149387395,-0.307122093515275,2.73314085816743,8,TRUE,0.0356633279414864,0.0548273960566001
binary_longitudinal,4000,adjoint,1,1,3,ensemble,0.0486781122335912,-0.00237970705155101,0.0984887756506003,-0.288850086140578,2.65668634980432,8,TRUE,0.0337042296979855,0.06655324818641
binary_longitudinal,4000,adjoint,1,1,3,landweber,0.0686856238337133,0.0012819148833128,0.11405787819285,-0.356437732840217,2.59435561762856,8,TRUE,0.0459819580116873,0.0742939099856501
binary_longitudinal,4000,adjoint,1,1,3,pmmr,0.0710257583886943,-0.00737255357429943,0.130254575320453,-0.278368244715321,2.56888097412251,8,TRUE,0.0473420865070617,0.0940643826706412
binary_longitudinal,4000,adjoint,1,1,3,sieve_md,0.057418812842779,-0.00397465341725553,0.0927203913300003,-0.287996443309438,2.68383666092978,8,TRUE,0.0404053010026539,0.0659939399695599
binary_longitudinal,4000,adjoint,2,0,1,ensemble,0.149594744171818,0.046772615341743,0.219864364112814,-0.143345946226314,2.67058564252273,8,TRUE,0.15071794137491,0.219864364112814
binary_longitudinal,4000,adjoint,2,0,1,landweber,0.696846260417959,0.00994183217898998,1.06718988827057,-0.657267607515005,1.86336436519169,8,TRUE,0.703874683597237,1.06718988827057
binary_longitudinal,4000,adjoint,2,0,1,pmmr,0.606043867862913,0.0431090705875463,0.77938025951503,-0.615335221665314,2.00227640202886,8,TRUE,0.59766649388318,0.77938025951503
binary_longitudinal,4000,adjoint,2,0,1,sieve_md,0.113004368110085,0.0531362956314729,0.33684532354138,0.0130596800862721,2.90515750903155,8,TRUE,0.104229545060374,0.33684532354138
binary_longitudinal,4000,adjoint,2,0,2,ensemble,0.0755206354037604,0.0126146932954649,0.115550111949369,-0.0467385245002514,2.5120359528702,8,TRUE,0.0762970596596678,0.115550111949369
binary_longitudinal,4000,adjoint,2,0,2,landweber,0.686600646936431,-0.0246212389242009,1.02975407955351,-0.565723472531665,1.70256407486363,8,TRUE,0.689501688537419,1.02975407955351
binary_longitudinal,4000,adjoint,2,0,2,pmmr,0.599417470257364,0.0127950801766292,0.76528785800607,-0.548322564063144,1.88398235437919,8,TRUE,0.590975078837915,0.76528785800607
binary_longitudinal,4000,adjoint,2,0,2,sieve_md,0.0255619179465034,0.0171019749512963,0.0610370458319798,0.0145592584260905,2.62934923132215,8,TRUE,0.0242681558416774,0.0610370458319798
binary_longitudinal,4000,adjoint,2,0,3,ensemble,0.103428066170341,-0.00705559463005635,0.22033041381096,-0.0721118395361059,2.48485947149524,8,TRUE,0.10194637476075,0.22033041381096
binary_longitudinal,4000,adjoint,2,0,3,landweber,0.681657834960544,-0.0681229794019343,1.05462174299417,-0.566839693397371,1.61662231907176,8,TRUE,0.679835141158993,1.05462174299417
binary_longitudinal,4000,adjoint,2,0,3,pmmr,0.597889690752531,-0.0368956151055835,0.84324515477815,-0.517686695656258,1.74762569555668,8,TRUE,0.583577641663028,0.84324515477815
binary_longitudinal,4000,adjoint,2,0,3,sieve_md,0.0337126901470006,0.00268952088037395,0.0871944460171501,0.00577812474632145,2.62341250389414,8,TRUE,0.0311562542022394,0.0871944460171501
binary_longitudinal,4000,adjoint,2,1,1,ensemble,1.06867475787837,0.0760519453820192,6.66591700090813,-0.997598039549078,13.4474409615147,128,TRUE,0.706979369662431,3.49248726462398
binary_longitudinal,4000,adjoint,2,1,1,landweber,1.71698850709133,0.160850209969288,3.76435120226747,-2.64302412575046,5.15417020604627,128,TRUE,1.23227710193579,2.73563705212001
binary_longitudinal,4000,adjoint,2,1,1,pmmr,1.68072969058286,-0.000898968243476899,4.30683786170564,-0.765703071843022,2.7516331635686,128,TRUE,1.15827691902793,2.63066521666715
binary_longitudinal,4000,adjoint,2,1,1,sieve_md,1.10882120891295,0.0752096938426259,9.74711141567103,-1.70274127310674,16.5286353762776,128,TRUE,0.714227540366228,5.07077512101344
binary_longitudinal,4000,adjoint,2,1,2,ensemble,0.950647736098831,0.143879998573213,7.01398897922923,-0.332220684186488,13.7955129398358,128,TRUE,0.66014970558181,3.6523993320901
binary_longitudinal,4000,adjoint,2,1,2,landweber,1.72138349165253,0.244786774732009,3.5911629637457,-2.27407765293348,4.94093468902211,128,TRUE,1.22080722149072,2.48403858221367
binary_longitudinal,4000,adjoint,2,1,2,pmmr,1.71442950921482,0.0497913852554402,4.43803855206414,-0.765659769774925,2.65873724422999,128,TRUE,1.18575225671682,2.77883762605193
binary_longitudinal,4000,adjoint,2,1,2,sieve_md,0.970899193663666,0.131719778629333,8.08104932085323,-0.433594376420162,14.8625732814598,128,TRUE,0.673830662240377,4.18568395411364
binary_longitudinal,4000,adjoint,2,1,3,ensemble,0.8838174855089,0.0121877316315692,5.37757604038011,-0.706157026918831,6.83350153149923,128,TRUE,0.605241048584003,3.39468071493086
binary_longitudinal,4000,adjoint,2,1,3,landweber,1.60534593673675,-0.000816763201363253,3.37075794518091,-1.91888822692886,4.01995072847263,128,TRUE,1.13677143516843,2.17497020458286
binary_longitudinal,4000,adjoint,2,1,3,pmmr,1.82093393888494,-0.121898900513037,4.99745284065831,-0.670550957440968,2.25572609950854,128,TRUE,1.25753863053321,3.22552632778944
binary_longitudinal,4000,adjoint,2,1,3,sieve_md,0.885981175097685,0.0142629851367771,5.78400283910283,-0.986922558865712,7.30994715870842,128,TRUE,0.607530800747739,3.6908195797435
binary_longitudinal,4000,beta,1,1,1,ensemble,0.137066427117879,0.0707906064734025,0.23427692107698,1.72152730057784,3.19969399881287,8,TRUE,0.0585639506498632,0.09725690068491
binary_longitudinal,4000,beta,1,1,1,landweber,0.130804650901167,0.0706768500480002,0.25000226602414,1.70246404524064,3.27365029573651,8,TRUE,0.0565003114747218,0.0944837276406001
binary_longitudinal,4000,beta,1,1,1,pmmr,0.146493421542535,0.0710811762602801,0.22207301977657,1.73650945803236,3.1295576140515,8,TRUE,0.0608143209261606,0.09839085670453
binary_longitudinal,4000,beta,1,1,1,sieve_md,0.138143722146942,0.0704430689263561,0.23262000555062,1.72320211021541,3.21454677682286,8,TRUE,0.0595633659835779,0.09935875230594
binary_longitudinal,4000,beta,1,1,2,ensemble,0.132648573241411,0.0900333739491514,0.26637746462772,1.71583825175142,3.30722106304219,8,TRUE,0.0587571456603886,0.09283394828611
binary_longitudinal,4000,beta,1,1,2,landweber,0.132844456756534,0.0900340878924529,0.26672243874539,1.71459286645131,3.3096013140989,8,TRUE,0.0587775895151172,0.0937673152079099
binary_longitudinal,4000,beta,1,1,2,pmmr,0.133369730332557,0.0900247515250128,0.26221114896043,1.73087899835226,3.27847433463064,8,TRUE,0.0591739596930847,0.0905968713751999
binary_longitudinal,4000,beta,1,1,2,sieve_md,0.131790403024728,0.0902895074469429,0.24001628171337,1.73189232741598,3.26693968302162,8,TRUE,0.059313636816683,0.0900380136371399
binary_longitudinal,4000,beta,1,1,3,ensemble,0.0804798493689343,0.0493810423347054,0.15165734191905,1.69239156149044,3.27846310531323,8,TRUE,0.0359161242656084,0.06501419557927
binary_longitudinal,4000,beta,1,1,3,landweber,0.0766199558668243,0.0453306197816262,0.17313246341381,1.64994843386932,3.35044397710417,8,TRUE,0.032472524256464,0.05836020529793
binary_longitudinal,4000,beta,1,1,3,pmmr,0.0925335161653257,0.0518858942415281,0.19166331281459,1.71124521275745,3.26701433589574,8,TRUE,0.0398305042638311,0.07684119439337
binary_longitudinal,4000,beta,1,1,3,sieve_md,0.0849685001807319,0.0489629454301013,0.13261195364061,1.70158138908281,3.22520423489291,8,TRUE,0.0369499184210531,0.0579692677432899
binary_longitudinal,4000,beta,2,0,1,ensemble,0.205533724927603,-0.0515551346279601,0.73934507951615,1.65184389988558,3.19502246098888,16,FALSE,0.04503779769575,0.072471631507909
binary_longitudinal,4000,beta,2,0,1,landweber,0.191011278865097,-0.0379464145254285,0.76764766215208,1.62738911813463,3.22332504362481,16,FALSE,0.0558041939011873,0.093960536560962
binary_longitudinal,4000,beta,2,0,1,pmmr,0.125345378149978,-0.065880879306194,0.25692492600746,1.73300284357439,2.66424677879513,16,FALSE,0.0431545706676852,0.08937909261764
binary_longitudinal,4000,beta,2,0,1,sieve_md,0.389682914253323,-0.0488542726123123,1.41689840211768,1.5726648275074,3.87257578359041,16,FALSE,0.0712933321534826,0.12727522579373
binary_longitudinal,4000,beta,2,0,2,ensemble,0.189433150261148,-0.0450219325847685,0.69258974931572,1.66754736435518,3.14826713078845,16,FALSE,0.0441897446476841,0.068796150755705
binary_longitudinal,4000,beta,2,0,2,landweber,0.217785587412205,-0.0392614771561269,0.84590973236336,1.64275345284453,3.30158711383609,16,FALSE,0.050132907071401,0.080099548148296
binary_longitudinal,4000,beta,2,0,2,pmmr,0.118251614613741,-0.0649695093767746,0.23393215722999,1.7600910373301,2.53904296302212,16,FALSE,0.0456552783919939,0.084757425478451
binary_longitudinal,4000,beta,2,0,2,sieve_md,0.284051764055031,-0.0444159681364055,1.10985043119253,1.630686161303,3.56552781266526,16,FALSE,0.0557677562989159,0.094424743324388
binary_longitudinal,4000,beta,2,0,3,ensemble,0.24742127420562,-0.0896487012109031,0.60314644900952,1.70830287992474,3.05882383048225,16,FALSE,0.0560676229867308,0.102019941472409
binary_longitudinal,4000,beta,2,0,3,landweber,0.259967322010396,-0.0884487406265869,0.68160313415628,1.69611714043045,3.13728051562901,16,FALSE,0.0541002042480747,0.099440610382576
binary_longitudinal,4000,beta,2,0,3,pmmr,0.191823174015451,-0.0999852786262158,0.33584708595845,1.81327202748844,2.38299029864066,16,FALSE,0.0796173135672323,0.124238550848652
binary_longitudinal,4000,beta,2,0,3,sieve_md,0.266716623518765,-0.0976050062149065,0.51378090598422,1.74763387043708,2.92645240186733,16,FALSE,0.0687967463064373,0.110690218750073
binary_longitudinal,4000,beta,2,1,1,ensemble,0.151774466983989,0.0524042444078322,0.58920429520961,1.68791741045277,3.59836522920728,128,TRUE,0.0565323976763953,0.159463019618
binary_longitudinal,4000,beta,2,1,1,landweber,0.163700701183351,0.0706108804575422,0.59999671158764,1.54283345520202,3.79445994280679,128,TRUE,0.0633040301278096,0.23010899459771
binary_longitudinal,4000,beta,2,1,1,pmmr,0.328012529356345,0.0831646407053092,0.80294656249234,1.92178362632131,2.9194921058921,128,TRUE,0.114513397321495,0.24441367284881
binary_longitudinal,4000,beta,2,1,1,sieve_md,0.382588781859944,-0.0109454667205184,1.76761801338356,1.39781487597811,5.10726486530955,128,TRUE,0.118713453716092,0.4433758352845
binary_longitudinal,4000,beta,2,1,2,ensemble,0.0800023091457954,-0.0116368162812917,0.42114069676321,1.60123116560883,3.3809062513868,128,TRUE,0.0313400737169296,0.121709684006363
binary_longitudinal,4000,beta,2,1,2,landweber,0.122895789345181,-0.0040550440890409,0.57500147061045,1.50909111465747,3.61216194739789,128,TRUE,0.0439867086450477,0.17789643946981
binary_longitudinal,4000,beta,2,1,2,pmmr,0.342177653591295,-0.00174814868562016,0.94097590039809,1.87172130474872,2.72663512000747,128,TRUE,0.108938355187483,0.242221187717348
binary_longitudinal,4000,beta,2,1,2,sieve_md,0.223263679036056,-0.196000300229904,0.68012188141144,1.37952117608044,3.38750518493128,128,TRUE,0.0969180262527282,0.210471855363401
binary_longitudinal,4000,beta,2,1,3,ensemble,0.146700852986897,0.00681948301535191,0.36132525997644,1.65377372847804,3.30949411084934,128,TRUE,0.0482865875911408,0.13887176909945
binary_longitudinal,4000,beta,2,1,3,landweber,0.135829798129244,0.00317648900229715,0.37433653653927,1.60743409886133,3.39890567947763,128,TRUE,0.0450289065384747,0.14681062825498
binary_longitudinal,4000,beta,2,1,3,pmmr,0.370473203179092,0.0382005884713808,0.84517287892874,2.02046059305256,2.64171743287081,128,TRUE,0.119287246739962,0.2225399431788
binary_longitudinal,4000,beta,2,1,3,sieve_md,0.281096035611862,-0.194472780697867,0.68179612261221,1.54452945834311,2.87933646927451,128,TRUE,0.101682605378597,0.188357318815852
discrete_dose,4000,adjoint,1,1,1,ensemble,0.638804148088725,-0.0594280121947644,1.05677874222324,-0.475444183451891,2.70004801326114,16,FALSE,0.0832267332042868,0.15905828462201
discrete_dose,4000,adjoint,1,1,1,landweber,1.09639072287763,-0.0610537868598381,1.92820055960921,-0.300647777506983,3.57146983064711,16,FALSE,0.095117446135682,0.15958399254241
discrete_dose,4000,adjoint,1,1,1,pmmr,0.453623537571373,-0.0589985204844754,0.75690363243226,-0.626604444624921,2.40017290347016,16,FALSE,0.0814358198929625,0.15359574868427
discrete_dose,4000,adjoint,1,1,1,sieve_md,0.313337995816995,-0.0573468602030336,0.72760575678871,-0.600118891185679,2.39005981128504,16,FALSE,0.0777167469206569,0.17123915251465
discrete_dose,4000,adjoint,1,1,2,ensemble,0.691439642024476,-0.0748144871677443,1.25618979416594,-0.582274540486666,2.89945906520384,16,FALSE,0.103523054242918,0.20382304341883
discrete_dose,4000,adjoint,1,1,2,landweber,1.08894482100682,-0.0603809884740324,2.0024057439609,-0.409364565591835,3.6456750149988,16,FALSE,0.109640442483625,0.196862265890644
discrete_dose,4000,adjoint,1,1,2,pmmr,0.464702686791415,-0.0833851652115133,0.81308332410379,-0.68494928046674,2.45635259514169,16,FALSE,0.105507365652911,0.23588294386055
discrete_dose,4000,adjoint,1,1,2,sieve_md,0.442521229824593,-0.0894245369049117,1.31615216821583,-0.789472734062422,2.06059316846011,16,FALSE,0.108123607713449,0.20842143179475
discrete_dose,4000,adjoint,1,1,3,ensemble,0.489529035113721,-0.0356445793629456,0.86832314379077,-0.513285317197537,2.51159241482867,16,FALSE,0.0713326020126402,0.1410331724273
discrete_dose,4000,adjoint,1,1,3,landweber,0.972453506884061,-0.0380661173857876,1.80016920034545,-0.409955806641137,3.44343847138335,16,FALSE,0.0964552473310292,0.13995083630845
discrete_dose,4000,adjoint,1,1,3,pmmr,0.444859410966979,-0.0354090981069969,0.77770623929522,-0.523333543858795,2.42097551033312,16,FALSE,0.0706731922949847,0.1425550538859
discrete_dose,4000,adjoint,1,1,3,sieve_md,0.252642510423846,-0.0468519863026079,0.551767873461753,-0.663200730865103,2.14946733081417,16,FALSE,0.0861237086057181,0.14014819363084
discrete_dose,4000,adjoint,2,0,1,ensemble,0.0796148923005072,0.00566001872706018,0.26780922122185,-0.0241435716529239,2.44113988487932,16,TRUE,0.0740111776251069,0.26780922122185
discrete_dose,4000,adjoint,2,0,1,landweber,0.432015943689771,-0.0426565664893788,0.92355115044225,-0.418922863736904,1.40931062892887,16,TRUE,0.424194350071784,0.92355115044225
discrete_dose,4000,adjoint,2,0,1,pmmr,0.386270861561888,-0.00684056493456972,0.82685837542743,-0.364127124498507,1.50808272785778,16,TRUE,0.370010497119756,0.82685837542743
discrete_dose,4000,adjoint,2,0,1,sieve_md,0.0794978226876693,0.00896794850472127,0.23110078083265,0.00202167490928185,2.51512619752039,16,TRUE,0.0732617575930451,0.23110078083265
discrete_dose,4000,adjoint,2,0,2,ensemble,0.102087859907745,0.00600639546690511,0.22490816701518,-0.0571936717047831,2.38677553524491,16,TRUE,0.0990759798712407,0.22490816701518
discrete_dose,4000,adjoint,2,0,2,landweber,0.43348165034824,-0.0323088704604616,0.80154379881958,-0.331654672485931,1.48965187717397,16,TRUE,0.427769779658575,0.80154379881958
discrete_dose,4000,adjoint,2,0,2,pmmr,0.376659507641817,-0.00541736586402776,0.75309405678137,-0.401341818129663,1.57519911252623,16,TRUE,0.364842247320969,0.75309405678137
discrete_dose,4000,adjoint,2,0,2,sieve_md,0.0861231715924605,0.0153635090446863,0.32359109898079,0.00614754091111258,2.60761651566853,16,TRUE,0.0794271554527806,0.32359109898079
discrete_dose,4000,adjoint,2,0,3,ensemble,0.154205444835998,0.0215411900188117,0.30480437119927,-0.152976896238881,2.09744257287583,16,TRUE,0.152328866988062,0.30480437119927
discrete_dose,4000,adjoint,2,0,3,landweber,0.433896744643427,0.00148395905643377,0.86381940960728,-0.366346372346596,1.42189432654791,16,TRUE,0.431156894431895,0.86381940960728
discrete_dose,4000,adjoint,2,0,3,pmmr,0.378488464768669,0.0339080249978097,0.68420309501036,-0.379923201389303,1.62634516195273,16,TRUE,0.367039408552103,0.68420309501036
discrete_dose,4000,adjoint,2,0,3,sieve_md,0.0541203119866697,0.0221041930574665,0.22270508187039,0.00357114958546179,2.50673049855813,16,TRUE,0.0499115874916198,0.22270508187039
discrete_dose,4000,adjoint,2,1,1,ensemble,1.08136462701334,-0.198187191282505,3.9283738574977,-1.57454996222691,5.5314146153555,512,FALSE,0.645498692353561,2.51083368078114
discrete_dose,4000,adjoint,2,1,1,landweber,1.57796457214196,-0.187325964100591,3.66457262467976,-1.55362194125353,4.53961745378487,512,FALSE,0.737886411577097,2.03953298288124
discrete_dose,4000,adjoint,2,1,1,pmmr,1.13368654024084,-0.205490760271731,3.45629496328525,-0.5782154884109,1.68988769706618,512,FALSE,0.729449813686498,2.33302626153227
discrete_dose,4000,adjoint,2,1,1,sieve_md,1.10249574049428,-0.198930790538455,3.94977816840134,-1.72265354870823,5.65924840579587,512,FALSE,0.6640061945461,2.54644416242964
discrete_dose,4000,adjoint,2,1,2,ensemble,1.07716690567141,-0.155300212853128,3.85634462521578,-0.379863796872039,3.84750459489116,512,FALSE,0.65166647366826,2.40804166485984
discrete_dose,4000,adjoint,2,1,2,landweber,1.71471797549448,-0.0545906447311462,4.06306341506146,-1.63228163572215,5.14258766016047,512,FALSE,0.734021717259898,1.73106796704051
discrete_dose,4000,adjoint,2,1,2,pmmr,1.1314457737088,-0.164232958863386,3.42744968375278,-0.52119866263793,1.76515365950528,512,FALSE,0.722171803510921,2.24552681237365
discrete_dose,4000,adjoint,2,1,2,sieve_md,1.11211742215433,-0.179894870999913,3.97845301077506,-0.599510659904206,4.26478442117709,512,FALSE,0.712436554094027,2.57511900480336
discrete_dose,4000,adjoint,2,1,3,ensemble,1.02725756669533,-0.122715969452474,3.70613324970388,-0.777225222183562,4.39898845560995,512,FALSE,0.613188631257745,2.33080777094602
discrete_dose,4000,adjoint,2,1,3,landweber,1.68162143185741,-0.0460632819449057,4.22095120538608,-1.87193420162615,5.30555287135136,512,FALSE,0.748288508127401,1.80050889141947
discrete_dose,4000,adjoint,2,1,3,pmmr,1.11989766466239,-0.130173815850401,3.46337891998471,-0.49944798950199,1.88494600155269,512,FALSE,0.716640178369349,2.32065361409172
discrete_dose,4000,adjoint,2,1,3,sieve_md,1.11721576351971,-0.141863416604004,4.35758806961398,-1.81621190269612,6.69984064849879,512,FALSE,0.685703823167381,2.51112781322855
discrete_dose,4000,beta,1,1,1,ensemble,0.198949984971397,0.00845733109462314,0.39261220125956,1.67998517870279,3.29103721469583,8,TRUE,0.0600212318658048,0.13211036144284
discrete_dose,4000,beta,1,1,1,landweber,0.203271599391542,0.0110186404150628,0.42441006891844,1.6642537191859,3.32777202689639,8,TRUE,0.0616780488587576,0.14275652831417
discrete_dose,4000,beta,1,1,1,pmmr,0.193790021055364,0.0113793157834295,0.35743938176128,1.69915487442999,3.27628164632757,8,TRUE,0.0586964207477324,0.1217782495987
discrete_dose,4000,beta,1,1,1,sieve_md,0.201528317487278,0.00293688768142339,0.39525435846458,1.67691620302026,3.26830977296613,8,TRUE,0.0602071235563482,0.13155645034631
discrete_dose,4000,beta,1,1,2,ensemble,0.241633991668743,0.0338085512452807,0.47396722590195,1.694696270885,3.44960131239881,8,TRUE,0.0798886244668579,0.16533813312551
discrete_dose,4000,beta,1,1,2,landweber,0.233054406835075,0.0191761394294626,0.48092048106296,1.63676273348349,3.43500882612704,8,TRUE,0.080607556749202,0.17045509946969
discrete_dose,4000,beta,1,1,2,pmmr,0.234659453650365,0.0374985585701845,0.41795995969846,1.73848594194588,3.48240207416782,8,TRUE,0.0794656761347309,0.15194184273621
discrete_dose,4000,beta,1,1,2,sieve_md,0.311081737812278,0.0348524289025232,0.63658562694749,1.61109945101596,3.36309036099727,8,TRUE,0.087645393387236,0.2013695462807
discrete_dose,4000,beta,1,1,3,ensemble,0.166023494812835,0.0141957345829681,0.28100367221377,1.6475499688184,3.21490270693557,8,TRUE,0.0505437729930605,0.093836862823055
discrete_dose,4000,beta,1,1,3,landweber,0.139163497672335,0.0053830658067008,0.23975799678396,1.6705475211467,3.27493171463778,8,TRUE,0.0479084894799419,0.0890964554942999
discrete_dose,4000,beta,1,1,3,pmmr,0.151644334512669,0.0216047528886681,0.23807665819084,1.7097983776736,3.25699171809988,8,TRUE,0.0512934222678355,0.10317471023269
discrete_dose,4000,beta,1,1,3,sieve_md,0.199604621739236,0.00529714760704091,0.33256107862561,1.57278663885271,3.16435178222156,8,TRUE,0.0525670543185674,0.109918550387254
discrete_dose,4000,beta,2,0,1,ensemble,0.255843522081446,0.123080378102253,1.0202614272245,1.80562778674297,3.47593880869723,32,FALSE,0.0675706186556733,0.11877873613638
discrete_dose,4000,beta,2,0,1,landweber,0.275182156573523,0.129346902843926,1.10782440364597,1.79499919323367,3.5635017851187,32,FALSE,0.0728475358414429,0.13061629963533
discrete_dose,4000,beta,2,0,1,pmmr,0.126043125697958,0.0724157493128787,0.35684562685293,1.88971470166675,2.81252300832566,32,FALSE,0.0446898309745508,0.0689784088438099
discrete_dose,4000,beta,2,0,1,sieve_md,0.351642941719586,0.0971892306283721,1.35802694774796,1.61478860107113,3.81370432922069,32,FALSE,0.080927028108931,0.18569915449027
discrete_dose,4000,beta,2,0,2,ensemble,0.0547646548182351,-0.0242460614100827,0.18345469881972,1.7616337981461,2.47360450118477,32,FALSE,0.0234854281951406,0.053107429004152
discrete_dose,4000,beta,2,0,2,landweber,0.0547646548182351,-0.0242460614100827,0.18345469881972,1.7616337981461,2.47360450118477,32,FALSE,0.0234854281951406,0.053107429004152
discrete_dose,4000,beta,2,0,2,pmmr,0.140488132051752,-0.0689677713509996,0.2626167170179,1.80183160425907,2.47694103099916,32,FALSE,0.0556920140763553,0.0955552060217349
discrete_dose,4000,beta,2,0,2,sieve_md,0.20696951606316,-0.0569253763765539,0.53238747883835,1.66249710113487,2.69881853859358,32,FALSE,0.0781996174752636,0.186738023765381
discrete_dose,4000,beta,2,0,3,ensemble,0.104841524573779,0.00371191855401624,0.25453163872044,1.84668928306069,2.6110894467538,32,FALSE,0.0390319483322726,0.0588109578690299
discrete_dose,4000,beta,2,0,3,landweber,0.129114329801692,0.00796838669499802,0.50562186057847,1.76690420065414,2.9612992420512,32,FALSE,0.0260192237387731,0.04752648249411
discrete_dose,4000,beta,2,0,3,pmmr,0.110397686810834,0.00231119760675359,0.22770290536318,1.87294500317992,2.50700618341488,32,FALSE,0.0469957825078622,0.06252445941844
discrete_dose,4000,beta,2,0,3,sieve_md,0.313796800491275,0.0366871006116308,0.77114666918855,1.5918062451255,3.22682405066128,32,FALSE,0.130729101045509,0.25177579980592
discrete_dose,4000,beta,2,1,1,ensemble,0.189448373801909,0.102375980317824,0.43353395341519,1.73035144966844,3.28214125339864,256,TRUE,0.0788855305799651,0.15327111234319
discrete_dose,4000,beta,2,1,1,landweber,0.191940046088734,0.0923569758629941,0.47770021380497,1.67631759547712,3.3362438320395,256,TRUE,0.0784414439805466,0.16787553450664
discrete_dose,4000,beta,2,1,1,pmmr,0.342607572086433,0.183379273605301,0.6088847409955,2.08543438945808,3.08408380090564,256,TRUE,0.126183087344113,0.30431497209048
discrete_dose,4000,beta,2,1,1,sieve_md,0.636087578017967,-0.380942166814588,1.51720720026136,1.32498942803943,3.63754497919828,256,TRUE,0.218866057216761,0.454676454555454
discrete_dose,4000,beta,2,1,2,ensemble,0.446165933850688,-0.0567048719158096,1.06317885669223,1.74396696484137,2.89813005428536,256,TRUE,0.146655327252525,0.302287173755036
discrete_dose,4000,beta,2,1,2,landweber,0.446165933850688,-0.0567048719158096,1.06317885669223,1.74396696484137,2.89813005428536,256,TRUE,0.146655327252525,0.302287173755036
discrete_dose,4000,beta,2,1,2,pmmr,0.382327315161278,-0.00315226789000241,0.9258925154879,1.94870274570624,2.75971327980706,256,TRUE,0.120139057721391,0.30088330360811
discrete_dose,4000,beta,2,1,2,sieve_md,0.834938830622587,-0.393988328447303,2.35205005285845,1.24339130852321,4.22594771432027,256,TRUE,0.285097716194417,1.10637745599012
discrete_dose,4000,beta,2,1,3,ensemble,0.345919475686478,-0.00028120505679093,0.85368078640388,1.95520775460739,2.795954882404,256,TRUE,0.104479700853249,0.242459646570644
discrete_dose,4000,beta,2,1,3,landweber,0.255248223989133,-0.0508837782013541,0.86067028608326,1.68681893136239,3.111524685059,256,TRUE,0.0856218987581378,0.249241296529351
discrete_dose,4000,beta,2,1,3,pmmr,0.386530349810412,0.0163711183816561,0.86472010441651,2.03794847754065,2.72211339958257,256,TRUE,0.116135279288183,0.25644321165167
discrete_dose,4000,beta,2,1,3,sieve_md,0.607790532581025,-0.46157751179088,1.70978700058457,1.38439708568883,3.16853089169212,256,TRUE,0.223355573941079,0.502549382600916
