attempt,lower,upper,minimum_loss,lower_boundary,upper_boundary,status,kind,horizon,fold,learner_fold,candidate
0,1e-06,1,0.0038504899969741,TRUE,FALSE,boundary_failure,beta,1,2,1,landweber
1,1e-07,1,0.00385048480039265,TRUE,FALSE,boundary_failure,beta,1,2,1,landweber
2,1e-08,1,0.00385048446497528,TRUE,FALSE,boundary_failure,beta,1,2,1,landweber
0,1e-06,1,0.01449591839556,FALSE,TRUE,boundary_failure,beta,1,2,2,landweber
1,1e-06,10,0.0144169563960037,FALSE,TRUE,boundary_failure,beta,1,2,2,landweber
2,1e-06,100,0.0144079644896839,FALSE,TRUE,boundary_failure,beta,1,2,2,landweber
3,1e-06,1000,0.0144062478518443,FALSE,TRUE,boundary_failure,beta,1,2,2,landweber
4,1e-06,10000,0.0143979612702875,FALSE,TRUE,boundary_failure,beta,1,2,2,landweber
5,1e-06,1e+05,0.0143171061864404,FALSE,TRUE,boundary_failure,beta,1,2,2,landweber
6,1e-06,1e+06,0.0136041702062784,FALSE,TRUE,boundary_failure,beta,1,2,2,landweber
7,1e-06,1e+07,0.0105016548825174,FALSE,TRUE,boundary_failure,beta,1,2,2,landweber
0,1e-06,1,0.00211250562344957,FALSE,TRUE,boundary_failure,beta,1,2,3,landweber
1,1e-06,10,0.0020341302987297,FALSE,TRUE,boundary_failure,beta,1,2,3,landweber
2,1e-06,100,0.0020255050751005,FALSE,TRUE,boundary_failure,beta,1,2,3,landweber
3,1e-06,1000,0.00202440370437373,FALSE,TRUE,boundary_failure,beta,1,2,3,landweber
4,1e-06,10000,0.00202199608952286,FALSE,TRUE,boundary_failure,beta,1,2,3,landweber
5,1e-06,1e+05,0.00200053050563043,FALSE,TRUE,boundary_failure,beta,1,2,3,landweber
6,1e-06,1e+06,0.00181535382616436,FALSE,TRUE,boundary_failure,beta,1,2,3,landweber
0,1e-06,1,0.00101551119156446,FALSE,TRUE,boundary_failure,beta,1,2,0,landweber
1,1e-06,10,0.000983310778223789,FALSE,TRUE,boundary_failure,beta,1,2,0,landweber
2,1e-06,100,0.000979676687212027,FALSE,TRUE,boundary_failure,beta,1,2,0,landweber
3,1e-06,1000,0.000979178953421851,FALSE,TRUE,boundary_failure,beta,1,2,0,landweber
4,1e-06,10000,0.000977849912697245,FALSE,TRUE,boundary_failure,beta,1,2,0,landweber
5,1e-06,1e+05,0.000966113192065532,FALSE,TRUE,boundary_failure,beta,1,2,0,landweber
6,1e-06,1e+06,0.000881282518071943,FALSE,TRUE,boundary_failure,beta,1,2,0,landweber
0,1e-06,1,-0.0226593787970418,FALSE,TRUE,boundary_failure,beta,2,2,1,landweber
1,1e-06,10,-0.0229203072405389,FALSE,TRUE,boundary_failure,beta,2,2,1,landweber
2,1e-06,100,-0.0229430639892152,FALSE,TRUE,boundary_failure,beta,2,2,1,landweber
3,1e-06,1000,-0.0229451324235126,FALSE,TRUE,boundary_failure,beta,2,2,1,landweber
0,1e-06,1,-0.00105801036625069,FALSE,TRUE,boundary_failure,beta,2,2,3,landweber
1,1e-06,10,-0.00111743905578509,FALSE,TRUE,boundary_failure,beta,2,2,3,landweber
2,1e-06,100,-0.00112070113594956,FALSE,TRUE,boundary_failure,beta,2,2,3,landweber
0,1e-06,1,-0.00629910264967187,FALSE,TRUE,boundary_failure,beta,2,2,0,landweber
1,1e-06,10,-0.00630900807620931,FALSE,TRUE,boundary_failure,beta,2,2,0,landweber
