"method","grid","truth","estimate"
"sieve_md",-0.9,1.01982,1.01918899722823
"sieve_md",-0.891,1.01926998768,1.01866980186114
"sieve_md",-0.882,1.01877891744,1.01820901882227
"sieve_md",-0.873,1.01834643936,1.01780630169536
"sieve_md",-0.864,1.01797220352,1.01746130406414
"sieve_md",-0.855,1.01765586,1.01717367951235
"sieve_md",-0.846,1.01739705888,1.01694308162372
"sieve_md",-0.837,1.01719545024,1.016769163982
"sieve_md",-0.828,1.01705068416,1.01665158017092
"sieve_md",-0.819,1.01696241072,1.01658998377423
"sieve_md",-0.81,1.01693028,1.01658402837565
"sieve_md",-0.801,1.01695394208,1.01663336755892
"sieve_md",-0.792,1.01703304704,1.01673765490779
"sieve_md",-0.783,1.01716724496,1.01689654400599
"sieve_md",-0.774,1.01735618592,1.01710968843726
"sieve_md",-0.765,1.01759952,1.01737674178534
"sieve_md",-0.756,1.01789689728,1.01769735763396
"sieve_md",-0.747,1.01824796784,1.01807118956686
"sieve_md",-0.738,1.01865238176,1.01849789116778
"sieve_md",-0.729,1.01910978912,1.01897711602046
"sieve_md",-0.72,1.01961984,1.01950851770864
"sieve_md",-0.711,1.02018218448,1.02009174981604
"sieve_md",-0.702,1.02079647264,1.02072646592642
"sieve_md",-0.693,1.02146235456,1.02141231962351
"sieve_md",-0.684,1.02217948032,1.02214896449104
"sieve_md",-0.675,1.0229475,1.02293605411275
"sieve_md",-0.666,1.02376606368,1.02377324207239
"sieve_md",-0.657,1.02463482144,1.02466018195368
"sieve_md",-0.648,1.02555342336,1.02559652734037
"sieve_md",-0.639,1.02652151952,1.0265819318162
"sieve_md",-0.63,1.02753876,1.0276160489649
"sieve_md",-0.621,1.02860479488,1.0286985323702
"sieve_md",-0.612,1.02971927424,1.02982903561586
"sieve_md",-0.603,1.03088184816,1.0310072122856
"sieve_md",-0.594,1.03209216672,1.03223271596316
"sieve_md",-0.585,1.03334988,1.03350520023228
"sieve_md",-0.576,1.03465463808,1.0348243186767
"sieve_md",-0.567,1.03600609104,1.03618972488016
"sieve_md",-0.558,1.03740388896,1.03760107242639
"sieve_md",-0.549,1.03884768192,1.03905801489913
"sieve_md",-0.54,1.04033712,1.04056020588212
"sieve_md",-0.531,1.04187185328,1.04210729895909
"sieve_md",-0.522,1.04345153184,1.0436989477138
"sieve_md",-0.513,1.04507580576,1.04533480572996
"sieve_md",-0.504,1.04674432512,1.04701452659132
"sieve_md",-0.495,1.04845674,1.04873776388162
"sieve_md",-0.486,1.05021270048,1.0505041711846
"sieve_md",-0.477,1.05201185664,1.05231340208398
"sieve_md",-0.468,1.05385385856,1.05416511016352
"sieve_md",-0.459,1.05573835632,1.05605894900695
"sieve_md",-0.45,1.057665,1.057994572198
"sieve_md",-0.441,1.05963343968,1.05997163332042
"sieve_md",-0.432,1.06164332544,1.06198978595793
"sieve_md",-0.423,1.06369430736,1.06404868369429
"sieve_md",-0.414,1.06578603552,1.06614798011322
"sieve_md",-0.405,1.06791816,1.06828732879847
"sieve_md",-0.396,1.07009033088,1.07046638333377
"sieve_md",-0.387,1.07230219824,1.07268479730286
"sieve_md",-0.378,1.07455341216,1.07494222428948
"sieve_md",-0.369,1.07684362272,1.07723831787736
"sieve_md",-0.36,1.07917248,1.07957273165024
"sieve_md",-0.351,1.08153963408,1.08194511919187
"sieve_md",-0.342,1.08394473504,1.08435513408597
"sieve_md",-0.333,1.08638743296,1.08680242991629
"sieve_md",-0.324,1.08886737792,1.08928666026656
"sieve_md",-0.315,1.09138422,1.09180747872053
"sieve_md",-0.306,1.09393760928,1.09436453886192
"sieve_md",-0.297,1.09652719584,1.09695749427448
"sieve_md",-0.288,1.09915262976,1.09958599854194
"sieve_md",-0.279,1.10181356112,1.10224970524805
"sieve_md",-0.27,1.10450964,1.10494826797654
"sieve_md",-0.261,1.10724051648,1.10768134031114
"sieve_md",-0.252,1.11000584064,1.1104485758356
"sieve_md",-0.243,1.11280526256,1.11324962813365
"sieve_md",-0.234,1.11563843232,1.11608415078903
"sieve_md",-0.225,1.118505,1.11895179738548
"sieve_md",-0.216,1.12140461568,1.12185222150674
"sieve_md",-0.207,1.12433692944,1.12478507673654
"sieve_md",-0.198,1.12730159136,1.12775001665862
"sieve_md",-0.189,1.13029825152,1.13074669485672
"sieve_md",-0.18,1.13332656,1.13377476491458
"sieve_md",-0.171,1.13638616688,1.13683388041593
"sieve_md",-0.162,1.13947672224,1.13992369494452
"sieve_md",-0.153,1.14259787616,1.14304386208407
"sieve_md",-0.144,1.14574927872,1.14619403541833
"sieve_md",-0.135,1.14893058,1.14937386853104
"sieve_md",-0.126,1.15214143008,1.15258301500593
"sieve_md",-0.117,1.15538147904,1.15582112842674
"sieve_md",-0.108,1.15865037696,1.15908786237721
"sieve_md",-0.099,1.16194777392,1.16238287044107
"sieve_md",-0.09,1.16527332,1.16570580620207
"sieve_md",-0.081,1.16862666528,1.16905632324394
"sieve_md",-0.072,1.17200745984,1.17243407515042
"sieve_md",-0.0629999999999999,1.17541535376,1.17583871550524
"sieve_md",-0.0539999999999999,1.17884999712,1.17926989789216
"sieve_md",-0.0449999999999999,1.18231104,1.18272727589489
"sieve_md",-0.0359999999999999,1.18579813248,1.18621050309718
"sieve_md",-0.0269999999999999,1.18931092464,1.18971923308277
"sieve_md",-0.0179999999999999,1.19284906656,1.1932531194354
"sieve_md",-0.0089999999999999,1.19641220832,1.19681181573879
"sieve_md",1.11022302462516e-16,1.2,1.2003949755767
"sieve_md",0.00900000000000012,1.20361209168,1.20400225253286
"sieve_md",0.0180000000000001,1.20724813344,1.207633300191
"sieve_md",0.0270000000000001,1.21090777536,1.21128777213487
"sieve_md",0.0360000000000001,1.21459066752,1.2149653219482
"sieve_md",0.045,1.21829646,1.21866560321473
"sieve_md",0.054,1.22202480288,1.22238826951819
"sieve_md",0.0630000000000001,1.22577534624,1.22613297444233
"sieve_md",0.0720000000000001,1.22954774016,1.22989937157089
"sieve_md",0.0810000000000001,1.23334163472,1.23368711448759
"sieve_md",0.0900000000000001,1.23715668,1.23749585677618
"sieve_md",0.0990000000000001,1.24099252608,1.24132525202039
"sieve_md",0.108,1.24484882304,1.24517495380397
"sieve_md",0.117,1.24872522096,1.24904461571065
"sieve_md",0.126,1.25262136992,1.25293389132417
"sieve_md",0.135,1.25653692,1.25684243422826
"sieve_md",0.144,1.26047152128,1.26076989800667
"sieve_md",0.153,1.26442482384,1.26471593624312
"sieve_md",0.162,1.26839647776,1.26868020252137
"sieve_md",0.171,1.27238613312,1.27266235042515
"sieve_md",0.18,1.27639344,1.27666203353819
"sieve_md",0.189,1.28041804848,1.28067890544423
"sieve_md",0.198,1.28445960864,1.28471261972701
"sieve_md",0.207,1.28851777056,1.28876282997027
"sieve_md",0.216,1.29259218432,1.29282918975774
"sieve_md",0.225,1.2966825,1.29691135267317
"sieve_md",0.234,1.30078836768,1.30100897230029
"sieve_md",0.243,1.30490943744,1.30512170222284
"sieve_md",0.252,1.30904535936,1.30924919602455
"sieve_md",0.261,1.31319578352,1.31339110728917
"sieve_md",0.27,1.31736036,1.31754708960043
"sieve_md",0.279,1.32153873888,1.32171679654207
"sieve_md",0.288,1.32573057024,1.32589988169782
"sieve_md",0.297,1.32993550416,1.33009599865143
"sieve_md",0.306,1.33415319072,1.33430480098663
"sieve_md",0.315,1.33838328,1.33852594228717
"sieve_md",0.324,1.34262542208,1.34275907613677
"sieve_md",0.333,1.34687926704,1.34700385611917
"sieve_md",0.342,1.35114446496,1.35125993581812
"sieve_md",0.351,1.35542066592,1.35552696881735
"sieve_md",0.36,1.35970752,1.3598046087006
"sieve_md",0.369,1.36400467728,1.3640925090516
"sieve_md",0.378,1.36831178784,1.3683903234541
"sieve_md",0.387,1.37262850176,1.37269770549183
"sieve_md",0.396,1.37695446912,1.37701430874853
"sieve_md",0.405,1.38128934,1.38133978680794
"sieve_md",0.414,1.38563276448,1.38567379325379
"sieve_md",0.423,1.38998439264,1.39001598166982
"sieve_md",0.432,1.39434387456,1.39436600563978
"sieve_md",0.441,1.39871086032,1.39872351874739
"sieve_md",0.45,1.403085,1.4030881745764
"sieve_md",0.459,1.40746594368,1.40745962671054
"sieve_md",0.468,1.41185334144,1.41183752873355
"sieve_md",0.477,1.41624684336,1.41622153422917
"sieve_md",0.486,1.42064609952,1.42061129678113
"sieve_md",0.495,1.42505076,1.42500646997319
"sieve_md",0.504,1.42946047488,1.42940670738906
"sieve_md",0.513,1.43387489424,1.43381166261249
"sieve_md",0.522,1.43829366816,1.43822098922722
"sieve_md",0.531,1.44271644672,1.44263434081698
"sieve_md",0.54,1.44714288,1.44705137096552
"sieve_md",0.549,1.45157261808,1.45147173325656
"sieve_md",0.558,1.45600531104,1.45589508127386
"sieve_md",0.567,1.46044060896,1.46032106860113
"sieve_md",0.576,1.46487816192,1.46474934882214
"sieve_md",0.585,1.46931762,1.4691795755206
"sieve_md",0.594,1.47375863328,1.47361140228026
"sieve_md",0.603,1.47820085184,1.47804448268486
"sieve_md",0.612,1.48264392576,1.48247847031814
"sieve_md",0.621,1.48708750512,1.48691301876382
"sieve_md",0.63,1.49153124,1.49134778160565
"sieve_md",0.639,1.49597478048,1.49578241242737
"sieve_md",0.648,1.50041777664,1.50021656481272
"sieve_md",0.657,1.50485987856,1.50464989234543
"sieve_md",0.666,1.50930073632,1.50908204860924
"sieve_md",0.675,1.51374,1.51351268718788
"sieve_md",0.684,1.51817731968,1.51794146166511
"sieve_md",0.693,1.52261234544,1.52236802562464
"sieve_md",0.702,1.52704472736,1.52679203265023
"sieve_md",0.711,1.53147411552,1.5312131363256
"sieve_md",0.72,1.53590016,1.53563099023451
"sieve_md",0.729,1.54032251088,1.54004524796067
"sieve_md",0.738,1.54474081824,1.54445556308784
"sieve_md",0.747,1.54915473216,1.54886158919975
"sieve_md",0.756,1.55356390272,1.55326297988013
"sieve_md",0.765,1.55796798,1.55765938871273
"sieve_md",0.774,1.56236661408,1.56205046928128
"sieve_md",0.783,1.56675945504,1.56643587516953
"sieve_md",0.792,1.57114615296,1.5708152599612
"sieve_md",0.801,1.57552635792,1.57518827724003
"sieve_md",0.81,1.57989972,1.57955458058977
"sieve_md",0.819,1.58426588928,1.58391382359415
"sieve_md",0.828,1.58862451584,1.58826565983691
"sieve_md",0.837,1.59297524976,1.59260974290179
"sieve_md",0.846,1.59731774112,1.59694572637252
"sieve_md",0.855,1.60165164,1.60127326383284
"sieve_md",0.864,1.60597659648,1.60559200886649
"sieve_md",0.873,1.61029226064,1.60990161505721
"sieve_md",0.882,1.61459828256,1.61420173598873
"sieve_md",0.891,1.61889431232,1.6184920252448
"sieve_md",0.9,1.62318,1.62277213640914
"landweber",-0.9,1.01982,1.01825302768606
"landweber",-0.891,1.01926998768,1.01777430555126
"landweber",-0.882,1.01877891744,1.01735309850628
"landweber",-0.873,1.01834643936,1.01698906867036
"landweber",-0.864,1.01797220352,1.01668187816273
"landweber",-0.855,1.01765586,1.01643118910263
"landweber",-0.846,1.01739705888,1.01623666360929
"landweber",-0.837,1.01719545024,1.01609796380196
"landweber",-0.828,1.01705068416,1.01601475179986
"landweber",-0.819,1.01696241072,1.01598668972223
"landweber",-0.81,1.01693028,1.01601343968831
"landweber",-0.801,1.01695394208,1.01609466381732
"landweber",-0.792,1.01703304704,1.01623002422852
"landweber",-0.783,1.01716724496,1.01641918304113
"landweber",-0.774,1.01735618592,1.01666180237439
"landweber",-0.765,1.01759952,1.01695754434753
"landweber",-0.756,1.01789689728,1.01730607107979
"landweber",-0.747,1.01824796784,1.01770704469041
"landweber",-0.738,1.01865238176,1.01816012729862
"landweber",-0.729,1.01910978912,1.01866498102365
"landweber",-0.72,1.01961984,1.01922126798474
"landweber",-0.711,1.02018218448,1.01982865030114
"landweber",-0.702,1.02079647264,1.02048679009206
"landweber",-0.693,1.02146235456,1.02119534947675
"landweber",-0.684,1.02217948032,1.02195399057444
"landweber",-0.675,1.0229475,1.02276237550438
"landweber",-0.666,1.02376606368,1.02362016638579
"landweber",-0.657,1.02463482144,1.0245270253379
"landweber",-0.648,1.02555342336,1.02548261447997
"landweber",-0.639,1.02652151952,1.02648659593121
"landweber",-0.63,1.02753876,1.02753863181087
"landweber",-0.621,1.02860479488,1.02863838423818
"landweber",-0.612,1.02971927424,1.02978551533238
"landweber",-0.603,1.03088184816,1.0309796872127
"landweber",-0.594,1.03209216672,1.03222056199838
"landweber",-0.585,1.03334988,1.03350780180865
"landweber",-0.576,1.03465463808,1.03484106876275
"landweber",-0.567,1.03600609104,1.03622002497992
"landweber",-0.558,1.03740388896,1.03764433257939
"landweber",-0.549,1.03884768192,1.03911365368039
"landweber",-0.54,1.04033712,1.04062765040217
"landweber",-0.531,1.04187185328,1.04218598486395
"landweber",-0.522,1.04345153184,1.04378831918497
"landweber",-0.513,1.04507580576,1.04543431548447
"landweber",-0.504,1.04674432512,1.04712363588168
"landweber",-0.495,1.04845674,1.04885594249585
"landweber",-0.486,1.05021270048,1.05063089744619
"landweber",-0.477,1.05201185664,1.05244816285196
"landweber",-0.468,1.05385385856,1.05430740083238
"landweber",-0.459,1.05573835632,1.05620827350669
"landweber",-0.45,1.057665,1.05815044299413
"landweber",-0.441,1.05963343968,1.06013357141393
"landweber",-0.432,1.06164332544,1.06215732088532
"landweber",-0.423,1.06369430736,1.06422135352755
"landweber",-0.414,1.06578603552,1.06632533145985
"landweber",-0.405,1.06791816,1.06846891680145
"landweber",-0.396,1.07009033088,1.07065177167159
"landweber",-0.387,1.07230219824,1.0728735581895
"landweber",-0.378,1.07455341216,1.07513393847442
"landweber",-0.369,1.07684362272,1.07743257464559
"landweber",-0.36,1.07917248,1.07976912882224
"landweber",-0.351,1.08153963408,1.08214326312361
"landweber",-0.342,1.08394473504,1.08455463966893
"landweber",-0.333,1.08638743296,1.08700292057743
"landweber",-0.324,1.08886737792,1.08948776796836
"landweber",-0.315,1.09138422,1.09200884396095
"landweber",-0.306,1.09393760928,1.09456581067443
"landweber",-0.297,1.09652719584,1.09715833022804
"landweber",-0.288,1.09915262976,1.09978606474101
"landweber",-0.279,1.10181356112,1.10244867633259
"landweber",-0.27,1.10450964,1.105145827122
"landweber",-0.261,1.10724051648,1.10787717922848
"landweber",-0.252,1.11000584064,1.11064239477127
"landweber",-0.243,1.11280526256,1.1134411358696
"landweber",-0.234,1.11563843232,1.11627306464271
"landweber",-0.225,1.118505,1.11913784320984
"landweber",-0.216,1.12140461568,1.12203513369021
"landweber",-0.207,1.12433692944,1.12496459820306
"landweber",-0.198,1.12730159136,1.12792589886764
"landweber",-0.189,1.13029825152,1.13091869780317
"landweber",-0.18,1.13332656,1.13394265712889
"landweber",-0.171,1.13638616688,1.13699743896404
"landweber",-0.162,1.13947672224,1.14008270542785
"landweber",-0.153,1.14259787616,1.14319811863956
"landweber",-0.144,1.14574927872,1.1463433407184
"landweber",-0.135,1.14893058,1.1495180337836
"landweber",-0.126,1.15214143008,1.15272185995441
"landweber",-0.117,1.15538147904,1.15595448135006
"landweber",-0.108,1.15865037696,1.15921556008979
"landweber",-0.099,1.16194777392,1.16250475829282
"landweber",-0.09,1.16527332,1.16582173807841
"landweber",-0.081,1.16862666528,1.16916616156577
"landweber",-0.072,1.17200745984,1.17253769087415
"landweber",-0.0629999999999999,1.17541535376,1.17593598812278
"landweber",-0.0539999999999999,1.17884999712,1.1793607154309
"landweber",-0.0449999999999999,1.18231104,1.18281153491774
"landweber",-0.0359999999999999,1.18579813248,1.18628810870254
"landweber",-0.0269999999999999,1.18931092464,1.18979009890453
"landweber",-0.0179999999999999,1.19284906656,1.19331716764295
"landweber",-0.0089999999999999,1.19641220832,1.19686897703704
"landweber",1.11022302462516e-16,1.2,1.20044518920603
"landweber",0.00900000000000012,1.20361209168,1.20404546626916
"landweber",0.0180000000000001,1.20724813344,1.20766947034565
"landweber",0.0270000000000001,1.21090777536,1.21131686355476
"landweber",0.0360000000000001,1.21459066752,1.2149873080157
"landweber",0.045,1.21829646,1.21868046584773
"landweber",0.054,1.22202480288,1.22239599917007
"landweber",0.0630000000000001,1.22577534624,1.22613357010195
"landweber",0.0720000000000001,1.22954774016,1.22989284076262
"landweber",0.0810000000000001,1.23334163472,1.23367347327131
"landweber",0.0900000000000001,1.23715668,1.23747512974726
"landweber",0.0990000000000001,1.24099252608,1.2412974723097
"landweber",0.108,1.24484882304,1.24514016307786
"landweber",0.117,1.24872522096,1.24900286417099
"landweber",0.126,1.25262136992,1.25288523770831
"landweber",0.135,1.25653692,1.25678694580907
"landweber",0.144,1.26047152128,1.26070765059249
"landweber",0.153,1.26442482384,1.26464701417782
"landweber",0.162,1.26839647776,1.26860469868429
"landweber",0.171,1.27238613312,1.27258036623113
"landweber",0.18,1.27639344,1.27657367893758
"landweber",0.189,1.28041804848,1.28058429892288
"landweber",0.198,1.28445960864,1.28461188830626
"landweber",0.207,1.28851777056,1.28865610920696
"landweber",0.216,1.29259218432,1.2927166237442
"landweber",0.225,1.2966825,1.29679309403724
"landweber",0.234,1.30078836768,1.3008851822053
"landweber",0.243,1.30490943744,1.30499255036762
"landweber",0.252,1.30904535936,1.30911486064343
"landweber",0.261,1.31319578352,1.31325177515197
"landweber",0.27,1.31736036,1.31740295601248
"landweber",0.279,1.32153873888,1.32156806534419
"landweber",0.288,1.32573057024,1.32574676526634
"landweber",0.297,1.32993550416,1.32993871789815
"landweber",0.306,1.33415319072,1.33414358535888
"landweber",0.315,1.33838328,1.33836102976774
"landweber",0.324,1.34262542208,1.34259071324399
"landweber",0.333,1.34687926704,1.34683229790684
"landweber",0.342,1.35114446496,1.35108544587555
"landweber",0.351,1.35542066592,1.35534981926934
"landweber",0.36,1.35970752,1.35962508020746
"landweber",0.369,1.36400467728,1.36391089080912
"landweber",0.378,1.36831178784,1.36820691319358
"landweber",0.387,1.37262850176,1.37251280948007
"landweber",0.396,1.37695446912,1.37682824178781
"landweber",0.405,1.38128934,1.38115287223606
"landweber",0.414,1.38563276448,1.38548636294404
"landweber",0.423,1.38998439264,1.38982837603098
"landweber",0.432,1.39434387456,1.39417857361613
"landweber",0.441,1.39871086032,1.39853661781872
"landweber",0.45,1.403085,1.40290217075799
"landweber",0.459,1.40746594368,1.40727489455316
"landweber",0.468,1.41185334144,1.41165445132349
"landweber",0.477,1.41624684336,1.41604050318819
"landweber",0.486,1.42064609952,1.42043271226651
"landweber",0.495,1.42505076,1.42483074067768
"landweber",0.504,1.42946047488,1.42923425054094
"landweber",0.513,1.43387489424,1.43364290397553
"landweber",0.522,1.43829366816,1.43805636310067
"landweber",0.531,1.44271644672,1.44247429003561
"landweber",0.54,1.44714288,1.44689634689957
"landweber",0.549,1.45157261808,1.45132219581181
"landweber",0.558,1.45600531104,1.45575149889154
"landweber",0.567,1.46044060896,1.46018391825801
"landweber",0.576,1.46487816192,1.46461911603045
"landweber",0.585,1.46931762,1.4690567543281
"landweber",0.594,1.47375863328,1.47349649527019
"landweber",0.603,1.47820085184,1.47793800097596
"landweber",0.612,1.48264392576,1.48238093356465
"landweber",0.621,1.48708750512,1.48682495515548
"landweber",0.63,1.49153124,1.4912697278677
"landweber",0.639,1.49597478048,1.49571491382054
"landweber",0.648,1.50041777664,1.50016017513323
"landweber",0.657,1.50485987856,1.50460517392502
"landweber",0.666,1.50930073632,1.50904957231513
"landweber",0.675,1.51374,1.5134930324228
"landweber",0.684,1.51817731968,1.51793521636728
"landweber",0.693,1.52261234544,1.52237578626778
"landweber",0.702,1.52704472736,1.52681440424356
"landweber",0.711,1.53147411552,1.53125073241383
"landweber",0.72,1.53590016,1.53568443289785
"landweber",0.729,1.54032251088,1.54011516781485
"landweber",0.738,1.54474081824,1.54454259928405
"landweber",0.747,1.54915473216,1.5489663894247
"landweber",0.756,1.55356390272,1.55338620035603
"landweber",0.765,1.55796798,1.55780169419728
"landweber",0.774,1.56236661408,1.56221253306768
"landweber",0.783,1.56675945504,1.56661837908647
"landweber",0.792,1.57114615296,1.57101889437289
"landweber",0.801,1.57552635792,1.57541374104616
"landweber",0.81,1.57989972,1.57980258122553
"landweber",0.819,1.58426588928,1.58418507703022
"landweber",0.828,1.58862451584,1.58856089057949
"landweber",0.837,1.59297524976,1.59292968399255
"landweber",0.846,1.59731774112,1.59729111938865
"landweber",0.855,1.60165164,1.60164485888703
"landweber",0.864,1.60597659648,1.60599056460691
"landweber",0.873,1.61029226064,1.61032789866753
"landweber",0.882,1.61459828256,1.61465652318813
"landweber",0.891,1.61889431232,1.61897610028795
"landweber",0.9,1.62318,1.62328629208621
"pmmr",-0.9,1.25196082230885,1.24881462953098
"pmmr",-0.891,1.26560908837011,1.26261707097531
"pmmr",-0.882,1.27924092021996,1.2764026125868
"pmmr",-0.873,1.29285316480258,1.29016796333912
"pmmr",-0.864,1.3064426616114,1.30390982533206
"pmmr",-0.855,1.32000624412609,1.31762489542337
"pmmr",-0.846,1.33354074124758,1.33130986685859
"pmmr",-0.837,1.34704297872963,1.34496143089752
"pmmr",-0.828,1.36050978060594,1.35857627843535
"pmmr",-0.819,1.37393797061125,1.37215110161716
"pmmr",-0.81,1.38732437359532,1.3856825954438
"pmmr",-0.801,1.40066581692857,1.399167459368
"pmmr",-0.792,1.41395913189803,1.41260239887868
"pmmr",-0.783,1.42720115509257,1.42598412707228
"pmmr",-0.774,1.44038872977612,1.43930936620937
"pmmr",-0.765,1.45351870724772,1.45257484925511
"pmmr",-0.756,1.4665879481875,1.46577732140215
"pmmr",-0.747,1.47959332398715,1.47891354157441
"pmmr",-0.738,1.49253171806417,1.49198028391049
"pmmr",-0.729,1.50540002715863,1.50497433922529
"pmmr",-0.72,1.51819516261169,1.51789251644844
"pmmr",-0.711,1.53091405162461,1.53073164403851
"pmmr",-0.702,1.5435536384977,1.54348857137143
"pmmr",-0.693,1.55611088584807,1.5561601701023
"pmmr",-0.684,1.56858277580542,1.56874333549915
"pmmr",-0.675,1.58096631118517,1.5812349877478
"pmmr",-0.666,1.59325851663802,1.59363207322663
"pmmr",-0.657,1.60545643977538,1.60593156575036
"pmmr",-0.648,1.61755715226988,1.61813046778198
"pmmr",-0.639,1.62955775093039,1.63022581161176
"pmmr",-0.63,1.6414553587511,1.64221466050282
"pmmr",-0.621,1.65324712593379,1.65409410980227
"pmmr",-0.612,1.66493023088327,1.66586128801735
"pmmr",-0.603,1.6765018811751,1.67751335785597
"pmmr",-0.594,1.68795931449552,1.68904751723096
"pmmr",-0.585,1.69929979955312,1.70046100022773
"pmmr",-0.576,1.71052063696194,1.71175107803467
"pmmr",-0.567,1.72161916009576,1.72291505983617
"pmmr",-0.558,1.73259273591347,1.73395029366768
"pmmr",-0.549,1.74343876575521,1.74485416723282
"pmmr",-0.54,1.75415468610929,1.75562410868223
"pmmr",-0.531,1.76473796934977,1.766257587354
"pmmr",-0.522,1.77518612444478,1.77675211447578
"pmmr",-0.513,1.7854966976354,1.78710524382848
"pmmr",-0.504,1.79566727308545,1.79731457237161
"pmmr",-0.495,1.80569547350212,1.8073777408305
"pmmr",-0.486,1.8155789607276,1.81729243424557
"pmmr",-0.477,1.82531543630209,1.8270563824838
"pmmr",-0.468,1.83490264199822,1.83666736071294
"pmmr",-0.459,1.84433836032734,1.84612318983865
"pmmr",-0.45,1.85362041501788,1.8554217369051
"pmmr",-0.441,1.86274667146632,1.8645609154595
"pmmr",-0.432,1.87171503716089,1.8735386858812
"pmmr",-0.423,1.88052346207882,1.88235305567576
"pmmr",-0.414,1.88916993905723,1.89100207973494
"pmmr",-0.405,1.8976525041385,1.89948386056306
"pmmr",-0.396,1.9059692368904,1.90779654847061
"pmmr",-0.387,1.91411826070176,1.91593834173591
"pmmr",-0.378,1.9220977430541,1.92390748673569
"pmmr",-0.369,1.92990589577002,1.93170227804539
"pmmr",-0.36,1.93754097523884,1.93932105851019
"pmmr",-0.351,1.94500128262031,1.94676221928773
"pmmr",-0.342,1.95228516402694,1.95402419986349
"pmmr",-0.333,1.95939101068583,1.96110548803995
"pmmr",-0.324,1.9663172590806,1.9680046199004
"pmmr",-0.315,1.97306239107426,1.97472017974881
"pmmr",-0.306,1.9796249340137,1.98125080002655
"pmmr",-0.297,1.98600346081669,1.98759516120732
"pmmr",-0.288,1.99219659004208,1.99375199167137
"pmmr",-0.279,1.99820298594402,1.99972006756023
"pmmr",-0.27,2.00402135851107,2.00549821261304
"pmmr",-0.261,2.00965046349093,2.01108529798582
"pmmr",-0.252,2.01508910240155,2.01648024205479
"pmmr",-0.243,2.02033612252966,2.02168201020503
"pmmr",-0.234,2.02539041691721,2.02668961460563
"pmmr",-0.225,2.0302509243368,2.03150211397256
"pmmr",-0.216,2.03491662925673,2.03611861332055
"pmmr",-0.207,2.03938656179657,2.04053826370509
"pmmr",-0.198,2.0436597976739,2.04476026195584
"pmmr",-0.189,2.04773545814315,2.04878385040251
"pmmr",-0.18,2.05161270992721,2.05260831659456
"pmmr",-0.171,2.05529076514255,2.05623299301575
"pmmr",-0.162,2.05876888121856,2.05965725679466
"pmmr",-0.153,2.06204636081195,2.06288052941245
"pmmr",-0.144,2.06512255171674,2.06590227640874
"pmmr",-0.135,2.06799684677056,2.06872200708687
"pmmr",-0.126,2.07066868375796,2.0713392742194
"pmmr",-0.117,2.07313754531129,2.07375367375501
"pmmr",-0.108,2.07540295880977,2.07596484452762
"pmmr",-0.099,2.07746449627729,2.07797246796879
"pmmr",-0.09,2.07932177427957,2.07977626782415
"pmmr",-0.081,2.08097445382104,2.08137600987488
"pmmr",-0.072,2.08242224024204,2.0827715016649
"pmmr",-0.0629999999999999,2.08366488311675,2.08396259223457
"pmmr",-0.0539999999999999,2.0847021761523,2.08494917186172
"pmmr",-0.0449999999999999,2.08553395708929,2.0857311718105
"pmmr",-0.0359999999999999,2.08616010760432,2.08630856408882
"pmmr",-0.0269999999999999,2.08658055321461,2.08668136121489
"pmmr",-0.0179999999999999,2.0867952631851,2.08684961599338
"pmmr",-0.0089999999999999,2.08680425043823,2.08681342130168
"pmmr",1.11022302462516e-16,2.08660757146667,2.08657290988664
"pmmr",0.00900000000000012,2.08620532624903,2.08612825417222
"pmmr",0.0180000000000001,2.08559765816879,2.08547966607824
"pmmr",0.0270000000000001,2.08478475393652,2.08462739685061
"pmmr",0.0360000000000001,2.0837668435154,2.08357173690311
"pmmr",0.045,2.08254420005007,2.08231301567099
"pmmr",0.054,2.0811171397988,2.08085160147628
"pmmr",0.0630000000000001,2.0794860220689,2.07918790140501
"pmmr",0.0720000000000001,2.07765124915527,2.07732236119629
"pmmr",0.0810000000000001,2.07561326628195,2.07525546514296
"pmmr",0.0900000000000001,2.07337256154652,2.072987736004
"pmmr",0.0990000000000001,2.07092966586708,2.07051973492815
"pmmr",0.108,2.06828515293165,2.06785206138874
"pmmr",0.117,2.06543963914957,2.06498535312935
"pmmr",0.126,2.06239378360478,2.06192028611983
"pmmr",0.135,2.05914828801042,2.05865757452245
"pmmr",0.144,2.05570389666453,2.05519797066755
"pmmr",0.153,2.05206139640633,2.05154226503832
"pmmr",0.162,2.04822161657271,2.04769128626403
"pmmr",0.171,2.0441854289544,2.04364590112117
"pmmr",0.18,2.03995374775132,2.03940701454186
"pmmr",0.189,2.0355275295267,2.03497556962875
"pmmr",0.198,2.03090777315915,2.03035254767579
"pmmr",0.207,2.02609551979244,2.02553896819401
"pmmr",0.216,2.02109185278212,2.02053588894156
"pmmr",0.225,2.01589789763847,2.01534440595706
"pmmr",0.234,2.01051482196515,2.00996565359552
"pmmr",0.243,2.00494383539284,2.00440080456583
"pmmr",0.252,1.99918618950728,1.99865106996891
"pmmr",0.261,1.99324317777089,1.9927176993355
"pmmr",0.27,1.98711613543739,1.9866019806627
"pmmr",0.279,1.98080643945866,1.98030524044821
"pmmr",0.288,1.97431550838311,1.97382884372118
"pmmr",0.297,1.96764480224483,1.96717419406874
"pmmr",0.306,1.96079582244287,1.96034273365703
"pmmr",0.315,1.95377011160974,1.95333594324584
"pmmr",0.324,1.94656925346855,1.94615534219554
"pmmr",0.333,1.93919487267805,1.93880248846546
"pmmr",0.342,1.93164863466469,1.93127897860253
"pmmr",0.351,1.9239322454411,1.92358644771904
"pmmr",0.36,1.91604745141029,1.9157265694586
"pmmr",0.369,1.9079960391547,1.9077010559491
"pmmr",0.378,1.89977983520952,1.89951165774164
"pmmr",0.387,1.89140070581963,1.89116016373444
"pmmr",0.396,1.88286055667929,1.88264840108058
"pmmr",0.405,1.87416133265409,1.87397823507869
"pmmr",0.414,1.86530501748446,1.86515156904545
"pmmr",0.423,1.85629363347012,1.85617034416905
"pmmr",0.432,1.84712924113477,1.84703653934255
"pmmr",0.441,1.83781393887062,1.83775217097631
"pmmr",0.45,1.82834986256203,1.8283192927885
"pmmr",0.459,1.81873918518784,1.81873999557289
"pmmr",0.468,1.80898411640175,1.80901640694307
"pmmr",0.477,1.79908690209052,1.79915069105235
"pmmr",0.486,1.7890498239092,1.78914504828841
"pmmr",0.495,1.77887519879329,1.77900171494229
"pmmr",0.504,1.7685653784473,1.76872296285073
"pmmr",0.513,1.75812274880932,1.75831109901139
"pmmr",0.522,1.74754972949142,1.74776846517046
"pmmr",0.531,1.73684877319549,1.73709743738182
"pmmr",0.54,1.72602236510439,1.72630042553761
"pmmr",0.549,1.71507302224808,1.71537987286955
"pmmr",0.558,1.70400329284469,1.70433825542064
"pmmr",0.567,1.69281575561636,1.69317808148708
"pmmr",0.576,1.68151301907979,1.68190189102984
"pmmr",0.585,1.67009772081144,1.67051225505596
"pmmr",0.594,1.65857252668742,1.65901177496922
"pmmr",0.603,1.6469401300981,1.64740308189008
"pmmr",0.612,1.63520325113753,1.63568883594492
"pmmr",0.621,1.62336463576787,1.62387172552455
"pmmr",0.63,1.61142705495891,1.61195446651198
"pmmr",0.639,1.59939330380297,1.59993980147968
"pmmr",0.648,1.58726620060543,1.58783049885643
"pmmr",0.657,1.57504858595128,1.57562935206399
"pmmr",0.666,1.56274332174789,1.56333917862395
"pmmr",0.675,1.55035329024455,1.55096281923509
"pmmr",0.684,1.53788139302913,1.53850313682153
"pmmr",0.693,1.52533055000246,1.5259630155524
"pmmr",0.702,1.51270369833077,1.51334535983324
"pmmr",0.711,1.500003791377,1.50065309326998
"pmmr",0.72,1.48723379761139,1.48788915760595
"pmmr",0.729,1.47439669950213,1.47505651163271
"pmmr",0.738,1.46149549238671,1.46215813007531
"pmmr",0.747,1.4485331833247,1.449197002453
"pmmr",0.756,1.43551278993275,1.43617613191594
"pmmr",0.765,1.42243733920265,1.42309853405903
"pmmr",0.774,1.40930986630319,1.40996723571369
"pmmr",0.783,1.39613341336683,1.3967852737186
"pmmr",0.792,1.38291102826195,1.38355569367035
"pmmr",0.801,1.36964576335173,1.37028154865526
"pmmr",0.81,1.35634067424065,1.35696589796323
"pmmr",0.819,1.34299881850946,1.34361180578495
"pmmr",0.828,1.32962325443979,1.33022233989361
"pmmr",0.837,1.31621703972947,1.31680057031223
"pmmr",0.846,1.3027832301995,1.30334956796804
"pmmr",0.855,1.28932487849388,1.289872403335
"pmmr",0.864,1.27584503277343,1.27637214506597
"pmmr",0.873,1.2623467354047,1.26285185861561
"pmmr",0.882,1.24883302164507,1.24931460485564
"pmmr",0.891,1.23530691832545,1.23576343868364
"pmmr",0.9,1.22177144253139,1.22220140762688
