"kind","method","cell","truth","estimate"
"bridge","sieve_md",1,2,1.99164069178457
"bridge","sieve_md",2,2.5,2.5222315527771
"bridge","sieve_md",3,3,2.98387971962656
"bridge","sieve_md",4,1.5,1.49786267788053
"adjoint","sieve_md",1,-0.5,-0.499999979267637
"adjoint","sieve_md",2,0.25,0.249999991011873
"adjoint","sieve_md",3,1.5,1.49999991718919
"adjoint","sieve_md",4,-1,-0.999999970339796
"bridge","landweber",1,2,1.9916406533915
"bridge","landweber",2,2.5,2.52223161411223
"bridge","landweber",3,3,2.98387997723908
"bridge","landweber",4,1.5,1.49786261237209
"adjoint","landweber",1,-0.5,-0.499999999897712
"adjoint","landweber",2,0.25,0.250000001416417
"adjoint","landweber",3,1.5,1.50000000008103
"adjoint","landweber",4,-1,-0.999999999389745
"bridge","pmmr",1,2,1.99165191572061
"bridge","pmmr",2,2.5,2.52221592536884
"bridge","pmmr",3,3,2.98386131546229
"bridge","pmmr",4,1.5,1.49787318882027
"adjoint","pmmr",1,-0.5,-0.49999449427896
"adjoint","pmmr",2,0.25,0.249993414826633
"adjoint","pmmr",3,1.5,1.49999087892091
"adjoint","pmmr",4,-1,-0.999995964397497
