scale,loss,grid_round,selected,failed,failure,scored_rows,paired_rows,informative,kind,horizon,fold,learner_fold,candidate
1e-10,0.00604857255677345,0,FALSE,FALSE,"",1777,1777,TRUE,beta,1,1,1,sieve_md
1.77827941003892e-10,0.00604856144421435,0,FALSE,FALSE,"",1777,1777,TRUE,beta,1,1,1,sieve_md
3.16227766016838e-10,0.00604854168305547,0,FALSE,FALSE,"",1777,1777,TRUE,beta,1,1,1,sieve_md
5.62341325190349e-10,0.00604850654243441,0,FALSE,FALSE,"",1777,1777,TRUE,beta,1,1,1,sieve_md
1e-09,0.00604844405335368,0,FALSE,FALSE,"",1777,1777,TRUE,beta,1,1,1,sieve_md
1.77827941003892e-09,0.00604833293271793,0,FALSE,FALSE,"",1777,1777,TRUE,beta,1,1,1,sieve_md
3.16227766016838e-09,0.00604813533679983,0,FALSE,FALSE,"",1777,1777,TRUE,beta,1,1,1,sieve_md
5.62341325190349e-09,0.00604778398014239,0,FALSE,FALSE,"",1777,1777,TRUE,beta,1,1,1,sieve_md
1e-08,0.00604715924601387,0,FALSE,FALSE,"",1777,1777,TRUE,beta,1,1,1,sieve_md
1.77827941003892e-08,0.00604604853499834,0,FALSE,FALSE,"",1777,1777,TRUE,beta,1,1,1,sieve_md
3.16227766016838e-08,0.00604407414154529,0,FALSE,FALSE,"",1777,1777,TRUE,beta,1,1,1,sieve_md
5.62341325190349e-08,0.0060405655224186,0,FALSE,FALSE,"",1777,1777,TRUE,beta,1,1,1,sieve_md
1e-07,0.0060343338049088,0,FALSE,FALSE,"",1777,1777,TRUE,beta,1,1,1,sieve_md
1.77827941003892e-07,0.00602327598145785,0,FALSE,FALSE,"",1777,1777,TRUE,beta,1,1,1,sieve_md
3.16227766016838e-07,0.00600368723513882,0,FALSE,FALSE,"",1777,1777,TRUE,beta,1,1,1,sieve_md
5.62341325190349e-07,0.00596908807181606,0,FALSE,FALSE,"",1777,1777,TRUE,beta,1,1,1,sieve_md
1e-06,0.00590829055561345,0,FALSE,FALSE,"",1777,1777,TRUE,beta,1,1,1,sieve_md
1.77827941003892e-06,0.00580240724157288,0,FALSE,FALSE,"",1777,1777,TRUE,beta,1,1,1,sieve_md
3.16227766016838e-06,0.00562078421325257,0,FALSE,FALSE,"",1777,1777,TRUE,beta,1,1,1,sieve_md
5.62341325190349e-06,0.00531785638167575,0,FALSE,FALSE,"",1777,1777,TRUE,beta,1,1,1,sieve_md
1e-05,0.00482953144050145,0,FALSE,FALSE,"",1777,1777,TRUE,beta,1,1,1,sieve_md
1.77827941003892e-05,0.00409000445246509,0,FALSE,FALSE,"",1777,1777,TRUE,beta,1,1,1,sieve_md
3.16227766016838e-05,0.00306178055538112,0,FALSE,FALSE,"",1777,1777,TRUE,beta,1,1,1,sieve_md
5.62341325190349e-05,0.00178927643392033,0,FALSE,FALSE,"",1777,1777,TRUE,beta,1,1,1,sieve_md
1e-04,0.000439091088016803,0,FALSE,FALSE,"",1777,1777,TRUE,beta,1,1,1,sieve_md
0.000177827941003892,-0.000743472945669078,0,FALSE,FALSE,"",1777,1777,TRUE,beta,1,1,1,sieve_md
0.000316227766016838,-0.00158291141417227,0,FALSE,FALSE,"",1777,1777,TRUE,beta,1,1,1,sieve_md
0.000562341325190349,-0.00208198346373511,0,FALSE,FALSE,"",1777,1777,TRUE,beta,1,1,1,sieve_md
0.001,-0.00235223166942052,0,FALSE,FALSE,"",1777,1777,TRUE,beta,1,1,1,sieve_md
0.00177827941003892,-0.00250876122737087,0,FALSE,FALSE,"",1777,1777,TRUE,beta,1,1,1,sieve_md
0.00316227766016838,-0.00262116364417721,0,FALSE,FALSE,"",1777,1777,TRUE,beta,1,1,1,sieve_md
0.00562341325190349,-0.00270782252813854,0,FALSE,FALSE,"",1777,1777,TRUE,beta,1,1,1,sieve_md
0.01,-0.00272562196117289,0,TRUE,FALSE,"",1777,1777,TRUE,beta,1,1,1,sieve_md
0.0177827941003892,-0.00253405419619856,0,FALSE,FALSE,"",1777,1777,TRUE,beta,1,1,1,sieve_md
0.0316227766016838,-0.00189151154089975,0,FALSE,FALSE,"",1777,1777,TRUE,beta,1,1,1,sieve_md
0.0562341325190349,-0.000569175432536697,0,FALSE,FALSE,"",1777,1777,TRUE,beta,1,1,1,sieve_md
0.1,0.00140600909994301,0,FALSE,FALSE,"",1777,1777,TRUE,beta,1,1,1,sieve_md
0.177827941003892,0.00363498351273251,0,FALSE,FALSE,"",1777,1777,TRUE,beta,1,1,1,sieve_md
0.316227766016838,0.00561176038706886,0,FALSE,FALSE,"",1777,1777,TRUE,beta,1,1,1,sieve_md
0.562341325190349,0.00707472860425656,0,FALSE,FALSE,"",1777,1777,TRUE,beta,1,1,1,sieve_md
1,0.00803883085044576,0,FALSE,FALSE,"",1777,1777,TRUE,beta,1,1,1,sieve_md
1e-10,0.0140385676397864,0,FALSE,FALSE,"",1777,1777,TRUE,beta,1,1,2,sieve_md
1.77827941003892e-10,0.0140385541559123,0,FALSE,FALSE,"",1777,1777,TRUE,beta,1,1,2,sieve_md
3.16227766016838e-10,0.014038530177903,0,FALSE,FALSE,"",1777,1777,TRUE,beta,1,1,2,sieve_md
5.62341325190349e-10,0.0140384875385768,0,FALSE,FALSE,"",1777,1777,TRUE,beta,1,1,2,sieve_md
1e-09,0.0140384117148083,0,FALSE,FALSE,"",1777,1777,TRUE,beta,1,1,2,sieve_md
1.77827941003892e-09,0.0140382768817039,0,FALSE,FALSE,"",1777,1777,TRUE,beta,1,1,2,sieve_md
3.16227766016838e-09,0.0140380371194413,0,FALSE,FALSE,"",1777,1777,TRUE,beta,1,1,2,sieve_md
5.62341325190349e-09,0.0140376107825636,0,FALSE,FALSE,"",1777,1777,TRUE,beta,1,1,2,sieve_md
1e-08,0.0140368527231578,0,FALSE,FALSE,"",1777,1777,TRUE,beta,1,1,2,sieve_md
1.77827941003892e-08,0.0140355049557667,0,FALSE,FALSE,"",1777,1777,TRUE,beta,1,1,2,sieve_md
3.16227766016838e-08,0.0140331091149008,0,FALSE,FALSE,"",1777,1777,TRUE,beta,1,1,2,sieve_md
5.62341325190349e-08,0.0140288513767875,0,FALSE,FALSE,"",1777,1777,TRUE,beta,1,1,2,sieve_md
1e-07,0.0140212885673834,0,FALSE,FALSE,"",1777,1777,TRUE,beta,1,1,2,sieve_md
1.77827941003892e-07,0.0140078670153911,0,FALSE,FALSE,"",1777,1777,TRUE,beta,1,1,2,sieve_md
3.16227766016838e-07,0.0139840854195465,0,FALSE,FALSE,"",1777,1777,TRUE,beta,1,1,2,sieve_md
5.62341325190349e-07,0.0139420634944155,0,FALSE,FALSE,"",1777,1777,TRUE,beta,1,1,2,sieve_md
1e-06,0.013868183910288,0,FALSE,FALSE,"",1777,1777,TRUE,beta,1,1,2,sieve_md
1.77827941003892e-06,0.0137393167335551,0,FALSE,FALSE,"",1777,1777,TRUE,beta,1,1,2,sieve_md
3.16227766016838e-06,0.0135204807298206,0,FALSE,FALSE,"",1777,1777,TRUE,beta,1,1,2,sieve_md
5.62341325190349e-06,0.0131491029257736,0,FALSE,FALSE,"",1777,1777,TRUE,beta,1,1,2,sieve_md
1e-05,0.0125501811020396,0,FALSE,FALSE,"",1777,1777,TRUE,beta,1,1,2,sieve_md
1.77827941003892e-05,0.0116404716215704,0,FALSE,FALSE,"",1777,1777,TRUE,beta,1,1,2,sieve_md
3.16227766016838e-05,0.0103727671937144,0,FALSE,FALSE,"",1777,1777,TRUE,beta,1,1,2,sieve_md
5.62341325190349e-05,0.00880033437758799,0,FALSE,FALSE,"",1777,1777,TRUE,beta,1,1,2,sieve_md
1e-04,0.00712060431529751,0,FALSE,FALSE,"",1777,1777,TRUE,beta,1,1,2,sieve_md
0.000177827941003892,0.00562581514230202,0,FALSE,FALSE,"",1777,1777,TRUE,beta,1,1,2,sieve_md
0.000316227766016838,0.00454457028386292,0,FALSE,FALSE,"",1777,1777,TRUE,beta,1,1,2,sieve_md
0.000562341325190349,0.00389402462151905,0,FALSE,FALSE,"",1777,1777,TRUE,beta,1,1,2,sieve_md
0.001,0.00353527217941802,0,FALSE,FALSE,"",1777,1777,TRUE,beta,1,1,2,sieve_md
0.00177827941003892,0.00329689502875768,0,FALSE,FALSE,"",1777,1777,TRUE,beta,1,1,2,sieve_md
0.00316227766016838,0.00306482140740599,0,FALSE,FALSE,"",1777,1777,TRUE,beta,1,1,2,sieve_md
0.00562341325190349,0.00277415806093901,0,FALSE,FALSE,"",1777,1777,TRUE,beta,1,1,2,sieve_md
0.01,0.00241862795444264,0,FALSE,FALSE,"",1777,1777,TRUE,beta,1,1,2,sieve_md
0.0177827941003892,0.00210882345709072,0,TRUE,FALSE,"",1777,1777,TRUE,beta,1,1,2,sieve_md
0.0316227766016838,0.002131195427425,0,FALSE,FALSE,"",1777,1777,TRUE,beta,1,1,2,sieve_md
0.0562341325190349,0.00292896330456977,0,FALSE,FALSE,"",1777,1777,TRUE,beta,1,1,2,sieve_md
0.1,0.00484545895217713,0,FALSE,FALSE,"",1777,1777,TRUE,beta,1,1,2,sieve_md
0.177827941003892,0.00771175130659698,0,FALSE,FALSE,"",1777,1777,TRUE,beta,1,1,2,sieve_md
0.316227766016838,0.0108142865072165,0,FALSE,FALSE,"",1777,1777,TRUE,beta,1,1,2,sieve_md
0.562341325190349,0.0134608998327111,0,FALSE,FALSE,"",1777,1777,TRUE,beta,1,1,2,sieve_md
1,0.0153869083906515,0,FALSE,FALSE,"",1777,1777,TRUE,beta,1,1,2,sieve_md
1e-10,-0.00412676897610185,0,FALSE,FALSE,"",1778,1778,TRUE,beta,1,1,3,sieve_md
1.77827941003892e-10,-0.00412677488317835,0,FALSE,FALSE,"",1778,1778,TRUE,beta,1,1,3,sieve_md
3.16227766016838e-10,-0.00412678538754414,0,FALSE,FALSE,"",1778,1778,TRUE,beta,1,1,3,sieve_md
5.62341325190349e-10,-0.00412680406703046,0,FALSE,FALSE,"",1778,1778,TRUE,beta,1,1,3,sieve_md
1e-09,-0.00412683728370879,0,FALSE,FALSE,"",1778,1778,TRUE,beta,1,1,3,sieve_md
1.77827941003892e-09,-0.00412689635013306,0,FALSE,FALSE,"",1778,1778,TRUE,beta,1,1,3,sieve_md
3.16227766016838e-09,-0.00412700138006431,0,FALSE,FALSE,"",1778,1778,TRUE,beta,1,1,3,sieve_md
5.62341325190349e-09,-0.00412718813152387,0,FALSE,FALSE,"",1778,1778,TRUE,beta,1,1,3,sieve_md
1e-08,-0.00412752016107766,0,FALSE,FALSE,"",1778,1778,TRUE,beta,1,1,3,sieve_md
1.77827941003892e-08,-0.00412811039150061,0,FALSE,FALSE,"",1778,1778,TRUE,beta,1,1,3,sieve_md
3.16227766016838e-08,-0.00412915931973688,0,FALSE,FALSE,"",1778,1778,TRUE,beta,1,1,3,sieve_md
5.62341325190349e-08,-0.00413102250299934,0,FALSE,FALSE,"",1778,1778,TRUE,beta,1,1,3,sieve_md
1e-07,-0.0041343291262848,0,FALSE,FALSE,"",1778,1778,TRUE,beta,1,1,3,sieve_md
1.77827941003892e-07,-0.00414018833289919,0,FALSE,FALSE,"",1778,1778,TRUE,beta,1,1,3,sieve_md
3.16227766016838e-07,-0.00415054209745097,0,FALSE,FALSE,"",1778,1778,TRUE,beta,1,1,3,sieve_md
5.62341325190349e-07,-0.00416874964628581,0,FALSE,FALSE,"",1778,1778,TRUE,beta,1,1,3,sieve_md
1e-06,-0.00420035866719785,0,FALSE,FALSE,"",1778,1778,TRUE,beta,1,1,3,sieve_md
1.77827941003892e-06,-0.0042550005656942,0,FALSE,FALSE,"",1778,1778,TRUE,beta,1,1,3,sieve_md
3.16227766016838e-06,-0.00434660248089049,0,FALSE,FALSE,"",1778,1778,TRUE,beta,1,1,3,sieve_md
5.62341325190349e-06,-0.00449380994558348,0,FALSE,FALSE,"",1778,1778,TRUE,beta,1,1,3,sieve_md
1e-05,-0.00471523895616667,0,FALSE,FALSE,"",1778,1778,TRUE,beta,1,1,3,sieve_md
1.77827941003892e-05,-0.00501701286484609,0,FALSE,FALSE,"",1778,1778,TRUE,beta,1,1,3,sieve_md
3.16227766016838e-05,-0.00537383089624853,0,FALSE,FALSE,"",1778,1778,TRUE,beta,1,1,3,sieve_md
5.62341325190349e-05,-0.00571973672120831,0,FALSE,FALSE,"",1778,1778,TRUE,beta,1,1,3,sieve_md
1e-04,-0.00597037103503796,0,FALSE,FALSE,"",1778,1778,TRUE,beta,1,1,3,sieve_md
0.000177827941003892,-0.006075835768639,0,TRUE,FALSE,"",1778,1778,TRUE,beta,1,1,3,sieve_md
0.000316227766016838,-0.0060578635387702,0,FALSE,FALSE,"",1778,1778,TRUE,beta,1,1,3,sieve_md
0.000562341325190349,-0.00597212431459296,0,FALSE,FALSE,"",1778,1778,TRUE,beta,1,1,3,sieve_md
0.001,-0.00586442925165884,0,FALSE,FALSE,"",1778,1778,TRUE,beta,1,1,3,sieve_md
0.00177827941003892,-0.00574462281714652,0,FALSE,FALSE,"",1778,1778,TRUE,beta,1,1,3,sieve_md
0.00316227766016838,-0.00558793036086536,0,FALSE,FALSE,"",1778,1778,TRUE,beta,1,1,3,sieve_md
0.00562341325190349,-0.00533368695622525,0,FALSE,FALSE,"",1778,1778,TRUE,beta,1,1,3,sieve_md
0.01,-0.00486213609992777,0,FALSE,FALSE,"",1778,1778,TRUE,beta,1,1,3,sieve_md
0.0177827941003892,-0.00396179993320439,0,FALSE,FALSE,"",1778,1778,TRUE,beta,1,1,3,sieve_md
0.0316227766016838,-0.00233569397653513,0,FALSE,FALSE,"",1778,1778,TRUE,beta,1,1,3,sieve_md
0.0562341325190349,0.00028756761438999,0,FALSE,FALSE,"",1778,1778,TRUE,beta,1,1,3,sieve_md
0.1,0.00388030932116406,0,FALSE,FALSE,"",1778,1778,TRUE,beta,1,1,3,sieve_md
0.177827941003892,0.00790805149590227,0,FALSE,FALSE,"",1778,1778,TRUE,beta,1,1,3,sieve_md
0.316227766016838,0.0115643057567593,0,FALSE,FALSE,"",1778,1778,TRUE,beta,1,1,3,sieve_md
0.562341325190349,0.0143317804651192,0,FALSE,FALSE,"",1778,1778,TRUE,beta,1,1,3,sieve_md
1,0.0161778245537328,0,FALSE,FALSE,"",1778,1778,TRUE,beta,1,1,3,sieve_md
1e-10,0.00294757519567156,0,FALSE,FALSE,"",2666,2666,TRUE,beta,1,1,0,sieve_md
1.77827941003892e-10,0.00294756798794277,0,FALSE,FALSE,"",2666,2666,TRUE,beta,1,1,0,sieve_md
3.16227766016838e-10,0.00294755517063274,0,FALSE,FALSE,"",2666,2666,TRUE,beta,1,1,0,sieve_md
5.62341325190349e-10,0.00294753237801895,0,FALSE,FALSE,"",2666,2666,TRUE,beta,1,1,0,sieve_md
1e-09,0.00294749184684087,0,FALSE,FALSE,"",2666,2666,TRUE,beta,1,1,0,sieve_md
1.77827941003892e-09,0.00294741977252895,0,FALSE,FALSE,"",2666,2666,TRUE,beta,1,1,0,sieve_md
3.16227766016838e-09,0.00294729160884114,0,FALSE,FALSE,"",2666,2666,TRUE,beta,1,1,0,sieve_md
5.62341325190349e-09,0.00294706371246678,0,FALSE,FALSE,"",2666,2666,TRUE,beta,1,1,0,sieve_md
1e-08,0.00294665849479663,0,FALSE,FALSE,"",2666,2666,TRUE,beta,1,1,0,sieve_md
1.77827941003892e-08,0.00294593804922334,0,FALSE,FALSE,"",2666,2666,TRUE,beta,1,1,0,sieve_md
3.16227766016838e-08,0.00294465735294571,0,FALSE,FALSE,"",2666,2666,TRUE,beta,1,1,0,sieve_md
5.62341325190349e-08,0.00294238136182898,0,FALSE,FALSE,"",2666,2666,TRUE,beta,1,1,0,sieve_md
1e-07,0.00293833857521779,0,FALSE,FALSE,"",2666,2666,TRUE,beta,1,1,0,sieve_md
1.77827941003892e-07,0.00293116375647178,0,FALSE,FALSE,"",2666,2666,TRUE,beta,1,1,0,sieve_md
3.16227766016838e-07,0.00291845019470783,0,FALSE,FALSE,"",2666,2666,TRUE,beta,1,1,0,sieve_md
5.62341325190349e-07,0.00289677535208509,0,FALSE,FALSE,"",2666,2666,TRUE,beta,1,1,0,sieve_md
1e-06,0.00285730504926714,0,FALSE,FALSE,"",2666,2666,TRUE,beta,1,1,0,sieve_md
1.77827941003892e-06,0.00278846849337652,0,FALSE,FALSE,"",2666,2666,TRUE,beta,1,1,0,sieve_md
3.16227766016838e-06,0.00267014397596727,0,FALSE,FALSE,"",2666,2666,TRUE,beta,1,1,0,sieve_md
5.62341325190349e-06,0.00247167618273159,0,FALSE,FALSE,"",2666,2666,TRUE,beta,1,1,0,sieve_md
1e-05,0.00215186947598849,0,FALSE,FALSE,"",2666,2666,TRUE,beta,1,1,0,sieve_md
1.77827941003892e-05,0.001667816930424,0,FALSE,FALSE,"",2666,2666,TRUE,beta,1,1,0,sieve_md
3.16227766016838e-05,0.000999394613834501,0,FALSE,FALSE,"",2666,2666,TRUE,beta,1,1,0,sieve_md
5.62341325190349e-05,0.000184489176060411,0,FALSE,FALSE,"",2666,2666,TRUE,beta,1,1,0,sieve_md
1e-04,-0.000666172423903563,0,FALSE,FALSE,"",2666,2666,TRUE,beta,1,1,0,sieve_md
0.000177827941003892,-0.00141220140209464,0,FALSE,FALSE,"",2666,2666,TRUE,beta,1,1,0,sieve_md
0.000316227766016838,-0.00196509646689731,0,FALSE,FALSE,"",2666,2666,TRUE,beta,1,1,0,sieve_md
0.000562341325190349,-0.00232591832814823,0,FALSE,FALSE,"",2666,2666,TRUE,beta,1,1,0,sieve_md
0.001,-0.00254963793945803,0,FALSE,FALSE,"",2666,2666,TRUE,beta,1,1,0,sieve_md
0.00177827941003892,-0.00269417450185595,0,FALSE,FALSE,"",2666,2666,TRUE,beta,1,1,0,sieve_md
0.00316227766016838,-0.00279989178441758,0,FALSE,FALSE,"",2666,2666,TRUE,beta,1,1,0,sieve_md
0.00562341325190349,-0.00286927443518173,0,TRUE,FALSE,"",2666,2666,TRUE,beta,1,1,0,sieve_md
0.01,-0.00285236945049337,0,FALSE,FALSE,"",2666,2666,TRUE,beta,1,1,0,sieve_md
0.0177827941003892,-0.00259109290909523,0,FALSE,FALSE,"",2666,2666,TRUE,beta,1,1,0,sieve_md
0.0316227766016838,-0.00178530435966585,0,FALSE,FALSE,"",2666,2666,TRUE,beta,1,1,0,sieve_md
0.0562341325190349,-8.17948054516506e-05,0,FALSE,FALSE,"",2666,2666,TRUE,beta,1,1,0,sieve_md
0.1,0.00262021006405491,0,FALSE,FALSE,"",2666,2666,TRUE,beta,1,1,0,sieve_md
0.177827941003892,0.00589112301903056,0,FALSE,FALSE,"",2666,2666,TRUE,beta,1,1,0,sieve_md
0.316227766016838,0.00898124446248552,0,FALSE,FALSE,"",2666,2666,TRUE,beta,1,1,0,sieve_md
0.562341325190349,0.0113845770896343,0,FALSE,FALSE,"",2666,2666,TRUE,beta,1,1,0,sieve_md
1,0.0130248824113654,0,FALSE,FALSE,"",2666,2666,TRUE,beta,1,1,0,sieve_md
1e-10,0.00623472369126705,0,FALSE,FALSE,"",789,789,TRUE,adjoint,1,1,1,sieve_md
1.77827941003892e-10,0.00623472368344198,0,FALSE,FALSE,"",789,789,TRUE,adjoint,1,1,1,sieve_md
3.16227766016838e-10,0.00623472366952693,0,FALSE,FALSE,"",789,789,TRUE,adjoint,1,1,1,sieve_md
5.62341325190349e-10,0.00623472364478204,0,FALSE,FALSE,"",789,789,TRUE,adjoint,1,1,1,sieve_md
1e-09,0.00623472360077896,0,FALSE,FALSE,"",789,789,TRUE,adjoint,1,1,1,sieve_md
1.77827941003892e-09,0.00623472352252973,0,FALSE,FALSE,"",789,789,TRUE,adjoint,1,1,1,sieve_md
3.16227766016838e-09,0.00623472338338253,0,FALSE,FALSE,"",789,789,TRUE,adjoint,1,1,1,sieve_md
5.62341325190349e-09,0.00623472313594559,0,FALSE,FALSE,"",789,789,TRUE,adjoint,1,1,1,sieve_md
1e-08,0.00623472269595147,0,FALSE,FALSE,"",789,789,TRUE,adjoint,1,1,1,sieve_md
1.77827941003892e-08,0.00623472191357543,0,FALSE,FALSE,"",789,789,TRUE,adjoint,1,1,1,sieve_md
3.16227766016838e-08,0.00623472052247082,0,FALSE,FALSE,"",789,789,TRUE,adjoint,1,1,1,sieve_md
5.62341325190349e-08,0.00623471804926293,0,FALSE,FALSE,"",789,789,TRUE,adjoint,1,1,1,sieve_md
1e-07,0.00623471365299432,0,FALSE,FALSE,"",789,789,TRUE,adjoint,1,1,1,sieve_md
1.77827941003892e-07,0.00623470584084798,0,FALSE,FALSE,"",789,789,TRUE,adjoint,1,1,1,sieve_md
3.16227766016838e-07,0.00623469196652845,0,FALSE,FALSE,"",789,789,TRUE,adjoint,1,1,1,sieve_md
5.62341325190349e-07,0.00623466735058509,0,FALSE,FALSE,"",789,789,TRUE,adjoint,1,1,1,sieve_md
1e-06,0.00623462375513003,0,FALSE,FALSE,"",789,789,TRUE,adjoint,1,1,1,sieve_md
1.77827941003892e-06,0.00623454679483522,0,FALSE,FALSE,"",789,789,TRUE,adjoint,1,1,1,sieve_md
3.16227766016838e-06,0.00623441172290039,0,FALSE,FALSE,"",789,789,TRUE,adjoint,1,1,1,sieve_md
5.62341325190349e-06,0.00623417716922054,0,FALSE,FALSE,"",789,789,TRUE,adjoint,1,1,1,sieve_md
1e-05,0.00623377789397202,0,FALSE,FALSE,"",789,789,TRUE,adjoint,1,1,1,sieve_md
1.77827941003892e-05,0.00623312416146966,0,FALSE,FALSE,"",789,789,TRUE,adjoint,1,1,1,sieve_md
3.16227766016838e-05,0.00623213918511665,0,FALSE,FALSE,"",789,789,TRUE,adjoint,1,1,1,sieve_md
5.62341325190349e-05,0.00623094646841122,0,FALSE,FALSE,"",789,789,TRUE,adjoint,1,1,1,sieve_md
1e-04,0.00623057825795381,0,TRUE,FALSE,"",789,789,TRUE,adjoint,1,1,1,sieve_md
0.000177827941003892,0.00623538618840579,0,FALSE,FALSE,"",789,789,TRUE,adjoint,1,1,1,sieve_md
0.000316227766016838,0.00626077258583815,0,FALSE,FALSE,"",789,789,TRUE,adjoint,1,1,1,sieve_md
0.000562341325190349,0.00635681000342523,0,FALSE,FALSE,"",789,789,TRUE,adjoint,1,1,1,sieve_md
0.001,0.00667637701969019,0,FALSE,FALSE,"",789,789,TRUE,adjoint,1,1,1,sieve_md
0.00177827941003892,0.00765590309366226,0,FALSE,FALSE,"",789,789,TRUE,adjoint,1,1,1,sieve_md
0.00316227766016838,0.0104358220651103,0,FALSE,FALSE,"",789,789,TRUE,adjoint,1,1,1,sieve_md
0.00562341325190349,0.0176570584135548,0,FALSE,FALSE,"",789,789,TRUE,adjoint,1,1,1,sieve_md
0.01,0.034549195947554,0,FALSE,FALSE,"",789,789,TRUE,adjoint,1,1,1,sieve_md
0.0177827941003892,0.0696018111737735,0,FALSE,FALSE,"",789,789,TRUE,adjoint,1,1,1,sieve_md
0.0316227766016838,0.132898934585241,0,FALSE,FALSE,"",789,789,TRUE,adjoint,1,1,1,sieve_md
0.0562341325190349,0.229325610422076,0,FALSE,FALSE,"",789,789,TRUE,adjoint,1,1,1,sieve_md
0.1,0.349457812649235,0,FALSE,FALSE,"",789,789,TRUE,adjoint,1,1,1,sieve_md
0.177827941003892,0.470904439157263,0,FALSE,FALSE,"",789,789,TRUE,adjoint,1,1,1,sieve_md
0.316227766016838,0.572863232003064,0,FALSE,FALSE,"",789,789,TRUE,adjoint,1,1,1,sieve_md
0.562341325190349,0.64699648706842,0,FALSE,FALSE,"",789,789,TRUE,adjoint,1,1,1,sieve_md
1,0.69577713692612,0,FALSE,FALSE,"",789,789,TRUE,adjoint,1,1,1,sieve_md
1e-10,-0.00388406406486604,0,FALSE,FALSE,"",789,789,TRUE,adjoint,1,1,2,sieve_md
1.77827941003892e-10,-0.00388406406807,0,FALSE,FALSE,"",789,789,TRUE,adjoint,1,1,2,sieve_md
3.16227766016838e-10,-0.00388406407376755,0,FALSE,FALSE,"",789,789,TRUE,adjoint,1,1,2,sieve_md
5.62341325190349e-10,-0.00388406408389934,0,FALSE,FALSE,"",789,789,TRUE,adjoint,1,1,2,sieve_md
1e-09,-0.00388406410191637,0,FALSE,FALSE,"",789,789,TRUE,adjoint,1,1,2,sieve_md
1.77827941003892e-09,-0.0038840641339553,0,FALSE,FALSE,"",789,789,TRUE,adjoint,1,1,2,sieve_md
3.16227766016838e-09,-0.00388406419092828,0,FALSE,FALSE,"",789,789,TRUE,adjoint,1,1,2,sieve_md
5.62341325190349e-09,-0.00388406429223836,0,FALSE,FALSE,"",789,789,TRUE,adjoint,1,1,2,sieve_md
1e-08,-0.00388406447238403,0,FALSE,FALSE,"",789,789,TRUE,adjoint,1,1,2,sieve_md
1.77827941003892e-08,-0.00388406479269553,0,FALSE,FALSE,"",789,789,TRUE,adjoint,1,1,2,sieve_md
3.16227766016838e-08,-0.00388406536217922,0,FALSE,FALSE,"",789,789,TRUE,adjoint,1,1,2,sieve_md
5.62341325190349e-08,-0.00388406637450199,0,FALSE,FALSE,"",789,789,TRUE,adjoint,1,1,2,sieve_md
1e-07,-0.00388406817349818,0,FALSE,FALSE,"",789,789,TRUE,adjoint,1,1,2,sieve_md
1.77827941003892e-07,-0.0038840713688324,0,FALSE,FALSE,"",789,789,TRUE,adjoint,1,1,2,sieve_md
3.16227766016838e-07,-0.00388407703906457,0,FALSE,FALSE,"",789,789,TRUE,adjoint,1,1,2,sieve_md
5.62341325190349e-07,-0.00388408708448642,0,FALSE,FALSE,"",789,789,TRUE,adjoint,1,1,2,sieve_md
1e-06,-0.00388410482841308,0,FALSE,FALSE,"",789,789,TRUE,adjoint,1,1,2,sieve_md
1.77827941003892e-06,-0.00388413600376786,0,FALSE,FALSE,"",789,789,TRUE,adjoint,1,1,2,sieve_md
3.16227766016838e-06,-0.00388419024612848,0,FALSE,FALSE,"",789,789,TRUE,adjoint,1,1,2,sieve_md
5.62341325190349e-06,-0.00388428292267821,0,FALSE,FALSE,"",789,789,TRUE,adjoint,1,1,2,sieve_md
1e-05,-0.00388443577473051,0,FALSE,FALSE,"",789,789,TRUE,adjoint,1,1,2,sieve_md
1.77827941003892e-05,-0.00388466982126349,0,FALSE,FALSE,"",789,789,TRUE,adjoint,1,1,2,sieve_md
3.16227766016838e-05,-0.00388496676410703,0,FALSE,FALSE,"",789,789,TRUE,adjoint,1,1,2,sieve_md
5.62341325190349e-05,-0.00388511865619175,0,TRUE,FALSE,"",789,789,TRUE,adjoint,1,1,2,sieve_md
1e-04,-0.00388420468089194,0,FALSE,FALSE,"",789,789,TRUE,adjoint,1,1,2,sieve_md
0.000177827941003892,-0.00387886523617446,0,FALSE,FALSE,"",789,789,TRUE,adjoint,1,1,2,sieve_md
0.000316227766016838,-0.00385779268674312,0,FALSE,FALSE,"",789,789,TRUE,adjoint,1,1,2,sieve_md
0.000562341325190349,-0.00378462668772527,0,FALSE,FALSE,"",789,789,TRUE,adjoint,1,1,2,sieve_md
0.001,-0.00354657789569058,0,FALSE,FALSE,"",789,789,TRUE,adjoint,1,1,2,sieve_md
0.00177827941003892,-0.00280755195573733,0,FALSE,FALSE,"",789,789,TRUE,adjoint,1,1,2,sieve_md
0.00316227766016838,-0.000620992046864413,0,FALSE,FALSE,"",789,789,TRUE,adjoint,1,1,2,sieve_md
0.00562341325190349,0.00545820002330117,0,FALSE,FALSE,"",789,789,TRUE,adjoint,1,1,2,sieve_md
0.01,0.0209517153088409,0,FALSE,FALSE,"",789,789,TRUE,adjoint,1,1,2,sieve_md
0.0177827941003892,0.055954306838281,0,FALSE,FALSE,"",789,789,TRUE,adjoint,1,1,2,sieve_md
0.0316227766016838,0.123371187922862,0,FALSE,FALSE,"",789,789,TRUE,adjoint,1,1,2,sieve_md
0.0562341325190349,0.230038185397782,0,FALSE,FALSE,"",789,789,TRUE,adjoint,1,1,2,sieve_md
0.1,0.365529997520983,0,FALSE,FALSE,"",789,789,TRUE,adjoint,1,1,2,sieve_md
0.177827941003892,0.504028669857842,0,FALSE,FALSE,"",789,789,TRUE,adjoint,1,1,2,sieve_md
0.316227766016838,0.621227110959191,0,FALSE,FALSE,"",789,789,TRUE,adjoint,1,1,2,sieve_md
0.562341325190349,0.706958974195667,0,FALSE,FALSE,"",789,789,TRUE,adjoint,1,1,2,sieve_md
1,0.763618970323291,0,FALSE,FALSE,"",789,789,TRUE,adjoint,1,1,2,sieve_md
1e-10,0.00516306023666926,0,FALSE,FALSE,"",790,790,TRUE,adjoint,1,1,3,sieve_md
1.77827941003892e-10,0.00516306019647226,0,FALSE,FALSE,"",790,790,TRUE,adjoint,1,1,3,sieve_md
3.16227766016838e-10,0.00516306012499085,0,FALSE,FALSE,"",790,790,TRUE,adjoint,1,1,3,sieve_md
5.62341325190349e-10,0.00516305999787694,0,FALSE,FALSE,"",790,790,TRUE,adjoint,1,1,3,sieve_md
1e-09,0.00516305977183311,0,FALSE,FALSE,"",790,790,TRUE,adjoint,1,1,3,sieve_md
1.77827941003892e-09,0.00516305936986461,0,FALSE,FALSE,"",790,790,TRUE,adjoint,1,1,3,sieve_md
3.16227766016838e-09,0.00516305865505425,0,FALSE,FALSE,"",790,790,TRUE,adjoint,1,1,3,sieve_md
5.62341325190349e-09,0.00516305738392764,0,FALSE,FALSE,"",790,790,TRUE,adjoint,1,1,3,sieve_md
1e-08,0.0051630551235283,0,FALSE,FALSE,"",790,790,TRUE,adjoint,1,1,3,sieve_md
1.77827941003892e-08,0.0051630511039666,0,FALSE,FALSE,"",790,790,TRUE,adjoint,1,1,3,sieve_md
3.16227766016838e-08,0.00516304395625211,0,FALSE,FALSE,"",790,790,TRUE,adjoint,1,1,3,sieve_md
5.62341325190349e-08,0.00516303124621727,0,FALSE,FALSE,"",790,790,TRUE,adjoint,1,1,3,sieve_md
1e-07,0.00516300864611729,0,FALSE,FALSE,"",790,790,TRUE,adjoint,1,1,3,sieve_md
1.77827941003892e-07,0.00516296846281159,0,FALSE,FALSE,"",790,790,TRUE,adjoint,1,1,3,sieve_md
3.16227766016838e-07,0.005162897024598,0,FALSE,FALSE,"",790,790,TRUE,adjoint,1,1,3,sieve_md
5.62341325190349e-07,0.00516277004735777,0,FALSE,FALSE,"",790,790,TRUE,adjoint,1,1,3,sieve_md
1e-06,0.00516254443563817,0,FALSE,FALSE,"",790,790,TRUE,adjoint,1,1,3,sieve_md
1.77827941003892e-06,0.00516214383347414,0,FALSE,FALSE,"",790,790,TRUE,adjoint,1,1,3,sieve_md
3.16227766016838e-06,0.00516143334308811,0,FALSE,FALSE,"",790,790,TRUE,adjoint,1,1,3,sieve_md
5.62341325190349e-06,0.0051601758736862,0,FALSE,FALSE,"",790,790,TRUE,adjoint,1,1,3,sieve_md
1e-05,0.00515795864067415,0,FALSE,FALSE,"",790,790,TRUE,adjoint,1,1,3,sieve_md
1.77827941003892e-05,0.00515407546188736,0,FALSE,FALSE,"",790,790,TRUE,adjoint,1,1,3,sieve_md
3.16227766016838e-05,0.00514735834944154,0,FALSE,FALSE,"",790,790,TRUE,adjoint,1,1,3,sieve_md
5.62341325190349e-05,0.0051360061968311,0,FALSE,FALSE,"",790,790,TRUE,adjoint,1,1,3,sieve_md
1e-04,0.00511767887228374,0,FALSE,FALSE,"",790,790,TRUE,adjoint,1,1,3,sieve_md
0.000177827941003892,0.00509088938648795,0,FALSE,FALSE,"",790,790,TRUE,adjoint,1,1,3,sieve_md
0.000316227766016838,0.00506115763079854,0,TRUE,FALSE,"",790,790,TRUE,adjoint,1,1,3,sieve_md
0.000562341325190349,0.00506255844795812,0,FALSE,FALSE,"",790,790,TRUE,adjoint,1,1,3,sieve_md
0.001,0.00522445200068359,0,FALSE,FALSE,"",790,790,TRUE,adjoint,1,1,3,sieve_md
0.00177827941003892,0.0059565697026047,0,FALSE,FALSE,"",790,790,TRUE,adjoint,1,1,3,sieve_md
0.00316227766016838,0.00839599387166608,0,FALSE,FALSE,"",790,790,TRUE,adjoint,1,1,3,sieve_md
0.00562341325190349,0.0152918522370446,0,FALSE,FALSE,"",790,790,TRUE,adjoint,1,1,3,sieve_md
0.01,0.0322902479595827,0,FALSE,FALSE,"",790,790,TRUE,adjoint,1,1,3,sieve_md
0.0177827941003892,0.0688184122054001,0,FALSE,FALSE,"",790,790,TRUE,adjoint,1,1,3,sieve_md
0.0316227766016838,0.136192466022274,0,FALSE,FALSE,"",790,790,TRUE,adjoint,1,1,3,sieve_md
0.0562341325190349,0.239818611039824,0,FALSE,FALSE,"",790,790,TRUE,adjoint,1,1,3,sieve_md
0.1,0.369264313081897,0,FALSE,FALSE,"",790,790,TRUE,adjoint,1,1,3,sieve_md
0.177827941003892,0.500189994053077,0,FALSE,FALSE,"",790,790,TRUE,adjoint,1,1,3,sieve_md
0.316227766016838,0.610168741166758,0,FALSE,FALSE,"",790,790,TRUE,adjoint,1,1,3,sieve_md
0.562341325190349,0.690202329599624,0,FALSE,FALSE,"",790,790,TRUE,adjoint,1,1,3,sieve_md
1,0.74290946188442,0,FALSE,FALSE,"",790,790,TRUE,adjoint,1,1,3,sieve_md
1e-10,0.00053227562867053,0,FALSE,FALSE,"",1184,1184,TRUE,adjoint,1,1,0,sieve_md
1.77827941003892e-10,0.000532275599796144,0,FALSE,FALSE,"",1184,1184,TRUE,adjoint,1,1,0,sieve_md
3.16227766016838e-10,0.000532275548449447,0,FALSE,FALSE,"",1184,1184,TRUE,adjoint,1,1,0,sieve_md
5.62341325190349e-10,0.000532275457140743,0,FALSE,FALSE,"",1184,1184,TRUE,adjoint,1,1,0,sieve_md
1e-09,0.000532275294768447,0,FALSE,FALSE,"",1184,1184,TRUE,adjoint,1,1,0,sieve_md
1.77827941003892e-09,0.000532275006025593,0,FALSE,FALSE,"",1184,1184,TRUE,adjoint,1,1,0,sieve_md
3.16227766016838e-09,0.000532274492561454,0,FALSE,FALSE,"",1184,1184,TRUE,adjoint,1,1,0,sieve_md
5.62341325190349e-09,0.000532273579482944,0,FALSE,FALSE,"",1184,1184,TRUE,adjoint,1,1,0,sieve_md
1e-08,0.000532271955787531,0,FALSE,FALSE,"",1184,1184,TRUE,adjoint,1,1,0,sieve_md
1.77827941003892e-08,0.000532269068445558,0,FALSE,FALSE,"",1184,1184,TRUE,adjoint,1,1,0,sieve_md
3.16227766016838e-08,0.000532263934077912,0,FALSE,FALSE,"",1184,1184,TRUE,adjoint,1,1,0,sieve_md
5.62341325190349e-08,0.000532254804158863,0,FALSE,FALSE,"",1184,1184,TRUE,adjoint,1,1,0,sieve_md
1e-07,0.000532238569943694,0,FALSE,FALSE,"",1184,1184,TRUE,adjoint,1,1,0,sieve_md
1.77827941003892e-07,0.000532209705184782,0,FALSE,FALSE,"",1184,1184,TRUE,adjoint,1,1,0,sieve_md
3.16227766016838e-07,0.000532158388896719,0,FALSE,FALSE,"",1184,1184,TRUE,adjoint,1,1,0,sieve_md
5.62341325190349e-07,0.000532067176313228,0,FALSE,FALSE,"",1184,1184,TRUE,adjoint,1,1,0,sieve_md
1e-06,0.000531905108026011,0,FALSE,FALSE,"",1184,1184,TRUE,adjoint,1,1,0,sieve_md
1.77827941003892e-06,0.000531617326412563,0,FALSE,FALSE,"",1184,1184,TRUE,adjoint,1,1,0,sieve_md
3.16227766016838e-06,0.000531106901646607,0,FALSE,FALSE,"",1184,1184,TRUE,adjoint,1,1,0,sieve_md
5.62341325190349e-06,0.000530203432577956,0,FALSE,FALSE,"",1184,1184,TRUE,adjoint,1,1,0,sieve_md
1e-05,0.000528610114051222,0,FALSE,FALSE,"",1184,1184,TRUE,adjoint,1,1,0,sieve_md
1.77827941003892e-05,0.000525818771165432,0,FALSE,FALSE,"",1184,1184,TRUE,adjoint,1,1,0,sieve_md
3.16227766016838e-05,0.000520987636776415,0,FALSE,FALSE,"",1184,1184,TRUE,adjoint,1,1,0,sieve_md
5.62341325190349e-05,0.000512814704437499,0,FALSE,FALSE,"",1184,1184,TRUE,adjoint,1,1,0,sieve_md
1e-04,0.000499595999713252,0,FALSE,FALSE,"",1184,1184,TRUE,adjoint,1,1,0,sieve_md
0.000177827941003892,0.000480207231667776,0,FALSE,FALSE,"",1184,1184,TRUE,adjoint,1,1,0,sieve_md
0.000316227766016838,0.000458525218084466,0,TRUE,FALSE,"",1184,1184,TRUE,adjoint,1,1,0,sieve_md
0.000562341325190349,0.000459212287519259,0,FALSE,FALSE,"",1184,1184,TRUE,adjoint,1,1,0,sieve_md
0.001,0.000578052117804953,0,FALSE,FALSE,"",1184,1184,TRUE,adjoint,1,1,0,sieve_md
0.00177827941003892,0.00112839260478076,0,FALSE,FALSE,"",1184,1184,TRUE,adjoint,1,1,0,sieve_md
0.00316227766016838,0.00302290600522741,0,FALSE,FALSE,"",1184,1184,TRUE,adjoint,1,1,0,sieve_md
0.00562341325190349,0.0086212166732178,0,FALSE,FALSE,"",1184,1184,TRUE,adjoint,1,1,0,sieve_md
0.01,0.0231718512655018,0,FALSE,FALSE,"",1184,1184,TRUE,adjoint,1,1,0,sieve_md
0.0177827941003892,0.0561317929133013,0,FALSE,FALSE,"",1184,1184,TRUE,adjoint,1,1,0,sieve_md
0.0316227766016838,0.119594288676009,0,FALSE,FALSE,"",1184,1184,TRUE,adjoint,1,1,0,sieve_md
0.0562341325190349,0.220135577969131,0,FALSE,FALSE,"",1184,1184,TRUE,adjoint,1,1,0,sieve_md
0.1,0.347981653958089,0,FALSE,FALSE,"",1184,1184,TRUE,adjoint,1,1,0,sieve_md
0.177827941003892,0.478485201013143,0,FALSE,FALSE,"",1184,1184,TRUE,adjoint,1,1,0,sieve_md
0.316227766016838,0.588534956018546,0,FALSE,FALSE,"",1184,1184,TRUE,adjoint,1,1,0,sieve_md
0.562341325190349,0.668715968664609,0,FALSE,FALSE,"",1184,1184,TRUE,adjoint,1,1,0,sieve_md
1,0.721528340697608,0,FALSE,FALSE,"",1184,1184,TRUE,adjoint,1,1,0,sieve_md
1e-10,0.0358220709057489,0,FALSE,FALSE,"",1777,1713,TRUE,beta,2,1,1,sieve_md
1.77827941003892e-10,0.035502424610098,0,FALSE,FALSE,"",1777,1713,TRUE,beta,2,1,1,sieve_md
3.16227766016838e-10,0.0351348807429571,0,FALSE,FALSE,"",1777,1713,TRUE,beta,2,1,1,sieve_md
5.62341325190349e-10,0.0349305620023178,0,FALSE,FALSE,"",1777,1713,TRUE,beta,2,1,1,sieve_md
1e-09,0.0345602714318103,0,FALSE,FALSE,"",1777,1713,TRUE,beta,2,1,1,sieve_md
1.77827941003892e-09,0.034136182745056,0,FALSE,FALSE,"",1777,1713,TRUE,beta,2,1,1,sieve_md
3.16227766016838e-09,0.0336649618074515,0,FALSE,FALSE,"",1777,1713,TRUE,beta,2,1,1,sieve_md
5.62341325190349e-09,0.0333117826971191,0,FALSE,FALSE,"",1777,1713,TRUE,beta,2,1,1,sieve_md
1e-08,0.0328927548107324,0,FALSE,FALSE,"",1777,1713,TRUE,beta,2,1,1,sieve_md
1.77827941003892e-08,0.0323426976554336,0,FALSE,FALSE,"",1777,1713,TRUE,beta,2,1,1,sieve_md
3.16227766016838e-08,0.0318130699324283,0,FALSE,FALSE,"",1777,1713,TRUE,beta,2,1,1,sieve_md
5.62341325190349e-08,0.0311531538225954,0,FALSE,FALSE,"",1777,1713,TRUE,beta,2,1,1,sieve_md
1e-07,0.0304185996821691,0,FALSE,FALSE,"",1777,1713,TRUE,beta,2,1,1,sieve_md
1.77827941003892e-07,0.0295746860702924,0,FALSE,FALSE,"",1777,1713,TRUE,beta,2,1,1,sieve_md
3.16227766016838e-07,0.028464428955342,0,FALSE,FALSE,"",1777,1713,TRUE,beta,2,1,1,sieve_md
5.62341325190349e-07,0.0269514635243042,0,FALSE,FALSE,"",1777,1713,TRUE,beta,2,1,1,sieve_md
1e-06,0.0248263991131195,0,FALSE,FALSE,"",1777,1713,TRUE,beta,2,1,1,sieve_md
1.77827941003892e-06,0.022024807678555,0,FALSE,FALSE,"",1777,1713,TRUE,beta,2,1,1,sieve_md
3.16227766016838e-06,0.0185775570195485,0,FALSE,FALSE,"",1777,1713,TRUE,beta,2,1,1,sieve_md
5.62341325190349e-06,0.0145360389504423,0,FALSE,FALSE,"",1777,1713,TRUE,beta,2,1,1,sieve_md
1e-05,0.0112390115008531,0,FALSE,FALSE,"",1777,1713,TRUE,beta,2,1,1,sieve_md
1.77827941003892e-05,0.00979767390027322,0,TRUE,FALSE,"",1777,1713,TRUE,beta,2,1,1,sieve_md
3.16227766016838e-05,0.0117214576284084,0,FALSE,FALSE,"",1777,1713,TRUE,beta,2,1,1,sieve_md
5.62341325190349e-05,0.014139291940584,0,FALSE,FALSE,"",1777,1713,TRUE,beta,2,1,1,sieve_md
1e-04,0.0164112640610447,0,FALSE,FALSE,"",1777,1713,TRUE,beta,2,1,1,sieve_md
0.000177827941003892,0.0180749752567741,0,FALSE,FALSE,"",1777,1713,TRUE,beta,2,1,1,sieve_md
0.000316227766016838,0.019138642260747,0,FALSE,FALSE,"",1777,1713,TRUE,beta,2,1,1,sieve_md
0.000562341325190349,0.0197830262750823,0,FALSE,FALSE,"",1777,1713,TRUE,beta,2,1,1,sieve_md
0.001,0.0201061965562483,0,FALSE,FALSE,"",1777,1713,TRUE,beta,2,1,1,sieve_md
0.00177827941003892,0.0201363375035457,0,FALSE,FALSE,"",1777,1713,TRUE,beta,2,1,1,sieve_md
0.00316227766016838,0.0199012875542449,0,FALSE,FALSE,"",1777,1713,TRUE,beta,2,1,1,sieve_md
0.00562341325190349,0.0194287580623966,0,FALSE,FALSE,"",1777,1713,TRUE,beta,2,1,1,sieve_md
0.01,0.0188354119132524,0,FALSE,FALSE,"",1777,1713,TRUE,beta,2,1,1,sieve_md
0.0177827941003892,0.0183370165272846,0,FALSE,FALSE,"",1777,1713,TRUE,beta,2,1,1,sieve_md
0.0316227766016838,0.0181616689736711,0,FALSE,FALSE,"",1777,1713,TRUE,beta,2,1,1,sieve_md
0.0562341325190349,0.0183742240893818,0,FALSE,FALSE,"",1777,1713,TRUE,beta,2,1,1,sieve_md
0.1,0.018942827980121,0,FALSE,FALSE,"",1777,1713,TRUE,beta,2,1,1,sieve_md
0.177827941003892,0.0200746334328475,0,FALSE,FALSE,"",1777,1713,TRUE,beta,2,1,1,sieve_md
0.316227766016838,0.022073293710573,0,FALSE,FALSE,"",1777,1713,TRUE,beta,2,1,1,sieve_md
0.562341325190349,0.0247035210059616,0,FALSE,FALSE,"",1777,1713,TRUE,beta,2,1,1,sieve_md
1,0.0272131597553998,0,FALSE,FALSE,"",1777,1713,TRUE,beta,2,1,1,sieve_md
1e-10,0.0162029160598613,0,FALSE,FALSE,"",1777,1725,TRUE,beta,2,1,2,sieve_md
1.77827941003892e-10,0.0158308036166503,0,FALSE,FALSE,"",1777,1725,TRUE,beta,2,1,2,sieve_md
3.16227766016838e-10,0.0155576491157787,0,FALSE,FALSE,"",1777,1725,TRUE,beta,2,1,2,sieve_md
5.62341325190349e-10,0.0156851226697535,0,FALSE,FALSE,"",1777,1725,TRUE,beta,2,1,2,sieve_md
1e-09,0.0150148959819652,0,FALSE,FALSE,"",1777,1725,TRUE,beta,2,1,2,sieve_md
1.77827941003892e-09,0.0151410371220413,0,FALSE,FALSE,"",1777,1725,TRUE,beta,2,1,2,sieve_md
3.16227766016838e-09,0.0149777856280043,0,FALSE,FALSE,"",1777,1725,TRUE,beta,2,1,2,sieve_md
5.62341325190349e-09,0.0145535449398727,0,FALSE,FALSE,"",1777,1725,TRUE,beta,2,1,2,sieve_md
1e-08,0.0141539153696936,0,FALSE,FALSE,"",1777,1725,TRUE,beta,2,1,2,sieve_md
1.77827941003892e-08,0.0135600629781793,0,FALSE,FALSE,"",1777,1725,TRUE,beta,2,1,2,sieve_md
3.16227766016838e-08,0.0131225240652607,0,FALSE,FALSE,"",1777,1725,TRUE,beta,2,1,2,sieve_md
5.62341325190349e-08,0.0125528705109876,0,FALSE,FALSE,"",1777,1725,TRUE,beta,2,1,2,sieve_md
1e-07,0.0119662022548114,0,FALSE,FALSE,"",1777,1725,TRUE,beta,2,1,2,sieve_md
1.77827941003892e-07,0.011344557897449,0,FALSE,FALSE,"",1777,1725,TRUE,beta,2,1,2,sieve_md
3.16227766016838e-07,0.0104993347226139,0,FALSE,FALSE,"",1777,1725,TRUE,beta,2,1,2,sieve_md
5.62341325190349e-07,0.00938507792553212,0,FALSE,FALSE,"",1777,1725,TRUE,beta,2,1,2,sieve_md
1e-06,0.00775057745664034,0,FALSE,FALSE,"",1777,1725,TRUE,beta,2,1,2,sieve_md
1.77827941003892e-06,0.00546940996094935,0,FALSE,FALSE,"",1777,1725,TRUE,beta,2,1,2,sieve_md
3.16227766016838e-06,0.00237034943667425,0,FALSE,FALSE,"",1777,1725,TRUE,beta,2,1,2,sieve_md
5.62341325190349e-06,-0.00168812926023076,0,FALSE,FALSE,"",1777,1725,TRUE,beta,2,1,2,sieve_md
1e-05,-0.00616888632909671,0,FALSE,FALSE,"",1777,1725,TRUE,beta,2,1,2,sieve_md
1.77827941003892e-05,-0.00904968800175354,0,TRUE,FALSE,"",1777,1725,TRUE,beta,2,1,2,sieve_md
3.16227766016838e-05,-0.00752977246904858,0,FALSE,FALSE,"",1777,1725,TRUE,beta,2,1,2,sieve_md
5.62341325190349e-05,-0.00426076731804162,0,FALSE,FALSE,"",1777,1725,TRUE,beta,2,1,2,sieve_md
1e-04,-0.00131997667926801,0,FALSE,FALSE,"",1777,1725,TRUE,beta,2,1,2,sieve_md
0.000177827941003892,0.00116204161466699,0,FALSE,FALSE,"",1777,1725,TRUE,beta,2,1,2,sieve_md
0.000316227766016838,0.00313728758894553,0,FALSE,FALSE,"",1777,1725,TRUE,beta,2,1,2,sieve_md
0.000562341325190349,0.00459069188423199,0,FALSE,FALSE,"",1777,1725,TRUE,beta,2,1,2,sieve_md
0.001,0.00557658614763095,0,FALSE,FALSE,"",1777,1725,TRUE,beta,2,1,2,sieve_md
0.00177827941003892,0.00620782772091215,0,FALSE,FALSE,"",1777,1725,TRUE,beta,2,1,2,sieve_md
0.00316227766016838,0.00661568081509613,0,FALSE,FALSE,"",1777,1725,TRUE,beta,2,1,2,sieve_md
0.00562341325190349,0.0069338418063854,0,FALSE,FALSE,"",1777,1725,TRUE,beta,2,1,2,sieve_md
0.01,0.00730635205415808,0,FALSE,FALSE,"",1777,1725,TRUE,beta,2,1,2,sieve_md
0.0177827941003892,0.00788487748102726,0,FALSE,FALSE,"",1777,1725,TRUE,beta,2,1,2,sieve_md
0.0316227766016838,0.00876161457769508,0,FALSE,FALSE,"",1777,1725,TRUE,beta,2,1,2,sieve_md
0.0562341325190349,0.00986378447944676,0,FALSE,FALSE,"",1777,1725,TRUE,beta,2,1,2,sieve_md
0.1,0.0110677013716072,0,FALSE,FALSE,"",1777,1725,TRUE,beta,2,1,2,sieve_md
0.177827941003892,0.0124748528074636,0,FALSE,FALSE,"",1777,1725,TRUE,beta,2,1,2,sieve_md
0.316227766016838,0.0143614331431883,0,FALSE,FALSE,"",1777,1725,TRUE,beta,2,1,2,sieve_md
0.562341325190349,0.0166393947228203,0,FALSE,FALSE,"",1777,1725,TRUE,beta,2,1,2,sieve_md
1,0.0187810896370296,0,FALSE,FALSE,"",1777,1725,TRUE,beta,2,1,2,sieve_md
1e-10,0.107882589624419,0,FALSE,FALSE,"",1778,1722,TRUE,beta,2,1,3,sieve_md
1.77827941003892e-10,0.106492369947824,0,FALSE,FALSE,"",1778,1722,TRUE,beta,2,1,3,sieve_md
3.16227766016838e-10,0.104873797933029,0,FALSE,FALSE,"",1778,1722,TRUE,beta,2,1,3,sieve_md
5.62341325190349e-10,0.103480300130181,0,FALSE,FALSE,"",1778,1722,TRUE,beta,2,1,3,sieve_md
1e-09,0.10210576494003,0,FALSE,FALSE,"",1778,1722,TRUE,beta,2,1,3,sieve_md
1.77827941003892e-09,0.100815991649389,0,FALSE,FALSE,"",1778,1722,TRUE,beta,2,1,3,sieve_md
3.16227766016838e-09,0.0996037482074479,0,FALSE,FALSE,"",1778,1722,TRUE,beta,2,1,3,sieve_md
5.62341325190349e-09,0.0984008555623163,0,FALSE,FALSE,"",1778,1722,TRUE,beta,2,1,3,sieve_md
1e-08,0.0972882629506247,0,FALSE,FALSE,"",1778,1722,TRUE,beta,2,1,3,sieve_md
1.77827941003892e-08,0.0961446579084461,0,FALSE,FALSE,"",1778,1722,TRUE,beta,2,1,3,sieve_md
3.16227766016838e-08,0.0949375140664322,0,FALSE,FALSE,"",1778,1722,TRUE,beta,2,1,3,sieve_md
5.62341325190349e-08,0.093676277724935,0,FALSE,FALSE,"",1778,1722,TRUE,beta,2,1,3,sieve_md
1e-07,0.0922011989889529,0,FALSE,FALSE,"",1778,1722,TRUE,beta,2,1,3,sieve_md
1.77827941003892e-07,0.0904808448853234,0,FALSE,FALSE,"",1778,1722,TRUE,beta,2,1,3,sieve_md
3.16227766016838e-07,0.0883736233384689,0,FALSE,FALSE,"",1778,1722,TRUE,beta,2,1,3,sieve_md
5.62341325190349e-07,0.0856612233863048,0,FALSE,FALSE,"",1778,1722,TRUE,beta,2,1,3,sieve_md
1e-06,0.0820059789348653,0,FALSE,FALSE,"",1778,1722,TRUE,beta,2,1,3,sieve_md
1.77827941003892e-06,0.077006794037067,0,FALSE,FALSE,"",1778,1722,TRUE,beta,2,1,3,sieve_md
3.16227766016838e-06,0.0701642769116432,0,FALSE,FALSE,"",1778,1722,TRUE,beta,2,1,3,sieve_md
5.62341325190349e-06,0.0613417361877031,0,FALSE,FALSE,"",1778,1722,TRUE,beta,2,1,3,sieve_md
1e-05,0.050035282140367,0,FALSE,FALSE,"",1778,1722,TRUE,beta,2,1,3,sieve_md
1.77827941003892e-05,0.0322623637070101,0,FALSE,FALSE,"",1778,1722,TRUE,beta,2,1,3,sieve_md
3.16227766016838e-05,0.0177538948436571,0,FALSE,FALSE,"",1778,1722,TRUE,beta,2,1,3,sieve_md
5.62341325190349e-05,0.0134597223724363,0,FALSE,FALSE,"",1778,1722,TRUE,beta,2,1,3,sieve_md
1e-04,0.0120443149885542,0,FALSE,FALSE,"",1778,1722,TRUE,beta,2,1,3,sieve_md
0.000177827941003892,0.0114238931981034,0,FALSE,FALSE,"",1778,1722,TRUE,beta,2,1,3,sieve_md
0.000316227766016838,0.0111412972590198,0,FALSE,FALSE,"",1778,1722,TRUE,beta,2,1,3,sieve_md
0.000562341325190349,0.0110111714577333,0,FALSE,FALSE,"",1778,1722,TRUE,beta,2,1,3,sieve_md
0.001,0.0109027236421512,0,FALSE,FALSE,"",1778,1722,TRUE,beta,2,1,3,sieve_md
0.00177827941003892,0.010717881007733,0,FALSE,FALSE,"",1778,1722,TRUE,beta,2,1,3,sieve_md
0.00316227766016838,0.0103907527268764,0,FALSE,FALSE,"",1778,1722,TRUE,beta,2,1,3,sieve_md
0.00562341325190349,0.00988881771858247,0,FALSE,FALSE,"",1778,1722,TRUE,beta,2,1,3,sieve_md
0.01,0.00924320283054005,0,FALSE,FALSE,"",1778,1722,TRUE,beta,2,1,3,sieve_md
0.0177827941003892,0.00859527875079681,0,FALSE,FALSE,"",1778,1722,TRUE,beta,2,1,3,sieve_md
0.0316227766016838,0.00816307998674171,0,FALSE,FALSE,"",1778,1722,TRUE,beta,2,1,3,sieve_md
0.0562341325190349,0.00810986707926249,0,TRUE,FALSE,"",1778,1722,TRUE,beta,2,1,3,sieve_md
0.1,0.0085228459135166,0,FALSE,FALSE,"",1778,1722,TRUE,beta,2,1,3,sieve_md
0.177827941003892,0.00961963326178569,0,FALSE,FALSE,"",1778,1722,TRUE,beta,2,1,3,sieve_md
0.316227766016838,0.0116721651642968,0,FALSE,FALSE,"",1778,1722,TRUE,beta,2,1,3,sieve_md
0.562341325190349,0.0144897472547898,0,FALSE,FALSE,"",1778,1722,TRUE,beta,2,1,3,sieve_md
1,0.0173165961136988,0,FALSE,FALSE,"",1778,1722,TRUE,beta,2,1,3,sieve_md
1e-10,0.015899065448065,0,FALSE,FALSE,"",2666,2580,TRUE,beta,2,1,0,sieve_md
1.77827941003892e-10,0.00922613569590024,0,FALSE,FALSE,"",2666,2580,TRUE,beta,2,1,0,sieve_md
3.16227766016838e-10,0.00492982397435131,0,FALSE,FALSE,"",2666,2580,TRUE,beta,2,1,0,sieve_md
5.62341325190349e-10,0.00263365705639883,0,FALSE,FALSE,"",2666,2580,TRUE,beta,2,1,0,sieve_md
1e-09,0.00112681630685194,0,FALSE,FALSE,"",2666,2580,TRUE,beta,2,1,0,sieve_md
1.77827941003892e-09,0.000118775887632526,0,FALSE,FALSE,"",2666,2580,TRUE,beta,2,1,0,sieve_md
3.16227766016838e-09,-0.000621118822511123,0,FALSE,FALSE,"",2666,2580,TRUE,beta,2,1,0,sieve_md
5.62341325190349e-09,-0.00121232799580792,0,FALSE,FALSE,"",2666,2580,TRUE,beta,2,1,0,sieve_md
1e-08,-0.00167584636962997,0,FALSE,FALSE,"",2666,2580,TRUE,beta,2,1,0,sieve_md
1.77827941003892e-08,-0.0020584567524137,0,FALSE,FALSE,"",2666,2580,TRUE,beta,2,1,0,sieve_md
3.16227766016838e-08,-0.00238122627232918,0,FALSE,FALSE,"",2666,2580,TRUE,beta,2,1,0,sieve_md
5.62341325190349e-08,-0.00261295006331345,0,FALSE,FALSE,"",2666,2580,TRUE,beta,2,1,0,sieve_md
1e-07,-0.00284508640965367,0,FALSE,FALSE,"",2666,2580,TRUE,beta,2,1,0,sieve_md
1.77827941003892e-07,-0.00305271622786032,0,FALSE,FALSE,"",2666,2580,TRUE,beta,2,1,0,sieve_md
3.16227766016838e-07,-0.00352489183256846,0,FALSE,FALSE,"",2666,2580,TRUE,beta,2,1,0,sieve_md
5.62341325190349e-07,-0.00419583899944364,0,FALSE,FALSE,"",2666,2580,TRUE,beta,2,1,0,sieve_md
1e-06,-0.00495490758449433,0,FALSE,FALSE,"",2666,2580,TRUE,beta,2,1,0,sieve_md
1.77827941003892e-06,-0.00567748560119847,0,FALSE,FALSE,"",2666,2580,TRUE,beta,2,1,0,sieve_md
3.16227766016838e-06,-0.00636585349732573,0,FALSE,FALSE,"",2666,2580,TRUE,beta,2,1,0,sieve_md
5.62341325190349e-06,-0.00739908500800872,0,FALSE,FALSE,"",2666,2580,TRUE,beta,2,1,0,sieve_md
1e-05,-0.00840010730857767,0,FALSE,FALSE,"",2666,2580,TRUE,beta,2,1,0,sieve_md
1.77827941003892e-05,-0.00871809869894518,0,TRUE,FALSE,"",2666,2580,TRUE,beta,2,1,0,sieve_md
3.16227766016838e-05,-0.00793146825095737,0,FALSE,FALSE,"",2666,2580,TRUE,beta,2,1,0,sieve_md
5.62341325190349e-05,-0.00652723087106469,0,FALSE,FALSE,"",2666,2580,TRUE,beta,2,1,0,sieve_md
1e-04,-0.00518945170495478,0,FALSE,FALSE,"",2666,2580,TRUE,beta,2,1,0,sieve_md
0.000177827941003892,-0.00412147344670651,0,FALSE,FALSE,"",2666,2580,TRUE,beta,2,1,0,sieve_md
0.000316227766016838,-0.003322151233955,0,FALSE,FALSE,"",2666,2580,TRUE,beta,2,1,0,sieve_md
0.000562341325190349,-0.00275249650859307,0,FALSE,FALSE,"",2666,2580,TRUE,beta,2,1,0,sieve_md
0.001,-0.0023723335567113,0,FALSE,FALSE,"",2666,2580,TRUE,beta,2,1,0,sieve_md
0.00177827941003892,-0.00214310724850015,0,FALSE,FALSE,"",2666,2580,TRUE,beta,2,1,0,sieve_md
0.00316227766016838,-0.00201412666651855,0,FALSE,FALSE,"",2666,2580,TRUE,beta,2,1,0,sieve_md
0.00562341325190349,-0.00192342552083019,0,FALSE,FALSE,"",2666,2580,TRUE,beta,2,1,0,sieve_md
0.01,-0.00177011642164023,0,FALSE,FALSE,"",2666,2580,TRUE,beta,2,1,0,sieve_md
0.0177827941003892,-0.00138596400686073,0,FALSE,FALSE,"",2666,2580,TRUE,beta,2,1,0,sieve_md
0.0316227766016838,-0.00056463871109452,0,FALSE,FALSE,"",2666,2580,TRUE,beta,2,1,0,sieve_md
0.0562341325190349,0.000807249336733934,0,FALSE,FALSE,"",2666,2580,TRUE,beta,2,1,0,sieve_md
0.1,0.00266851049117983,0,FALSE,FALSE,"",2666,2580,TRUE,beta,2,1,0,sieve_md
0.177827941003892,0.00495787843607325,0,FALSE,FALSE,"",2666,2580,TRUE,beta,2,1,0,sieve_md
0.316227766016838,0.00771714644890571,0,FALSE,FALSE,"",2666,2580,TRUE,beta,2,1,0,sieve_md
0.562341325190349,0.0107822886118888,0,FALSE,FALSE,"",2666,2580,TRUE,beta,2,1,0,sieve_md
1,0.0136607638155049,0,FALSE,FALSE,"",2666,2580,TRUE,beta,2,1,0,sieve_md
1e-10,13.7024327552573,0,FALSE,FALSE,"",831,758,TRUE,adjoint,2,1,1,sieve_md
1.77827941003892e-10,13.7024316415504,0,FALSE,FALSE,"",831,758,TRUE,adjoint,2,1,1,sieve_md
3.16227766016838e-10,13.7024296718545,0,FALSE,FALSE,"",831,758,TRUE,adjoint,2,1,1,sieve_md
5.62341325190349e-10,13.7024261624563,0,FALSE,FALSE,"",831,758,TRUE,adjoint,2,1,1,sieve_md
1e-09,13.7024199144867,0,FALSE,FALSE,"",831,758,TRUE,adjoint,2,1,1,sieve_md
1.77827941003892e-09,13.7024087968138,0,FALSE,FALSE,"",831,758,TRUE,adjoint,2,1,1,sieve_md
3.16227766016838e-09,13.7023890296389,0,FALSE,FALSE,"",831,758,TRUE,adjoint,2,1,1,sieve_md
5.62341325190349e-09,13.7023538797222,0,FALSE,FALSE,"",831,758,TRUE,adjoint,2,1,1,sieve_md
1e-08,13.7022913809263,0,FALSE,FALSE,"",831,758,TRUE,adjoint,2,1,1,sieve_md
1.77827941003892e-08,13.7021802603034,0,FALSE,FALSE,"",831,758,TRUE,adjoint,2,1,1,sieve_md
3.16227766016838e-08,13.7019827208043,0,FALSE,FALSE,"",831,758,TRUE,adjoint,2,1,1,sieve_md
5.62341325190349e-08,13.7016316406082,0,FALSE,FALSE,"",831,758,TRUE,adjoint,2,1,1,sieve_md
1e-07,13.7010079437291,0,FALSE,FALSE,"",831,758,TRUE,adjoint,2,1,1,sieve_md
1.77827941003892e-07,13.6999007411114,0,FALSE,FALSE,"",831,758,TRUE,adjoint,2,1,1,sieve_md
3.16227766016838e-07,13.6979375182131,0,FALSE,FALSE,"",831,758,TRUE,adjoint,2,1,1,sieve_md
5.62341325190349e-07,13.6944626625088,0,FALSE,FALSE,"",831,758,TRUE,adjoint,2,1,1,sieve_md
1e-06,13.6883267764938,0,FALSE,FALSE,"",831,758,TRUE,adjoint,2,1,1,sieve_md
1.77827941003892e-06,13.6775173967648,0,FALSE,FALSE,"",831,758,TRUE,adjoint,2,1,1,sieve_md
3.16227766016838e-06,13.6584908000501,0,FALSE,FALSE,"",831,758,TRUE,adjoint,2,1,1,sieve_md
5.62341325190349e-06,13.6249304154445,0,FALSE,FALSE,"",831,758,TRUE,adjoint,2,1,1,sieve_md
1e-05,13.5655285411708,0,FALSE,FALSE,"",831,758,TRUE,adjoint,2,1,1,sieve_md
1.77827941003892e-05,13.4604396694223,0,FALSE,FALSE,"",831,758,TRUE,adjoint,2,1,1,sieve_md
3.16227766016838e-05,13.2761772257264,0,FALSE,FALSE,"",831,758,TRUE,adjoint,2,1,1,sieve_md
5.62341325190349e-05,12.9588351677661,0,FALSE,FALSE,"",831,758,TRUE,adjoint,2,1,1,sieve_md
1e-04,12.4269410988764,0,FALSE,FALSE,"",831,758,TRUE,adjoint,2,1,1,sieve_md
0.000177827941003892,11.5703837596173,0,FALSE,FALSE,"",831,758,TRUE,adjoint,2,1,1,sieve_md
0.000316227766016838,10.2726517403813,0,FALSE,FALSE,"",831,758,TRUE,adjoint,2,1,1,sieve_md
0.000562341325190349,8.48286734051438,0,FALSE,FALSE,"",831,758,TRUE,adjoint,2,1,1,sieve_md
0.001,6.33270721028035,0,FALSE,FALSE,"",831,758,TRUE,adjoint,2,1,1,sieve_md
0.00177827941003892,4.18652170096132,0,FALSE,FALSE,"",831,758,TRUE,adjoint,2,1,1,sieve_md
0.00316227766016838,2.47335877678715,0,FALSE,FALSE,"",831,758,TRUE,adjoint,2,1,1,sieve_md
0.00562341325190349,1.40089343162484,0,FALSE,FALSE,"",831,758,TRUE,adjoint,2,1,1,sieve_md
0.01,0.877709373515324,0,FALSE,FALSE,"",831,758,TRUE,adjoint,2,1,1,sieve_md
0.0177827941003892,0.691162452274851,0,FALSE,FALSE,"",831,758,TRUE,adjoint,2,1,1,sieve_md
0.0316227766016838,0.677009659961434,0,TRUE,FALSE,"",831,758,TRUE,adjoint,2,1,1,sieve_md
0.0562341325190349,0.749896283058518,0,FALSE,FALSE,"",831,758,TRUE,adjoint,2,1,1,sieve_md
0.1,0.86441396717786,0,FALSE,FALSE,"",831,758,TRUE,adjoint,2,1,1,sieve_md
0.177827941003892,0.986347315458275,0,FALSE,FALSE,"",831,758,TRUE,adjoint,2,1,1,sieve_md
0.316227766016838,1.09099589916428,0,FALSE,FALSE,"",831,758,TRUE,adjoint,2,1,1,sieve_md
0.562341325190349,1.168178544861,0,FALSE,FALSE,"",831,758,TRUE,adjoint,2,1,1,sieve_md
1,1.21946956940916,0,FALSE,FALSE,"",831,758,TRUE,adjoint,2,1,1,sieve_md
1e-10,1.60010322569436,0,FALSE,FALSE,"",830,762,TRUE,adjoint,2,1,2,sieve_md
1.77827941003892e-10,1.60010264223516,0,FALSE,FALSE,"",830,762,TRUE,adjoint,2,1,2,sieve_md
3.16227766016838e-10,1.60010161097208,0,FALSE,FALSE,"",830,762,TRUE,adjoint,2,1,2,sieve_md
5.62341325190349e-10,1.60009977627004,0,FALSE,FALSE,"",830,762,TRUE,adjoint,2,1,2,sieve_md
1e-09,1.60009650876012,0,FALSE,FALSE,"",830,762,TRUE,adjoint,2,1,2,sieve_md
1.77827941003892e-09,1.60009069547984,0,FALSE,FALSE,"",830,762,TRUE,adjoint,2,1,2,sieve_md
3.16227766016838e-09,1.60008035992233,0,FALSE,FALSE,"",830,762,TRUE,adjoint,2,1,2,sieve_md
5.62341325190349e-09,1.60006198306079,0,FALSE,FALSE,"",830,762,TRUE,adjoint,2,1,2,sieve_md
1e-08,1.60002931313007,0,FALSE,FALSE,"",830,762,TRUE,adjoint,2,1,2,sieve_md
1.77827941003892e-08,1.59997124401172,0,FALSE,FALSE,"",830,762,TRUE,adjoint,2,1,2,sieve_md
3.16227766016838e-08,1.59986806748556,0,FALSE,FALSE,"",830,762,TRUE,adjoint,2,1,2,sieve_md
5.62341325190349e-08,1.59968486261324,0,FALSE,FALSE,"",830,762,TRUE,adjoint,2,1,2,sieve_md
1e-07,1.59935992222801,0,FALSE,FALSE,"",830,762,TRUE,adjoint,2,1,2,sieve_md
1.77827941003892e-07,1.59878471514526,0,FALSE,FALSE,"",830,762,TRUE,adjoint,2,1,2,sieve_md
3.16227766016838e-07,1.59776983879243,0,FALSE,FALSE,"",830,762,TRUE,adjoint,2,1,2,sieve_md
5.62341325190349e-07,1.59598882851873,0,FALSE,FALSE,"",830,762,TRUE,adjoint,2,1,2,sieve_md
1e-06,1.59288905320029,0,FALSE,FALSE,"",830,762,TRUE,adjoint,2,1,2,sieve_md
1.77827941003892e-06,1.58755637986687,0,FALSE,FALSE,"",830,762,TRUE,adjoint,2,1,2,sieve_md
3.16227766016838e-06,1.57851750873893,0,FALSE,FALSE,"",830,762,TRUE,adjoint,2,1,2,sieve_md
5.62341325190349e-06,1.56348420777627,0,FALSE,FALSE,"",830,762,TRUE,adjoint,2,1,2,sieve_md
1e-05,1.53921327925462,0,FALSE,FALSE,"",830,762,TRUE,adjoint,2,1,2,sieve_md
1.77827941003892e-05,1.50207595518517,0,FALSE,FALSE,"",830,762,TRUE,adjoint,2,1,2,sieve_md
3.16227766016838e-05,1.44986820050882,0,FALSE,FALSE,"",830,762,TRUE,adjoint,2,1,2,sieve_md
5.62341325190349e-05,1.38342523002536,0,FALSE,FALSE,"",830,762,TRUE,adjoint,2,1,2,sieve_md
1e-04,1.30446754073779,0,FALSE,FALSE,"",830,762,TRUE,adjoint,2,1,2,sieve_md
0.000177827941003892,1.21038843780235,0,FALSE,FALSE,"",830,762,TRUE,adjoint,2,1,2,sieve_md
0.000316227766016838,1.09504757662804,0,FALSE,FALSE,"",830,762,TRUE,adjoint,2,1,2,sieve_md
0.000562341325190349,0.960534101267583,0,FALSE,FALSE,"",830,762,TRUE,adjoint,2,1,2,sieve_md
0.001,0.830767240293319,0,FALSE,FALSE,"",830,762,TRUE,adjoint,2,1,2,sieve_md
0.00177827941003892,0.749305391128019,0,TRUE,FALSE,"",830,762,TRUE,adjoint,2,1,2,sieve_md
0.00316227766016838,0.749919284175202,0,FALSE,FALSE,"",830,762,TRUE,adjoint,2,1,2,sieve_md
0.00562341325190349,0.824809645757351,0,FALSE,FALSE,"",830,762,TRUE,adjoint,2,1,2,sieve_md
0.01,0.933881926450401,0,FALSE,FALSE,"",830,762,TRUE,adjoint,2,1,2,sieve_md
0.0177827941003892,1.04468467535218,0,FALSE,FALSE,"",830,762,TRUE,adjoint,2,1,2,sieve_md
0.0316227766016838,1.15346199075439,0,FALSE,FALSE,"",830,762,TRUE,adjoint,2,1,2,sieve_md
0.0562341325190349,1.27084506030156,0,FALSE,FALSE,"",830,762,TRUE,adjoint,2,1,2,sieve_md
0.1,1.39789703232776,0,FALSE,FALSE,"",830,762,TRUE,adjoint,2,1,2,sieve_md
0.177827941003892,1.52051277793542,0,FALSE,FALSE,"",830,762,TRUE,adjoint,2,1,2,sieve_md
0.316227766016838,1.62237938618722,0,FALSE,FALSE,"",830,762,TRUE,adjoint,2,1,2,sieve_md
0.562341325190349,1.69656840045432,0,FALSE,FALSE,"",830,762,TRUE,adjoint,2,1,2,sieve_md
1,1.74560075725474,0,FALSE,FALSE,"",830,762,TRUE,adjoint,2,1,2,sieve_md
1e-10,0.0884421509934186,0,FALSE,FALSE,"",831,772,TRUE,adjoint,2,1,3,sieve_md
1.77827941003892e-10,0.0884419820702808,0,FALSE,FALSE,"",831,772,TRUE,adjoint,2,1,3,sieve_md
3.16227766016838e-10,0.0884416830619134,0,FALSE,FALSE,"",831,772,TRUE,adjoint,2,1,3,sieve_md
5.62341325190349e-10,0.0884411517557519,0,FALSE,FALSE,"",831,772,TRUE,adjoint,2,1,3,sieve_md
1e-09,0.0884402073504143,0,FALSE,FALSE,"",831,772,TRUE,adjoint,2,1,3,sieve_md
1.77827941003892e-09,0.0884385274477124,0,FALSE,FALSE,"",831,772,TRUE,adjoint,2,1,3,sieve_md
3.16227766016838e-09,0.0884355406499133,0,FALSE,FALSE,"",831,772,TRUE,adjoint,2,1,3,sieve_md
5.62341325190349e-09,0.0884302297509751,0,FALSE,FALSE,"",831,772,TRUE,adjoint,2,1,3,sieve_md
1e-08,0.0884207872363366,0,FALSE,FALSE,"",831,772,TRUE,adjoint,2,1,3,sieve_md
1.77827941003892e-08,0.0884040012070637,0,FALSE,FALSE,"",831,772,TRUE,adjoint,2,1,3,sieve_md
3.16227766016838e-08,0.0883741680466499,0,FALSE,FALSE,"",831,772,TRUE,adjoint,2,1,3,sieve_md
5.62341325190349e-08,0.0883211703317284,0,FALSE,FALSE,"",831,772,TRUE,adjoint,2,1,3,sieve_md
1e-07,0.0882270958905362,0,FALSE,FALSE,"",831,772,TRUE,adjoint,2,1,3,sieve_md
1.77827941003892e-07,0.0880603416506666,0,FALSE,FALSE,"",831,772,TRUE,adjoint,2,1,3,sieve_md
3.16227766016838e-07,0.0877654904348378,0,FALSE,FALSE,"",831,772,TRUE,adjoint,2,1,3,sieve_md
5.62341325190349e-07,0.0872464238566452,0,FALSE,FALSE,"",831,772,TRUE,adjoint,2,1,3,sieve_md
1e-06,0.0863396612350534,0,FALSE,FALSE,"",831,772,TRUE,adjoint,2,1,3,sieve_md
1.77827941003892e-06,0.084776794273559,0,FALSE,FALSE,"",831,772,TRUE,adjoint,2,1,3,sieve_md
3.16227766016838e-06,0.0821448806720225,0,FALSE,FALSE,"",831,772,TRUE,adjoint,2,1,3,sieve_md
5.62341325190349e-06,0.0778843685488076,0,FALSE,FALSE,"",831,772,TRUE,adjoint,2,1,3,sieve_md
1e-05,0.0714310798922257,0,FALSE,FALSE,"",831,772,TRUE,adjoint,2,1,3,sieve_md
1.77827941003892e-05,0.0626859512941954,0,FALSE,FALSE,"",831,772,TRUE,adjoint,2,1,3,sieve_md
3.16227766016838e-05,0.0528694917406173,0,FALSE,FALSE,"",831,772,TRUE,adjoint,2,1,3,sieve_md
5.62341325190349e-05,0.0450686465457069,0,FALSE,FALSE,"",831,772,TRUE,adjoint,2,1,3,sieve_md
1e-04,0.0430535383402708,0,TRUE,FALSE,"",831,772,TRUE,adjoint,2,1,3,sieve_md
0.000177827941003892,0.0489843594576748,0,FALSE,FALSE,"",831,772,TRUE,adjoint,2,1,3,sieve_md
0.000316227766016838,0.0639426598128318,0,FALSE,FALSE,"",831,772,TRUE,adjoint,2,1,3,sieve_md
0.000562341325190349,0.0924402636751772,0,FALSE,FALSE,"",831,772,TRUE,adjoint,2,1,3,sieve_md
0.001,0.146180860447854,0,FALSE,FALSE,"",831,772,TRUE,adjoint,2,1,3,sieve_md
0.00177827941003892,0.240536059473487,0,FALSE,FALSE,"",831,772,TRUE,adjoint,2,1,3,sieve_md
0.00316227766016838,0.380956860049223,0,FALSE,FALSE,"",831,772,TRUE,adjoint,2,1,3,sieve_md
0.00562341325190349,0.551592780170077,0,FALSE,FALSE,"",831,772,TRUE,adjoint,2,1,3,sieve_md
0.01,0.72513481259398,0,FALSE,FALSE,"",831,772,TRUE,adjoint,2,1,3,sieve_md
0.0177827941003892,0.885217801668719,0,FALSE,FALSE,"",831,772,TRUE,adjoint,2,1,3,sieve_md
0.0316227766016838,1.03478267362984,0,FALSE,FALSE,"",831,772,TRUE,adjoint,2,1,3,sieve_md
0.0562341325190349,1.18418943311651,0,FALSE,FALSE,"",831,772,TRUE,adjoint,2,1,3,sieve_md
0.1,1.33396750561623,0,FALSE,FALSE,"",831,772,TRUE,adjoint,2,1,3,sieve_md
0.177827941003892,1.47114694235806,0,FALSE,FALSE,"",831,772,TRUE,adjoint,2,1,3,sieve_md
0.316227766016838,1.58148764753514,0,FALSE,FALSE,"",831,772,TRUE,adjoint,2,1,3,sieve_md
0.562341325190349,1.6602470948744,0,FALSE,FALSE,"",831,772,TRUE,adjoint,2,1,3,sieve_md
1,1.71165008469695,0,FALSE,FALSE,"",831,772,TRUE,adjoint,2,1,3,sieve_md
1e-10,0.686559540794202,0,FALSE,FALSE,"",1246,1146,TRUE,adjoint,2,1,0,sieve_md
1.77827941003892e-10,0.686558137611594,0,FALSE,FALSE,"",1246,1146,TRUE,adjoint,2,1,0,sieve_md
3.16227766016838e-10,0.68655564238105,0,FALSE,FALSE,"",1246,1146,TRUE,adjoint,2,1,0,sieve_md
5.62341325190349e-10,0.686551205236591,0,FALSE,FALSE,"",1246,1146,TRUE,adjoint,2,1,0,sieve_md
1e-09,0.68654331496352,0,FALSE,FALSE,"",1246,1146,TRUE,adjoint,2,1,0,sieve_md
1.77827941003892e-09,0.686529284536043,0,FALSE,FALSE,"",1246,1146,TRUE,adjoint,2,1,0,sieve_md
3.16227766016838e-09,0.686504336670414,0,FALSE,FALSE,"",1246,1146,TRUE,adjoint,2,1,0,sieve_md
5.62341325190349e-09,0.686459979206441,0,FALSE,FALSE,"",1246,1146,TRUE,adjoint,2,1,0,sieve_md
1e-08,0.686381120776162,0,FALSE,FALSE,"",1246,1146,TRUE,adjoint,2,1,0,sieve_md
1.77827941003892e-08,0.686240956512418,0,FALSE,FALSE,"",1246,1146,TRUE,adjoint,2,1,0,sieve_md
3.16227766016838e-08,0.685991920292897,0,FALSE,FALSE,"",1246,1146,TRUE,adjoint,2,1,0,sieve_md
5.62341325190349e-08,0.685549742997056,0,FALSE,FALSE,"",1246,1146,TRUE,adjoint,2,1,0,sieve_md
1e-07,0.684765567574854,0,FALSE,FALSE,"",1246,1146,TRUE,adjoint,2,1,0,sieve_md
1.77827941003892e-07,0.683377811614731,0,FALSE,FALSE,"",1246,1146,TRUE,adjoint,2,1,0,sieve_md
3.16227766016838e-07,0.680931054028403,0,FALSE,FALSE,"",1246,1146,TRUE,adjoint,2,1,0,sieve_md
5.62341325190349e-07,0.676645461052284,0,FALSE,FALSE,"",1246,1146,TRUE,adjoint,2,1,0,sieve_md
1e-06,0.669224994894849,0,FALSE,FALSE,"",1246,1146,TRUE,adjoint,2,1,0,sieve_md
1.77827941003892e-06,0.656629586485022,0,FALSE,FALSE,"",1246,1146,TRUE,adjoint,2,1,0,sieve_md
3.16227766016838e-06,0.635957697894003,0,FALSE,FALSE,"",1246,1146,TRUE,adjoint,2,1,0,sieve_md
5.62341325190349e-06,0.603843102326087,0,FALSE,FALSE,"",1246,1146,TRUE,adjoint,2,1,0,sieve_md
1e-05,0.557994139218681,0,FALSE,FALSE,"",1246,1146,TRUE,adjoint,2,1,0,sieve_md
1.77827941003892e-05,0.499860263411123,0,FALSE,FALSE,"",1246,1146,TRUE,adjoint,2,1,0,sieve_md
3.16227766016838e-05,0.436118256924001,0,FALSE,FALSE,"",1246,1146,TRUE,adjoint,2,1,0,sieve_md
5.62341325190349e-05,0.375700010107095,0,FALSE,FALSE,"",1246,1146,TRUE,adjoint,2,1,0,sieve_md
1e-04,0.324291831204616,0,FALSE,FALSE,"",1246,1146,TRUE,adjoint,2,1,0,sieve_md
0.000177827941003892,0.282775809635379,0,FALSE,FALSE,"",1246,1146,TRUE,adjoint,2,1,0,sieve_md
0.000316227766016838,0.250566673174363,0,FALSE,FALSE,"",1246,1146,TRUE,adjoint,2,1,0,sieve_md
0.000562341325190349,0.228849043383741,0,FALSE,FALSE,"",1246,1146,TRUE,adjoint,2,1,0,sieve_md
0.001,0.220831817862154,0,TRUE,FALSE,"",1246,1146,TRUE,adjoint,2,1,0,sieve_md
0.00177827941003892,0.230683306978968,0,FALSE,FALSE,"",1246,1146,TRUE,adjoint,2,1,0,sieve_md
0.00316227766016838,0.263244887402534,0,FALSE,FALSE,"",1246,1146,TRUE,adjoint,2,1,0,sieve_md
0.00562341325190349,0.322990099773577,0,FALSE,FALSE,"",1246,1146,TRUE,adjoint,2,1,0,sieve_md
0.01,0.410097644514867,0,FALSE,FALSE,"",1246,1146,TRUE,adjoint,2,1,0,sieve_md
0.0177827941003892,0.519035215119954,0,FALSE,FALSE,"",1246,1146,TRUE,adjoint,2,1,0,sieve_md
0.0316227766016838,0.644389840328454,0,FALSE,FALSE,"",1246,1146,TRUE,adjoint,2,1,0,sieve_md
0.0562341325190349,0.78334262794346,0,FALSE,FALSE,"",1246,1146,TRUE,adjoint,2,1,0,sieve_md
0.1,0.927924524358124,0,FALSE,FALSE,"",1246,1146,TRUE,adjoint,2,1,0,sieve_md
0.177827941003892,1.06165368197679,0,FALSE,FALSE,"",1246,1146,TRUE,adjoint,2,1,0,sieve_md
0.316227766016838,1.16933049656385,0,FALSE,FALSE,"",1246,1146,TRUE,adjoint,2,1,0,sieve_md
0.562341325190349,1.24608835940583,0,FALSE,FALSE,"",1246,1146,TRUE,adjoint,2,1,0,sieve_md
1,1.29610832341594,0,FALSE,FALSE,"",1246,1146,TRUE,adjoint,2,1,0,sieve_md
