mechanism,n,replicate,seed,job
binary_longitudinal,500,1,5101001,binary_longitudinal-n500-r001
binary_longitudinal,500,2,5101002,binary_longitudinal-n500-r002
binary_longitudinal,500,3,5101003,binary_longitudinal-n500-r003
binary_longitudinal,500,4,5101004,binary_longitudinal-n500-r004
binary_longitudinal,500,5,5101005,binary_longitudinal-n500-r005
binary_longitudinal,500,6,5101006,binary_longitudinal-n500-r006
binary_longitudinal,500,7,5101007,binary_longitudinal-n500-r007
binary_longitudinal,500,8,5101008,binary_longitudinal-n500-r008
binary_longitudinal,500,9,5101009,binary_longitudinal-n500-r009
binary_longitudinal,500,10,5101010,binary_longitudinal-n500-r010
binary_longitudinal,500,11,5101011,binary_longitudinal-n500-r011
binary_longitudinal,500,12,5101012,binary_longitudinal-n500-r012
binary_longitudinal,500,13,5101013,binary_longitudinal-n500-r013
binary_longitudinal,500,14,5101014,binary_longitudinal-n500-r014
binary_longitudinal,500,15,5101015,binary_longitudinal-n500-r015
binary_longitudinal,500,16,5101016,binary_longitudinal-n500-r016
binary_longitudinal,500,17,5101017,binary_longitudinal-n500-r017
binary_longitudinal,500,18,5101018,binary_longitudinal-n500-r018
binary_longitudinal,500,19,5101019,binary_longitudinal-n500-r019
binary_longitudinal,500,20,5101020,binary_longitudinal-n500-r020
binary_longitudinal,500,21,5101021,binary_longitudinal-n500-r021
binary_longitudinal,500,22,5101022,binary_longitudinal-n500-r022
binary_longitudinal,500,23,5101023,binary_longitudinal-n500-r023
binary_longitudinal,500,24,5101024,binary_longitudinal-n500-r024
binary_longitudinal,500,25,5101025,binary_longitudinal-n500-r025
binary_longitudinal,500,26,5101026,binary_longitudinal-n500-r026
binary_longitudinal,500,27,5101027,binary_longitudinal-n500-r027
binary_longitudinal,500,28,5101028,binary_longitudinal-n500-r028
binary_longitudinal,500,29,5101029,binary_longitudinal-n500-r029
binary_longitudinal,500,30,5101030,binary_longitudinal-n500-r030
binary_longitudinal,500,31,5101031,binary_longitudinal-n500-r031
binary_longitudinal,500,32,5101032,binary_longitudinal-n500-r032
binary_longitudinal,500,33,5101033,binary_longitudinal-n500-r033
binary_longitudinal,500,34,5101034,binary_longitudinal-n500-r034
binary_longitudinal,500,35,5101035,binary_longitudinal-n500-r035
binary_longitudinal,500,36,5101036,binary_longitudinal-n500-r036
binary_longitudinal,500,37,5101037,binary_longitudinal-n500-r037
binary_longitudinal,500,38,5101038,binary_longitudinal-n500-r038
binary_longitudinal,500,39,5101039,binary_longitudinal-n500-r039
binary_longitudinal,500,40,5101040,binary_longitudinal-n500-r040
binary_longitudinal,500,41,5101041,binary_longitudinal-n500-r041
binary_longitudinal,500,42,5101042,binary_longitudinal-n500-r042
binary_longitudinal,500,43,5101043,binary_longitudinal-n500-r043
binary_longitudinal,500,44,5101044,binary_longitudinal-n500-r044
binary_longitudinal,500,45,5101045,binary_longitudinal-n500-r045
binary_longitudinal,500,46,5101046,binary_longitudinal-n500-r046
binary_longitudinal,500,47,5101047,binary_longitudinal-n500-r047
binary_longitudinal,500,48,5101048,binary_longitudinal-n500-r048
binary_longitudinal,500,49,5101049,binary_longitudinal-n500-r049
binary_longitudinal,500,50,5101050,binary_longitudinal-n500-r050
binary_longitudinal,500,51,5101051,binary_longitudinal-n500-r051
binary_longitudinal,500,52,5101052,binary_longitudinal-n500-r052
binary_longitudinal,500,53,5101053,binary_longitudinal-n500-r053
binary_longitudinal,500,54,5101054,binary_longitudinal-n500-r054
binary_longitudinal,500,55,5101055,binary_longitudinal-n500-r055
binary_longitudinal,500,56,5101056,binary_longitudinal-n500-r056
binary_longitudinal,500,57,5101057,binary_longitudinal-n500-r057
binary_longitudinal,500,58,5101058,binary_longitudinal-n500-r058
binary_longitudinal,500,59,5101059,binary_longitudinal-n500-r059
binary_longitudinal,500,60,5101060,binary_longitudinal-n500-r060
binary_longitudinal,500,61,5101061,binary_longitudinal-n500-r061
binary_longitudinal,500,62,5101062,binary_longitudinal-n500-r062
binary_longitudinal,500,63,5101063,binary_longitudinal-n500-r063
binary_longitudinal,500,64,5101064,binary_longitudinal-n500-r064
binary_longitudinal,500,65,5101065,binary_longitudinal-n500-r065
binary_longitudinal,500,66,5101066,binary_longitudinal-n500-r066
binary_longitudinal,500,67,5101067,binary_longitudinal-n500-r067
binary_longitudinal,500,68,5101068,binary_longitudinal-n500-r068
binary_longitudinal,500,69,5101069,binary_longitudinal-n500-r069
binary_longitudinal,500,70,5101070,binary_longitudinal-n500-r070
binary_longitudinal,500,71,5101071,binary_longitudinal-n500-r071
binary_longitudinal,500,72,5101072,binary_longitudinal-n500-r072
binary_longitudinal,500,73,5101073,binary_longitudinal-n500-r073
binary_longitudinal,500,74,5101074,binary_longitudinal-n500-r074
binary_longitudinal,500,75,5101075,binary_longitudinal-n500-r075
binary_longitudinal,500,76,5101076,binary_longitudinal-n500-r076
binary_longitudinal,500,77,5101077,binary_longitudinal-n500-r077
binary_longitudinal,500,78,5101078,binary_longitudinal-n500-r078
binary_longitudinal,500,79,5101079,binary_longitudinal-n500-r079
binary_longitudinal,500,80,5101080,binary_longitudinal-n500-r080
binary_longitudinal,500,81,5101081,binary_longitudinal-n500-r081
binary_longitudinal,500,82,5101082,binary_longitudinal-n500-r082
binary_longitudinal,500,83,5101083,binary_longitudinal-n500-r083
binary_longitudinal,500,84,5101084,binary_longitudinal-n500-r084
binary_longitudinal,500,85,5101085,binary_longitudinal-n500-r085
binary_longitudinal,500,86,5101086,binary_longitudinal-n500-r086
binary_longitudinal,500,87,5101087,binary_longitudinal-n500-r087
binary_longitudinal,500,88,5101088,binary_longitudinal-n500-r088
binary_longitudinal,500,89,5101089,binary_longitudinal-n500-r089
binary_longitudinal,500,90,5101090,binary_longitudinal-n500-r090
binary_longitudinal,500,91,5101091,binary_longitudinal-n500-r091
binary_longitudinal,500,92,5101092,binary_longitudinal-n500-r092
binary_longitudinal,500,93,5101093,binary_longitudinal-n500-r093
binary_longitudinal,500,94,5101094,binary_longitudinal-n500-r094
binary_longitudinal,500,95,5101095,binary_longitudinal-n500-r095
binary_longitudinal,500,96,5101096,binary_longitudinal-n500-r096
binary_longitudinal,500,97,5101097,binary_longitudinal-n500-r097
binary_longitudinal,500,98,5101098,binary_longitudinal-n500-r098
binary_longitudinal,500,99,5101099,binary_longitudinal-n500-r099
binary_longitudinal,500,100,5101100,binary_longitudinal-n500-r100
binary_longitudinal,500,101,5101101,binary_longitudinal-n500-r101
binary_longitudinal,500,102,5101102,binary_longitudinal-n500-r102
binary_longitudinal,500,103,5101103,binary_longitudinal-n500-r103
binary_longitudinal,500,104,5101104,binary_longitudinal-n500-r104
binary_longitudinal,500,105,5101105,binary_longitudinal-n500-r105
binary_longitudinal,500,106,5101106,binary_longitudinal-n500-r106
binary_longitudinal,500,107,5101107,binary_longitudinal-n500-r107
binary_longitudinal,500,108,5101108,binary_longitudinal-n500-r108
binary_longitudinal,500,109,5101109,binary_longitudinal-n500-r109
binary_longitudinal,500,110,5101110,binary_longitudinal-n500-r110
binary_longitudinal,500,111,5101111,binary_longitudinal-n500-r111
binary_longitudinal,500,112,5101112,binary_longitudinal-n500-r112
binary_longitudinal,500,113,5101113,binary_longitudinal-n500-r113
binary_longitudinal,500,114,5101114,binary_longitudinal-n500-r114
binary_longitudinal,500,115,5101115,binary_longitudinal-n500-r115
binary_longitudinal,500,116,5101116,binary_longitudinal-n500-r116
binary_longitudinal,500,117,5101117,binary_longitudinal-n500-r117
binary_longitudinal,500,118,5101118,binary_longitudinal-n500-r118
binary_longitudinal,500,119,5101119,binary_longitudinal-n500-r119
binary_longitudinal,500,120,5101120,binary_longitudinal-n500-r120
binary_longitudinal,500,121,5101121,binary_longitudinal-n500-r121
binary_longitudinal,500,122,5101122,binary_longitudinal-n500-r122
binary_longitudinal,500,123,5101123,binary_longitudinal-n500-r123
binary_longitudinal,500,124,5101124,binary_longitudinal-n500-r124
binary_longitudinal,500,125,5101125,binary_longitudinal-n500-r125
binary_longitudinal,500,126,5101126,binary_longitudinal-n500-r126
binary_longitudinal,500,127,5101127,binary_longitudinal-n500-r127
binary_longitudinal,500,128,5101128,binary_longitudinal-n500-r128
binary_longitudinal,500,129,5101129,binary_longitudinal-n500-r129
binary_longitudinal,500,130,5101130,binary_longitudinal-n500-r130
binary_longitudinal,500,131,5101131,binary_longitudinal-n500-r131
binary_longitudinal,500,132,5101132,binary_longitudinal-n500-r132
binary_longitudinal,500,133,5101133,binary_longitudinal-n500-r133
binary_longitudinal,500,134,5101134,binary_longitudinal-n500-r134
binary_longitudinal,500,135,5101135,binary_longitudinal-n500-r135
binary_longitudinal,500,136,5101136,binary_longitudinal-n500-r136
binary_longitudinal,500,137,5101137,binary_longitudinal-n500-r137
binary_longitudinal,500,138,5101138,binary_longitudinal-n500-r138
binary_longitudinal,500,139,5101139,binary_longitudinal-n500-r139
binary_longitudinal,500,140,5101140,binary_longitudinal-n500-r140
binary_longitudinal,500,141,5101141,binary_longitudinal-n500-r141
binary_longitudinal,500,142,5101142,binary_longitudinal-n500-r142
binary_longitudinal,500,143,5101143,binary_longitudinal-n500-r143
binary_longitudinal,500,144,5101144,binary_longitudinal-n500-r144
binary_longitudinal,500,145,5101145,binary_longitudinal-n500-r145
binary_longitudinal,500,146,5101146,binary_longitudinal-n500-r146
binary_longitudinal,500,147,5101147,binary_longitudinal-n500-r147
binary_longitudinal,500,148,5101148,binary_longitudinal-n500-r148
binary_longitudinal,500,149,5101149,binary_longitudinal-n500-r149
binary_longitudinal,500,150,5101150,binary_longitudinal-n500-r150
binary_longitudinal,500,151,5101151,binary_longitudinal-n500-r151
binary_longitudinal,500,152,5101152,binary_longitudinal-n500-r152
binary_longitudinal,500,153,5101153,binary_longitudinal-n500-r153
binary_longitudinal,500,154,5101154,binary_longitudinal-n500-r154
binary_longitudinal,500,155,5101155,binary_longitudinal-n500-r155
binary_longitudinal,500,156,5101156,binary_longitudinal-n500-r156
binary_longitudinal,500,157,5101157,binary_longitudinal-n500-r157
binary_longitudinal,500,158,5101158,binary_longitudinal-n500-r158
binary_longitudinal,500,159,5101159,binary_longitudinal-n500-r159
binary_longitudinal,500,160,5101160,binary_longitudinal-n500-r160
binary_longitudinal,500,161,5101161,binary_longitudinal-n500-r161
binary_longitudinal,500,162,5101162,binary_longitudinal-n500-r162
binary_longitudinal,500,163,5101163,binary_longitudinal-n500-r163
binary_longitudinal,500,164,5101164,binary_longitudinal-n500-r164
binary_longitudinal,500,165,5101165,binary_longitudinal-n500-r165
binary_longitudinal,500,166,5101166,binary_longitudinal-n500-r166
binary_longitudinal,500,167,5101167,binary_longitudinal-n500-r167
binary_longitudinal,500,168,5101168,binary_longitudinal-n500-r168
binary_longitudinal,500,169,5101169,binary_longitudinal-n500-r169
binary_longitudinal,500,170,5101170,binary_longitudinal-n500-r170
binary_longitudinal,500,171,5101171,binary_longitudinal-n500-r171
binary_longitudinal,500,172,5101172,binary_longitudinal-n500-r172
binary_longitudinal,500,173,5101173,binary_longitudinal-n500-r173
binary_longitudinal,500,174,5101174,binary_longitudinal-n500-r174
binary_longitudinal,500,175,5101175,binary_longitudinal-n500-r175
binary_longitudinal,500,176,5101176,binary_longitudinal-n500-r176
binary_longitudinal,500,177,5101177,binary_longitudinal-n500-r177
binary_longitudinal,500,178,5101178,binary_longitudinal-n500-r178
binary_longitudinal,500,179,5101179,binary_longitudinal-n500-r179
binary_longitudinal,500,180,5101180,binary_longitudinal-n500-r180
binary_longitudinal,500,181,5101181,binary_longitudinal-n500-r181
binary_longitudinal,500,182,5101182,binary_longitudinal-n500-r182
binary_longitudinal,500,183,5101183,binary_longitudinal-n500-r183
binary_longitudinal,500,184,5101184,binary_longitudinal-n500-r184
binary_longitudinal,500,185,5101185,binary_longitudinal-n500-r185
binary_longitudinal,500,186,5101186,binary_longitudinal-n500-r186
binary_longitudinal,500,187,5101187,binary_longitudinal-n500-r187
binary_longitudinal,500,188,5101188,binary_longitudinal-n500-r188
binary_longitudinal,500,189,5101189,binary_longitudinal-n500-r189
binary_longitudinal,500,190,5101190,binary_longitudinal-n500-r190
binary_longitudinal,500,191,5101191,binary_longitudinal-n500-r191
binary_longitudinal,500,192,5101192,binary_longitudinal-n500-r192
binary_longitudinal,500,193,5101193,binary_longitudinal-n500-r193
binary_longitudinal,500,194,5101194,binary_longitudinal-n500-r194
binary_longitudinal,500,195,5101195,binary_longitudinal-n500-r195
binary_longitudinal,500,196,5101196,binary_longitudinal-n500-r196
binary_longitudinal,500,197,5101197,binary_longitudinal-n500-r197
binary_longitudinal,500,198,5101198,binary_longitudinal-n500-r198
binary_longitudinal,500,199,5101199,binary_longitudinal-n500-r199
binary_longitudinal,500,200,5101200,binary_longitudinal-n500-r200
binary_longitudinal,1000,1,5102001,binary_longitudinal-n1000-r001
binary_longitudinal,1000,2,5102002,binary_longitudinal-n1000-r002
binary_longitudinal,1000,3,5102003,binary_longitudinal-n1000-r003
binary_longitudinal,1000,4,5102004,binary_longitudinal-n1000-r004
binary_longitudinal,1000,5,5102005,binary_longitudinal-n1000-r005
binary_longitudinal,1000,6,5102006,binary_longitudinal-n1000-r006
binary_longitudinal,1000,7,5102007,binary_longitudinal-n1000-r007
binary_longitudinal,1000,8,5102008,binary_longitudinal-n1000-r008
binary_longitudinal,1000,9,5102009,binary_longitudinal-n1000-r009
binary_longitudinal,1000,10,5102010,binary_longitudinal-n1000-r010
binary_longitudinal,1000,11,5102011,binary_longitudinal-n1000-r011
binary_longitudinal,1000,12,5102012,binary_longitudinal-n1000-r012
binary_longitudinal,1000,13,5102013,binary_longitudinal-n1000-r013
binary_longitudinal,1000,14,5102014,binary_longitudinal-n1000-r014
binary_longitudinal,1000,15,5102015,binary_longitudinal-n1000-r015
binary_longitudinal,1000,16,5102016,binary_longitudinal-n1000-r016
binary_longitudinal,1000,17,5102017,binary_longitudinal-n1000-r017
binary_longitudinal,1000,18,5102018,binary_longitudinal-n1000-r018
binary_longitudinal,1000,19,5102019,binary_longitudinal-n1000-r019
binary_longitudinal,1000,20,5102020,binary_longitudinal-n1000-r020
binary_longitudinal,1000,21,5102021,binary_longitudinal-n1000-r021
binary_longitudinal,1000,22,5102022,binary_longitudinal-n1000-r022
binary_longitudinal,1000,23,5102023,binary_longitudinal-n1000-r023
binary_longitudinal,1000,24,5102024,binary_longitudinal-n1000-r024
binary_longitudinal,1000,25,5102025,binary_longitudinal-n1000-r025
binary_longitudinal,1000,26,5102026,binary_longitudinal-n1000-r026
binary_longitudinal,1000,27,5102027,binary_longitudinal-n1000-r027
binary_longitudinal,1000,28,5102028,binary_longitudinal-n1000-r028
binary_longitudinal,1000,29,5102029,binary_longitudinal-n1000-r029
binary_longitudinal,1000,30,5102030,binary_longitudinal-n1000-r030
binary_longitudinal,1000,31,5102031,binary_longitudinal-n1000-r031
binary_longitudinal,1000,32,5102032,binary_longitudinal-n1000-r032
binary_longitudinal,1000,33,5102033,binary_longitudinal-n1000-r033
binary_longitudinal,1000,34,5102034,binary_longitudinal-n1000-r034
binary_longitudinal,1000,35,5102035,binary_longitudinal-n1000-r035
binary_longitudinal,1000,36,5102036,binary_longitudinal-n1000-r036
binary_longitudinal,1000,37,5102037,binary_longitudinal-n1000-r037
binary_longitudinal,1000,38,5102038,binary_longitudinal-n1000-r038
binary_longitudinal,1000,39,5102039,binary_longitudinal-n1000-r039
binary_longitudinal,1000,40,5102040,binary_longitudinal-n1000-r040
binary_longitudinal,1000,41,5102041,binary_longitudinal-n1000-r041
binary_longitudinal,1000,42,5102042,binary_longitudinal-n1000-r042
binary_longitudinal,1000,43,5102043,binary_longitudinal-n1000-r043
binary_longitudinal,1000,44,5102044,binary_longitudinal-n1000-r044
binary_longitudinal,1000,45,5102045,binary_longitudinal-n1000-r045
binary_longitudinal,1000,46,5102046,binary_longitudinal-n1000-r046
binary_longitudinal,1000,47,5102047,binary_longitudinal-n1000-r047
binary_longitudinal,1000,48,5102048,binary_longitudinal-n1000-r048
binary_longitudinal,1000,49,5102049,binary_longitudinal-n1000-r049
binary_longitudinal,1000,50,5102050,binary_longitudinal-n1000-r050
binary_longitudinal,1000,51,5102051,binary_longitudinal-n1000-r051
binary_longitudinal,1000,52,5102052,binary_longitudinal-n1000-r052
binary_longitudinal,1000,53,5102053,binary_longitudinal-n1000-r053
binary_longitudinal,1000,54,5102054,binary_longitudinal-n1000-r054
binary_longitudinal,1000,55,5102055,binary_longitudinal-n1000-r055
binary_longitudinal,1000,56,5102056,binary_longitudinal-n1000-r056
binary_longitudinal,1000,57,5102057,binary_longitudinal-n1000-r057
binary_longitudinal,1000,58,5102058,binary_longitudinal-n1000-r058
binary_longitudinal,1000,59,5102059,binary_longitudinal-n1000-r059
binary_longitudinal,1000,60,5102060,binary_longitudinal-n1000-r060
binary_longitudinal,1000,61,5102061,binary_longitudinal-n1000-r061
binary_longitudinal,1000,62,5102062,binary_longitudinal-n1000-r062
binary_longitudinal,1000,63,5102063,binary_longitudinal-n1000-r063
binary_longitudinal,1000,64,5102064,binary_longitudinal-n1000-r064
binary_longitudinal,1000,65,5102065,binary_longitudinal-n1000-r065
binary_longitudinal,1000,66,5102066,binary_longitudinal-n1000-r066
binary_longitudinal,1000,67,5102067,binary_longitudinal-n1000-r067
binary_longitudinal,1000,68,5102068,binary_longitudinal-n1000-r068
binary_longitudinal,1000,69,5102069,binary_longitudinal-n1000-r069
binary_longitudinal,1000,70,5102070,binary_longitudinal-n1000-r070
binary_longitudinal,1000,71,5102071,binary_longitudinal-n1000-r071
binary_longitudinal,1000,72,5102072,binary_longitudinal-n1000-r072
binary_longitudinal,1000,73,5102073,binary_longitudinal-n1000-r073
binary_longitudinal,1000,74,5102074,binary_longitudinal-n1000-r074
binary_longitudinal,1000,75,5102075,binary_longitudinal-n1000-r075
binary_longitudinal,1000,76,5102076,binary_longitudinal-n1000-r076
binary_longitudinal,1000,77,5102077,binary_longitudinal-n1000-r077
binary_longitudinal,1000,78,5102078,binary_longitudinal-n1000-r078
binary_longitudinal,1000,79,5102079,binary_longitudinal-n1000-r079
binary_longitudinal,1000,80,5102080,binary_longitudinal-n1000-r080
binary_longitudinal,1000,81,5102081,binary_longitudinal-n1000-r081
binary_longitudinal,1000,82,5102082,binary_longitudinal-n1000-r082
binary_longitudinal,1000,83,5102083,binary_longitudinal-n1000-r083
binary_longitudinal,1000,84,5102084,binary_longitudinal-n1000-r084
binary_longitudinal,1000,85,5102085,binary_longitudinal-n1000-r085
binary_longitudinal,1000,86,5102086,binary_longitudinal-n1000-r086
binary_longitudinal,1000,87,5102087,binary_longitudinal-n1000-r087
binary_longitudinal,1000,88,5102088,binary_longitudinal-n1000-r088
binary_longitudinal,1000,89,5102089,binary_longitudinal-n1000-r089
binary_longitudinal,1000,90,5102090,binary_longitudinal-n1000-r090
binary_longitudinal,1000,91,5102091,binary_longitudinal-n1000-r091
binary_longitudinal,1000,92,5102092,binary_longitudinal-n1000-r092
binary_longitudinal,1000,93,5102093,binary_longitudinal-n1000-r093
binary_longitudinal,1000,94,5102094,binary_longitudinal-n1000-r094
binary_longitudinal,1000,95,5102095,binary_longitudinal-n1000-r095
binary_longitudinal,1000,96,5102096,binary_longitudinal-n1000-r096
binary_longitudinal,1000,97,5102097,binary_longitudinal-n1000-r097
binary_longitudinal,1000,98,5102098,binary_longitudinal-n1000-r098
binary_longitudinal,1000,99,5102099,binary_longitudinal-n1000-r099
binary_longitudinal,1000,100,5102100,binary_longitudinal-n1000-r100
binary_longitudinal,1000,101,5102101,binary_longitudinal-n1000-r101
binary_longitudinal,1000,102,5102102,binary_longitudinal-n1000-r102
binary_longitudinal,1000,103,5102103,binary_longitudinal-n1000-r103
binary_longitudinal,1000,104,5102104,binary_longitudinal-n1000-r104
binary_longitudinal,1000,105,5102105,binary_longitudinal-n1000-r105
binary_longitudinal,1000,106,5102106,binary_longitudinal-n1000-r106
binary_longitudinal,1000,107,5102107,binary_longitudinal-n1000-r107
binary_longitudinal,1000,108,5102108,binary_longitudinal-n1000-r108
binary_longitudinal,1000,109,5102109,binary_longitudinal-n1000-r109
binary_longitudinal,1000,110,5102110,binary_longitudinal-n1000-r110
binary_longitudinal,1000,111,5102111,binary_longitudinal-n1000-r111
binary_longitudinal,1000,112,5102112,binary_longitudinal-n1000-r112
binary_longitudinal,1000,113,5102113,binary_longitudinal-n1000-r113
binary_longitudinal,1000,114,5102114,binary_longitudinal-n1000-r114
binary_longitudinal,1000,115,5102115,binary_longitudinal-n1000-r115
binary_longitudinal,1000,116,5102116,binary_longitudinal-n1000-r116
binary_longitudinal,1000,117,5102117,binary_longitudinal-n1000-r117
binary_longitudinal,1000,118,5102118,binary_longitudinal-n1000-r118
binary_longitudinal,1000,119,5102119,binary_longitudinal-n1000-r119
binary_longitudinal,1000,120,5102120,binary_longitudinal-n1000-r120
binary_longitudinal,1000,121,5102121,binary_longitudinal-n1000-r121
binary_longitudinal,1000,122,5102122,binary_longitudinal-n1000-r122
binary_longitudinal,1000,123,5102123,binary_longitudinal-n1000-r123
binary_longitudinal,1000,124,5102124,binary_longitudinal-n1000-r124
binary_longitudinal,1000,125,5102125,binary_longitudinal-n1000-r125
binary_longitudinal,1000,126,5102126,binary_longitudinal-n1000-r126
binary_longitudinal,1000,127,5102127,binary_longitudinal-n1000-r127
binary_longitudinal,1000,128,5102128,binary_longitudinal-n1000-r128
binary_longitudinal,1000,129,5102129,binary_longitudinal-n1000-r129
binary_longitudinal,1000,130,5102130,binary_longitudinal-n1000-r130
binary_longitudinal,1000,131,5102131,binary_longitudinal-n1000-r131
binary_longitudinal,1000,132,5102132,binary_longitudinal-n1000-r132
binary_longitudinal,1000,133,5102133,binary_longitudinal-n1000-r133
binary_longitudinal,1000,134,5102134,binary_longitudinal-n1000-r134
binary_longitudinal,1000,135,5102135,binary_longitudinal-n1000-r135
binary_longitudinal,1000,136,5102136,binary_longitudinal-n1000-r136
binary_longitudinal,1000,137,5102137,binary_longitudinal-n1000-r137
binary_longitudinal,1000,138,5102138,binary_longitudinal-n1000-r138
binary_longitudinal,1000,139,5102139,binary_longitudinal-n1000-r139
binary_longitudinal,1000,140,5102140,binary_longitudinal-n1000-r140
binary_longitudinal,1000,141,5102141,binary_longitudinal-n1000-r141
binary_longitudinal,1000,142,5102142,binary_longitudinal-n1000-r142
binary_longitudinal,1000,143,5102143,binary_longitudinal-n1000-r143
binary_longitudinal,1000,144,5102144,binary_longitudinal-n1000-r144
binary_longitudinal,1000,145,5102145,binary_longitudinal-n1000-r145
binary_longitudinal,1000,146,5102146,binary_longitudinal-n1000-r146
binary_longitudinal,1000,147,5102147,binary_longitudinal-n1000-r147
binary_longitudinal,1000,148,5102148,binary_longitudinal-n1000-r148
binary_longitudinal,1000,149,5102149,binary_longitudinal-n1000-r149
binary_longitudinal,1000,150,5102150,binary_longitudinal-n1000-r150
binary_longitudinal,1000,151,5102151,binary_longitudinal-n1000-r151
binary_longitudinal,1000,152,5102152,binary_longitudinal-n1000-r152
binary_longitudinal,1000,153,5102153,binary_longitudinal-n1000-r153
binary_longitudinal,1000,154,5102154,binary_longitudinal-n1000-r154
binary_longitudinal,1000,155,5102155,binary_longitudinal-n1000-r155
binary_longitudinal,1000,156,5102156,binary_longitudinal-n1000-r156
binary_longitudinal,1000,157,5102157,binary_longitudinal-n1000-r157
binary_longitudinal,1000,158,5102158,binary_longitudinal-n1000-r158
binary_longitudinal,1000,159,5102159,binary_longitudinal-n1000-r159
binary_longitudinal,1000,160,5102160,binary_longitudinal-n1000-r160
binary_longitudinal,1000,161,5102161,binary_longitudinal-n1000-r161
binary_longitudinal,1000,162,5102162,binary_longitudinal-n1000-r162
binary_longitudinal,1000,163,5102163,binary_longitudinal-n1000-r163
binary_longitudinal,1000,164,5102164,binary_longitudinal-n1000-r164
binary_longitudinal,1000,165,5102165,binary_longitudinal-n1000-r165
binary_longitudinal,1000,166,5102166,binary_longitudinal-n1000-r166
binary_longitudinal,1000,167,5102167,binary_longitudinal-n1000-r167
binary_longitudinal,1000,168,5102168,binary_longitudinal-n1000-r168
binary_longitudinal,1000,169,5102169,binary_longitudinal-n1000-r169
binary_longitudinal,1000,170,5102170,binary_longitudinal-n1000-r170
binary_longitudinal,1000,171,5102171,binary_longitudinal-n1000-r171
binary_longitudinal,1000,172,5102172,binary_longitudinal-n1000-r172
binary_longitudinal,1000,173,5102173,binary_longitudinal-n1000-r173
binary_longitudinal,1000,174,5102174,binary_longitudinal-n1000-r174
binary_longitudinal,1000,175,5102175,binary_longitudinal-n1000-r175
binary_longitudinal,1000,176,5102176,binary_longitudinal-n1000-r176
binary_longitudinal,1000,177,5102177,binary_longitudinal-n1000-r177
binary_longitudinal,1000,178,5102178,binary_longitudinal-n1000-r178
binary_longitudinal,1000,179,5102179,binary_longitudinal-n1000-r179
binary_longitudinal,1000,180,5102180,binary_longitudinal-n1000-r180
binary_longitudinal,1000,181,5102181,binary_longitudinal-n1000-r181
binary_longitudinal,1000,182,5102182,binary_longitudinal-n1000-r182
binary_longitudinal,1000,183,5102183,binary_longitudinal-n1000-r183
binary_longitudinal,1000,184,5102184,binary_longitudinal-n1000-r184
binary_longitudinal,1000,185,5102185,binary_longitudinal-n1000-r185
binary_longitudinal,1000,186,5102186,binary_longitudinal-n1000-r186
binary_longitudinal,1000,187,5102187,binary_longitudinal-n1000-r187
binary_longitudinal,1000,188,5102188,binary_longitudinal-n1000-r188
binary_longitudinal,1000,189,5102189,binary_longitudinal-n1000-r189
binary_longitudinal,1000,190,5102190,binary_longitudinal-n1000-r190
binary_longitudinal,1000,191,5102191,binary_longitudinal-n1000-r191
binary_longitudinal,1000,192,5102192,binary_longitudinal-n1000-r192
binary_longitudinal,1000,193,5102193,binary_longitudinal-n1000-r193
binary_longitudinal,1000,194,5102194,binary_longitudinal-n1000-r194
binary_longitudinal,1000,195,5102195,binary_longitudinal-n1000-r195
binary_longitudinal,1000,196,5102196,binary_longitudinal-n1000-r196
binary_longitudinal,1000,197,5102197,binary_longitudinal-n1000-r197
binary_longitudinal,1000,198,5102198,binary_longitudinal-n1000-r198
binary_longitudinal,1000,199,5102199,binary_longitudinal-n1000-r199
binary_longitudinal,1000,200,5102200,binary_longitudinal-n1000-r200
binary_longitudinal,4000,1,5103001,binary_longitudinal-n4000-r001
binary_longitudinal,4000,2,5103002,binary_longitudinal-n4000-r002
binary_longitudinal,4000,3,5103003,binary_longitudinal-n4000-r003
binary_longitudinal,4000,4,5103004,binary_longitudinal-n4000-r004
binary_longitudinal,4000,5,5103005,binary_longitudinal-n4000-r005
binary_longitudinal,4000,6,5103006,binary_longitudinal-n4000-r006
binary_longitudinal,4000,7,5103007,binary_longitudinal-n4000-r007
binary_longitudinal,4000,8,5103008,binary_longitudinal-n4000-r008
binary_longitudinal,4000,9,5103009,binary_longitudinal-n4000-r009
binary_longitudinal,4000,10,5103010,binary_longitudinal-n4000-r010
binary_longitudinal,4000,11,5103011,binary_longitudinal-n4000-r011
binary_longitudinal,4000,12,5103012,binary_longitudinal-n4000-r012
binary_longitudinal,4000,13,5103013,binary_longitudinal-n4000-r013
binary_longitudinal,4000,14,5103014,binary_longitudinal-n4000-r014
binary_longitudinal,4000,15,5103015,binary_longitudinal-n4000-r015
binary_longitudinal,4000,16,5103016,binary_longitudinal-n4000-r016
binary_longitudinal,4000,17,5103017,binary_longitudinal-n4000-r017
binary_longitudinal,4000,18,5103018,binary_longitudinal-n4000-r018
binary_longitudinal,4000,19,5103019,binary_longitudinal-n4000-r019
binary_longitudinal,4000,20,5103020,binary_longitudinal-n4000-r020
binary_longitudinal,4000,21,5103021,binary_longitudinal-n4000-r021
binary_longitudinal,4000,22,5103022,binary_longitudinal-n4000-r022
binary_longitudinal,4000,23,5103023,binary_longitudinal-n4000-r023
binary_longitudinal,4000,24,5103024,binary_longitudinal-n4000-r024
binary_longitudinal,4000,25,5103025,binary_longitudinal-n4000-r025
binary_longitudinal,4000,26,5103026,binary_longitudinal-n4000-r026
binary_longitudinal,4000,27,5103027,binary_longitudinal-n4000-r027
binary_longitudinal,4000,28,5103028,binary_longitudinal-n4000-r028
binary_longitudinal,4000,29,5103029,binary_longitudinal-n4000-r029
binary_longitudinal,4000,30,5103030,binary_longitudinal-n4000-r030
binary_longitudinal,4000,31,5103031,binary_longitudinal-n4000-r031
binary_longitudinal,4000,32,5103032,binary_longitudinal-n4000-r032
binary_longitudinal,4000,33,5103033,binary_longitudinal-n4000-r033
binary_longitudinal,4000,34,5103034,binary_longitudinal-n4000-r034
binary_longitudinal,4000,35,5103035,binary_longitudinal-n4000-r035
binary_longitudinal,4000,36,5103036,binary_longitudinal-n4000-r036
binary_longitudinal,4000,37,5103037,binary_longitudinal-n4000-r037
binary_longitudinal,4000,38,5103038,binary_longitudinal-n4000-r038
binary_longitudinal,4000,39,5103039,binary_longitudinal-n4000-r039
binary_longitudinal,4000,40,5103040,binary_longitudinal-n4000-r040
binary_longitudinal,4000,41,5103041,binary_longitudinal-n4000-r041
binary_longitudinal,4000,42,5103042,binary_longitudinal-n4000-r042
binary_longitudinal,4000,43,5103043,binary_longitudinal-n4000-r043
binary_longitudinal,4000,44,5103044,binary_longitudinal-n4000-r044
binary_longitudinal,4000,45,5103045,binary_longitudinal-n4000-r045
binary_longitudinal,4000,46,5103046,binary_longitudinal-n4000-r046
binary_longitudinal,4000,47,5103047,binary_longitudinal-n4000-r047
binary_longitudinal,4000,48,5103048,binary_longitudinal-n4000-r048
binary_longitudinal,4000,49,5103049,binary_longitudinal-n4000-r049
binary_longitudinal,4000,50,5103050,binary_longitudinal-n4000-r050
binary_longitudinal,4000,51,5103051,binary_longitudinal-n4000-r051
binary_longitudinal,4000,52,5103052,binary_longitudinal-n4000-r052
binary_longitudinal,4000,53,5103053,binary_longitudinal-n4000-r053
binary_longitudinal,4000,54,5103054,binary_longitudinal-n4000-r054
binary_longitudinal,4000,55,5103055,binary_longitudinal-n4000-r055
binary_longitudinal,4000,56,5103056,binary_longitudinal-n4000-r056
binary_longitudinal,4000,57,5103057,binary_longitudinal-n4000-r057
binary_longitudinal,4000,58,5103058,binary_longitudinal-n4000-r058
binary_longitudinal,4000,59,5103059,binary_longitudinal-n4000-r059
binary_longitudinal,4000,60,5103060,binary_longitudinal-n4000-r060
binary_longitudinal,4000,61,5103061,binary_longitudinal-n4000-r061
binary_longitudinal,4000,62,5103062,binary_longitudinal-n4000-r062
binary_longitudinal,4000,63,5103063,binary_longitudinal-n4000-r063
binary_longitudinal,4000,64,5103064,binary_longitudinal-n4000-r064
binary_longitudinal,4000,65,5103065,binary_longitudinal-n4000-r065
binary_longitudinal,4000,66,5103066,binary_longitudinal-n4000-r066
binary_longitudinal,4000,67,5103067,binary_longitudinal-n4000-r067
binary_longitudinal,4000,68,5103068,binary_longitudinal-n4000-r068
binary_longitudinal,4000,69,5103069,binary_longitudinal-n4000-r069
binary_longitudinal,4000,70,5103070,binary_longitudinal-n4000-r070
binary_longitudinal,4000,71,5103071,binary_longitudinal-n4000-r071
binary_longitudinal,4000,72,5103072,binary_longitudinal-n4000-r072
binary_longitudinal,4000,73,5103073,binary_longitudinal-n4000-r073
binary_longitudinal,4000,74,5103074,binary_longitudinal-n4000-r074
binary_longitudinal,4000,75,5103075,binary_longitudinal-n4000-r075
binary_longitudinal,4000,76,5103076,binary_longitudinal-n4000-r076
binary_longitudinal,4000,77,5103077,binary_longitudinal-n4000-r077
binary_longitudinal,4000,78,5103078,binary_longitudinal-n4000-r078
binary_longitudinal,4000,79,5103079,binary_longitudinal-n4000-r079
binary_longitudinal,4000,80,5103080,binary_longitudinal-n4000-r080
binary_longitudinal,4000,81,5103081,binary_longitudinal-n4000-r081
binary_longitudinal,4000,82,5103082,binary_longitudinal-n4000-r082
binary_longitudinal,4000,83,5103083,binary_longitudinal-n4000-r083
binary_longitudinal,4000,84,5103084,binary_longitudinal-n4000-r084
binary_longitudinal,4000,85,5103085,binary_longitudinal-n4000-r085
binary_longitudinal,4000,86,5103086,binary_longitudinal-n4000-r086
binary_longitudinal,4000,87,5103087,binary_longitudinal-n4000-r087
binary_longitudinal,4000,88,5103088,binary_longitudinal-n4000-r088
binary_longitudinal,4000,89,5103089,binary_longitudinal-n4000-r089
binary_longitudinal,4000,90,5103090,binary_longitudinal-n4000-r090
binary_longitudinal,4000,91,5103091,binary_longitudinal-n4000-r091
binary_longitudinal,4000,92,5103092,binary_longitudinal-n4000-r092
binary_longitudinal,4000,93,5103093,binary_longitudinal-n4000-r093
binary_longitudinal,4000,94,5103094,binary_longitudinal-n4000-r094
binary_longitudinal,4000,95,5103095,binary_longitudinal-n4000-r095
binary_longitudinal,4000,96,5103096,binary_longitudinal-n4000-r096
binary_longitudinal,4000,97,5103097,binary_longitudinal-n4000-r097
binary_longitudinal,4000,98,5103098,binary_longitudinal-n4000-r098
binary_longitudinal,4000,99,5103099,binary_longitudinal-n4000-r099
binary_longitudinal,4000,100,5103100,binary_longitudinal-n4000-r100
binary_longitudinal,4000,101,5103101,binary_longitudinal-n4000-r101
binary_longitudinal,4000,102,5103102,binary_longitudinal-n4000-r102
binary_longitudinal,4000,103,5103103,binary_longitudinal-n4000-r103
binary_longitudinal,4000,104,5103104,binary_longitudinal-n4000-r104
binary_longitudinal,4000,105,5103105,binary_longitudinal-n4000-r105
binary_longitudinal,4000,106,5103106,binary_longitudinal-n4000-r106
binary_longitudinal,4000,107,5103107,binary_longitudinal-n4000-r107
binary_longitudinal,4000,108,5103108,binary_longitudinal-n4000-r108
binary_longitudinal,4000,109,5103109,binary_longitudinal-n4000-r109
binary_longitudinal,4000,110,5103110,binary_longitudinal-n4000-r110
binary_longitudinal,4000,111,5103111,binary_longitudinal-n4000-r111
binary_longitudinal,4000,112,5103112,binary_longitudinal-n4000-r112
binary_longitudinal,4000,113,5103113,binary_longitudinal-n4000-r113
binary_longitudinal,4000,114,5103114,binary_longitudinal-n4000-r114
binary_longitudinal,4000,115,5103115,binary_longitudinal-n4000-r115
binary_longitudinal,4000,116,5103116,binary_longitudinal-n4000-r116
binary_longitudinal,4000,117,5103117,binary_longitudinal-n4000-r117
binary_longitudinal,4000,118,5103118,binary_longitudinal-n4000-r118
binary_longitudinal,4000,119,5103119,binary_longitudinal-n4000-r119
binary_longitudinal,4000,120,5103120,binary_longitudinal-n4000-r120
binary_longitudinal,4000,121,5103121,binary_longitudinal-n4000-r121
binary_longitudinal,4000,122,5103122,binary_longitudinal-n4000-r122
binary_longitudinal,4000,123,5103123,binary_longitudinal-n4000-r123
binary_longitudinal,4000,124,5103124,binary_longitudinal-n4000-r124
binary_longitudinal,4000,125,5103125,binary_longitudinal-n4000-r125
binary_longitudinal,4000,126,5103126,binary_longitudinal-n4000-r126
binary_longitudinal,4000,127,5103127,binary_longitudinal-n4000-r127
binary_longitudinal,4000,128,5103128,binary_longitudinal-n4000-r128
binary_longitudinal,4000,129,5103129,binary_longitudinal-n4000-r129
binary_longitudinal,4000,130,5103130,binary_longitudinal-n4000-r130
binary_longitudinal,4000,131,5103131,binary_longitudinal-n4000-r131
binary_longitudinal,4000,132,5103132,binary_longitudinal-n4000-r132
binary_longitudinal,4000,133,5103133,binary_longitudinal-n4000-r133
binary_longitudinal,4000,134,5103134,binary_longitudinal-n4000-r134
binary_longitudinal,4000,135,5103135,binary_longitudinal-n4000-r135
binary_longitudinal,4000,136,5103136,binary_longitudinal-n4000-r136
binary_longitudinal,4000,137,5103137,binary_longitudinal-n4000-r137
binary_longitudinal,4000,138,5103138,binary_longitudinal-n4000-r138
binary_longitudinal,4000,139,5103139,binary_longitudinal-n4000-r139
binary_longitudinal,4000,140,5103140,binary_longitudinal-n4000-r140
binary_longitudinal,4000,141,5103141,binary_longitudinal-n4000-r141
binary_longitudinal,4000,142,5103142,binary_longitudinal-n4000-r142
binary_longitudinal,4000,143,5103143,binary_longitudinal-n4000-r143
binary_longitudinal,4000,144,5103144,binary_longitudinal-n4000-r144
binary_longitudinal,4000,145,5103145,binary_longitudinal-n4000-r145
binary_longitudinal,4000,146,5103146,binary_longitudinal-n4000-r146
binary_longitudinal,4000,147,5103147,binary_longitudinal-n4000-r147
binary_longitudinal,4000,148,5103148,binary_longitudinal-n4000-r148
binary_longitudinal,4000,149,5103149,binary_longitudinal-n4000-r149
binary_longitudinal,4000,150,5103150,binary_longitudinal-n4000-r150
binary_longitudinal,4000,151,5103151,binary_longitudinal-n4000-r151
binary_longitudinal,4000,152,5103152,binary_longitudinal-n4000-r152
binary_longitudinal,4000,153,5103153,binary_longitudinal-n4000-r153
binary_longitudinal,4000,154,5103154,binary_longitudinal-n4000-r154
binary_longitudinal,4000,155,5103155,binary_longitudinal-n4000-r155
binary_longitudinal,4000,156,5103156,binary_longitudinal-n4000-r156
binary_longitudinal,4000,157,5103157,binary_longitudinal-n4000-r157
binary_longitudinal,4000,158,5103158,binary_longitudinal-n4000-r158
binary_longitudinal,4000,159,5103159,binary_longitudinal-n4000-r159
binary_longitudinal,4000,160,5103160,binary_longitudinal-n4000-r160
binary_longitudinal,4000,161,5103161,binary_longitudinal-n4000-r161
binary_longitudinal,4000,162,5103162,binary_longitudinal-n4000-r162
binary_longitudinal,4000,163,5103163,binary_longitudinal-n4000-r163
binary_longitudinal,4000,164,5103164,binary_longitudinal-n4000-r164
binary_longitudinal,4000,165,5103165,binary_longitudinal-n4000-r165
binary_longitudinal,4000,166,5103166,binary_longitudinal-n4000-r166
binary_longitudinal,4000,167,5103167,binary_longitudinal-n4000-r167
binary_longitudinal,4000,168,5103168,binary_longitudinal-n4000-r168
binary_longitudinal,4000,169,5103169,binary_longitudinal-n4000-r169
binary_longitudinal,4000,170,5103170,binary_longitudinal-n4000-r170
binary_longitudinal,4000,171,5103171,binary_longitudinal-n4000-r171
binary_longitudinal,4000,172,5103172,binary_longitudinal-n4000-r172
binary_longitudinal,4000,173,5103173,binary_longitudinal-n4000-r173
binary_longitudinal,4000,174,5103174,binary_longitudinal-n4000-r174
binary_longitudinal,4000,175,5103175,binary_longitudinal-n4000-r175
binary_longitudinal,4000,176,5103176,binary_longitudinal-n4000-r176
binary_longitudinal,4000,177,5103177,binary_longitudinal-n4000-r177
binary_longitudinal,4000,178,5103178,binary_longitudinal-n4000-r178
binary_longitudinal,4000,179,5103179,binary_longitudinal-n4000-r179
binary_longitudinal,4000,180,5103180,binary_longitudinal-n4000-r180
binary_longitudinal,4000,181,5103181,binary_longitudinal-n4000-r181
binary_longitudinal,4000,182,5103182,binary_longitudinal-n4000-r182
binary_longitudinal,4000,183,5103183,binary_longitudinal-n4000-r183
binary_longitudinal,4000,184,5103184,binary_longitudinal-n4000-r184
binary_longitudinal,4000,185,5103185,binary_longitudinal-n4000-r185
binary_longitudinal,4000,186,5103186,binary_longitudinal-n4000-r186
binary_longitudinal,4000,187,5103187,binary_longitudinal-n4000-r187
binary_longitudinal,4000,188,5103188,binary_longitudinal-n4000-r188
binary_longitudinal,4000,189,5103189,binary_longitudinal-n4000-r189
binary_longitudinal,4000,190,5103190,binary_longitudinal-n4000-r190
binary_longitudinal,4000,191,5103191,binary_longitudinal-n4000-r191
binary_longitudinal,4000,192,5103192,binary_longitudinal-n4000-r192
binary_longitudinal,4000,193,5103193,binary_longitudinal-n4000-r193
binary_longitudinal,4000,194,5103194,binary_longitudinal-n4000-r194
binary_longitudinal,4000,195,5103195,binary_longitudinal-n4000-r195
binary_longitudinal,4000,196,5103196,binary_longitudinal-n4000-r196
binary_longitudinal,4000,197,5103197,binary_longitudinal-n4000-r197
binary_longitudinal,4000,198,5103198,binary_longitudinal-n4000-r198
binary_longitudinal,4000,199,5103199,binary_longitudinal-n4000-r199
binary_longitudinal,4000,200,5103200,binary_longitudinal-n4000-r200
discrete_dose,500,1,5201001,discrete_dose-n500-r001
discrete_dose,500,2,5201002,discrete_dose-n500-r002
discrete_dose,500,3,5201003,discrete_dose-n500-r003
discrete_dose,500,4,5201004,discrete_dose-n500-r004
discrete_dose,500,5,5201005,discrete_dose-n500-r005
discrete_dose,500,6,5201006,discrete_dose-n500-r006
discrete_dose,500,7,5201007,discrete_dose-n500-r007
discrete_dose,500,8,5201008,discrete_dose-n500-r008
discrete_dose,500,9,5201009,discrete_dose-n500-r009
discrete_dose,500,10,5201010,discrete_dose-n500-r010
discrete_dose,500,11,5201011,discrete_dose-n500-r011
discrete_dose,500,12,5201012,discrete_dose-n500-r012
discrete_dose,500,13,5201013,discrete_dose-n500-r013
discrete_dose,500,14,5201014,discrete_dose-n500-r014
discrete_dose,500,15,5201015,discrete_dose-n500-r015
discrete_dose,500,16,5201016,discrete_dose-n500-r016
discrete_dose,500,17,5201017,discrete_dose-n500-r017
discrete_dose,500,18,5201018,discrete_dose-n500-r018
discrete_dose,500,19,5201019,discrete_dose-n500-r019
discrete_dose,500,20,5201020,discrete_dose-n500-r020
discrete_dose,500,21,5201021,discrete_dose-n500-r021
discrete_dose,500,22,5201022,discrete_dose-n500-r022
discrete_dose,500,23,5201023,discrete_dose-n500-r023
discrete_dose,500,24,5201024,discrete_dose-n500-r024
discrete_dose,500,25,5201025,discrete_dose-n500-r025
discrete_dose,500,26,5201026,discrete_dose-n500-r026
discrete_dose,500,27,5201027,discrete_dose-n500-r027
discrete_dose,500,28,5201028,discrete_dose-n500-r028
discrete_dose,500,29,5201029,discrete_dose-n500-r029
discrete_dose,500,30,5201030,discrete_dose-n500-r030
discrete_dose,500,31,5201031,discrete_dose-n500-r031
discrete_dose,500,32,5201032,discrete_dose-n500-r032
discrete_dose,500,33,5201033,discrete_dose-n500-r033
discrete_dose,500,34,5201034,discrete_dose-n500-r034
discrete_dose,500,35,5201035,discrete_dose-n500-r035
discrete_dose,500,36,5201036,discrete_dose-n500-r036
discrete_dose,500,37,5201037,discrete_dose-n500-r037
discrete_dose,500,38,5201038,discrete_dose-n500-r038
discrete_dose,500,39,5201039,discrete_dose-n500-r039
discrete_dose,500,40,5201040,discrete_dose-n500-r040
discrete_dose,500,41,5201041,discrete_dose-n500-r041
discrete_dose,500,42,5201042,discrete_dose-n500-r042
discrete_dose,500,43,5201043,discrete_dose-n500-r043
discrete_dose,500,44,5201044,discrete_dose-n500-r044
discrete_dose,500,45,5201045,discrete_dose-n500-r045
discrete_dose,500,46,5201046,discrete_dose-n500-r046
discrete_dose,500,47,5201047,discrete_dose-n500-r047
discrete_dose,500,48,5201048,discrete_dose-n500-r048
discrete_dose,500,49,5201049,discrete_dose-n500-r049
discrete_dose,500,50,5201050,discrete_dose-n500-r050
discrete_dose,500,51,5201051,discrete_dose-n500-r051
discrete_dose,500,52,5201052,discrete_dose-n500-r052
discrete_dose,500,53,5201053,discrete_dose-n500-r053
discrete_dose,500,54,5201054,discrete_dose-n500-r054
discrete_dose,500,55,5201055,discrete_dose-n500-r055
discrete_dose,500,56,5201056,discrete_dose-n500-r056
discrete_dose,500,57,5201057,discrete_dose-n500-r057
discrete_dose,500,58,5201058,discrete_dose-n500-r058
discrete_dose,500,59,5201059,discrete_dose-n500-r059
discrete_dose,500,60,5201060,discrete_dose-n500-r060
discrete_dose,500,61,5201061,discrete_dose-n500-r061
discrete_dose,500,62,5201062,discrete_dose-n500-r062
discrete_dose,500,63,5201063,discrete_dose-n500-r063
discrete_dose,500,64,5201064,discrete_dose-n500-r064
discrete_dose,500,65,5201065,discrete_dose-n500-r065
discrete_dose,500,66,5201066,discrete_dose-n500-r066
discrete_dose,500,67,5201067,discrete_dose-n500-r067
discrete_dose,500,68,5201068,discrete_dose-n500-r068
discrete_dose,500,69,5201069,discrete_dose-n500-r069
discrete_dose,500,70,5201070,discrete_dose-n500-r070
discrete_dose,500,71,5201071,discrete_dose-n500-r071
discrete_dose,500,72,5201072,discrete_dose-n500-r072
discrete_dose,500,73,5201073,discrete_dose-n500-r073
discrete_dose,500,74,5201074,discrete_dose-n500-r074
discrete_dose,500,75,5201075,discrete_dose-n500-r075
discrete_dose,500,76,5201076,discrete_dose-n500-r076
discrete_dose,500,77,5201077,discrete_dose-n500-r077
discrete_dose,500,78,5201078,discrete_dose-n500-r078
discrete_dose,500,79,5201079,discrete_dose-n500-r079
discrete_dose,500,80,5201080,discrete_dose-n500-r080
discrete_dose,500,81,5201081,discrete_dose-n500-r081
discrete_dose,500,82,5201082,discrete_dose-n500-r082
discrete_dose,500,83,5201083,discrete_dose-n500-r083
discrete_dose,500,84,5201084,discrete_dose-n500-r084
discrete_dose,500,85,5201085,discrete_dose-n500-r085
discrete_dose,500,86,5201086,discrete_dose-n500-r086
discrete_dose,500,87,5201087,discrete_dose-n500-r087
discrete_dose,500,88,5201088,discrete_dose-n500-r088
discrete_dose,500,89,5201089,discrete_dose-n500-r089
discrete_dose,500,90,5201090,discrete_dose-n500-r090
discrete_dose,500,91,5201091,discrete_dose-n500-r091
discrete_dose,500,92,5201092,discrete_dose-n500-r092
discrete_dose,500,93,5201093,discrete_dose-n500-r093
discrete_dose,500,94,5201094,discrete_dose-n500-r094
discrete_dose,500,95,5201095,discrete_dose-n500-r095
discrete_dose,500,96,5201096,discrete_dose-n500-r096
discrete_dose,500,97,5201097,discrete_dose-n500-r097
discrete_dose,500,98,5201098,discrete_dose-n500-r098
discrete_dose,500,99,5201099,discrete_dose-n500-r099
discrete_dose,500,100,5201100,discrete_dose-n500-r100
discrete_dose,500,101,5201101,discrete_dose-n500-r101
discrete_dose,500,102,5201102,discrete_dose-n500-r102
discrete_dose,500,103,5201103,discrete_dose-n500-r103
discrete_dose,500,104,5201104,discrete_dose-n500-r104
discrete_dose,500,105,5201105,discrete_dose-n500-r105
discrete_dose,500,106,5201106,discrete_dose-n500-r106
discrete_dose,500,107,5201107,discrete_dose-n500-r107
discrete_dose,500,108,5201108,discrete_dose-n500-r108
discrete_dose,500,109,5201109,discrete_dose-n500-r109
discrete_dose,500,110,5201110,discrete_dose-n500-r110
discrete_dose,500,111,5201111,discrete_dose-n500-r111
discrete_dose,500,112,5201112,discrete_dose-n500-r112
discrete_dose,500,113,5201113,discrete_dose-n500-r113
discrete_dose,500,114,5201114,discrete_dose-n500-r114
discrete_dose,500,115,5201115,discrete_dose-n500-r115
discrete_dose,500,116,5201116,discrete_dose-n500-r116
discrete_dose,500,117,5201117,discrete_dose-n500-r117
discrete_dose,500,118,5201118,discrete_dose-n500-r118
discrete_dose,500,119,5201119,discrete_dose-n500-r119
discrete_dose,500,120,5201120,discrete_dose-n500-r120
discrete_dose,500,121,5201121,discrete_dose-n500-r121
discrete_dose,500,122,5201122,discrete_dose-n500-r122
discrete_dose,500,123,5201123,discrete_dose-n500-r123
discrete_dose,500,124,5201124,discrete_dose-n500-r124
discrete_dose,500,125,5201125,discrete_dose-n500-r125
discrete_dose,500,126,5201126,discrete_dose-n500-r126
discrete_dose,500,127,5201127,discrete_dose-n500-r127
discrete_dose,500,128,5201128,discrete_dose-n500-r128
discrete_dose,500,129,5201129,discrete_dose-n500-r129
discrete_dose,500,130,5201130,discrete_dose-n500-r130
discrete_dose,500,131,5201131,discrete_dose-n500-r131
discrete_dose,500,132,5201132,discrete_dose-n500-r132
discrete_dose,500,133,5201133,discrete_dose-n500-r133
discrete_dose,500,134,5201134,discrete_dose-n500-r134
discrete_dose,500,135,5201135,discrete_dose-n500-r135
discrete_dose,500,136,5201136,discrete_dose-n500-r136
discrete_dose,500,137,5201137,discrete_dose-n500-r137
discrete_dose,500,138,5201138,discrete_dose-n500-r138
discrete_dose,500,139,5201139,discrete_dose-n500-r139
discrete_dose,500,140,5201140,discrete_dose-n500-r140
discrete_dose,500,141,5201141,discrete_dose-n500-r141
discrete_dose,500,142,5201142,discrete_dose-n500-r142
discrete_dose,500,143,5201143,discrete_dose-n500-r143
discrete_dose,500,144,5201144,discrete_dose-n500-r144
discrete_dose,500,145,5201145,discrete_dose-n500-r145
discrete_dose,500,146,5201146,discrete_dose-n500-r146
discrete_dose,500,147,5201147,discrete_dose-n500-r147
discrete_dose,500,148,5201148,discrete_dose-n500-r148
discrete_dose,500,149,5201149,discrete_dose-n500-r149
discrete_dose,500,150,5201150,discrete_dose-n500-r150
discrete_dose,500,151,5201151,discrete_dose-n500-r151
discrete_dose,500,152,5201152,discrete_dose-n500-r152
discrete_dose,500,153,5201153,discrete_dose-n500-r153
discrete_dose,500,154,5201154,discrete_dose-n500-r154
discrete_dose,500,155,5201155,discrete_dose-n500-r155
discrete_dose,500,156,5201156,discrete_dose-n500-r156
discrete_dose,500,157,5201157,discrete_dose-n500-r157
discrete_dose,500,158,5201158,discrete_dose-n500-r158
discrete_dose,500,159,5201159,discrete_dose-n500-r159
discrete_dose,500,160,5201160,discrete_dose-n500-r160
discrete_dose,500,161,5201161,discrete_dose-n500-r161
discrete_dose,500,162,5201162,discrete_dose-n500-r162
discrete_dose,500,163,5201163,discrete_dose-n500-r163
discrete_dose,500,164,5201164,discrete_dose-n500-r164
discrete_dose,500,165,5201165,discrete_dose-n500-r165
discrete_dose,500,166,5201166,discrete_dose-n500-r166
discrete_dose,500,167,5201167,discrete_dose-n500-r167
discrete_dose,500,168,5201168,discrete_dose-n500-r168
discrete_dose,500,169,5201169,discrete_dose-n500-r169
discrete_dose,500,170,5201170,discrete_dose-n500-r170
discrete_dose,500,171,5201171,discrete_dose-n500-r171
discrete_dose,500,172,5201172,discrete_dose-n500-r172
discrete_dose,500,173,5201173,discrete_dose-n500-r173
discrete_dose,500,174,5201174,discrete_dose-n500-r174
discrete_dose,500,175,5201175,discrete_dose-n500-r175
discrete_dose,500,176,5201176,discrete_dose-n500-r176
discrete_dose,500,177,5201177,discrete_dose-n500-r177
discrete_dose,500,178,5201178,discrete_dose-n500-r178
discrete_dose,500,179,5201179,discrete_dose-n500-r179
discrete_dose,500,180,5201180,discrete_dose-n500-r180
discrete_dose,500,181,5201181,discrete_dose-n500-r181
discrete_dose,500,182,5201182,discrete_dose-n500-r182
discrete_dose,500,183,5201183,discrete_dose-n500-r183
discrete_dose,500,184,5201184,discrete_dose-n500-r184
discrete_dose,500,185,5201185,discrete_dose-n500-r185
discrete_dose,500,186,5201186,discrete_dose-n500-r186
discrete_dose,500,187,5201187,discrete_dose-n500-r187
discrete_dose,500,188,5201188,discrete_dose-n500-r188
discrete_dose,500,189,5201189,discrete_dose-n500-r189
discrete_dose,500,190,5201190,discrete_dose-n500-r190
discrete_dose,500,191,5201191,discrete_dose-n500-r191
discrete_dose,500,192,5201192,discrete_dose-n500-r192
discrete_dose,500,193,5201193,discrete_dose-n500-r193
discrete_dose,500,194,5201194,discrete_dose-n500-r194
discrete_dose,500,195,5201195,discrete_dose-n500-r195
discrete_dose,500,196,5201196,discrete_dose-n500-r196
discrete_dose,500,197,5201197,discrete_dose-n500-r197
discrete_dose,500,198,5201198,discrete_dose-n500-r198
discrete_dose,500,199,5201199,discrete_dose-n500-r199
discrete_dose,500,200,5201200,discrete_dose-n500-r200
discrete_dose,1000,1,5202001,discrete_dose-n1000-r001
discrete_dose,1000,2,5202002,discrete_dose-n1000-r002
discrete_dose,1000,3,5202003,discrete_dose-n1000-r003
discrete_dose,1000,4,5202004,discrete_dose-n1000-r004
discrete_dose,1000,5,5202005,discrete_dose-n1000-r005
discrete_dose,1000,6,5202006,discrete_dose-n1000-r006
discrete_dose,1000,7,5202007,discrete_dose-n1000-r007
discrete_dose,1000,8,5202008,discrete_dose-n1000-r008
discrete_dose,1000,9,5202009,discrete_dose-n1000-r009
discrete_dose,1000,10,5202010,discrete_dose-n1000-r010
discrete_dose,1000,11,5202011,discrete_dose-n1000-r011
discrete_dose,1000,12,5202012,discrete_dose-n1000-r012
discrete_dose,1000,13,5202013,discrete_dose-n1000-r013
discrete_dose,1000,14,5202014,discrete_dose-n1000-r014
discrete_dose,1000,15,5202015,discrete_dose-n1000-r015
discrete_dose,1000,16,5202016,discrete_dose-n1000-r016
discrete_dose,1000,17,5202017,discrete_dose-n1000-r017
discrete_dose,1000,18,5202018,discrete_dose-n1000-r018
discrete_dose,1000,19,5202019,discrete_dose-n1000-r019
discrete_dose,1000,20,5202020,discrete_dose-n1000-r020
discrete_dose,1000,21,5202021,discrete_dose-n1000-r021
discrete_dose,1000,22,5202022,discrete_dose-n1000-r022
discrete_dose,1000,23,5202023,discrete_dose-n1000-r023
discrete_dose,1000,24,5202024,discrete_dose-n1000-r024
discrete_dose,1000,25,5202025,discrete_dose-n1000-r025
discrete_dose,1000,26,5202026,discrete_dose-n1000-r026
discrete_dose,1000,27,5202027,discrete_dose-n1000-r027
discrete_dose,1000,28,5202028,discrete_dose-n1000-r028
discrete_dose,1000,29,5202029,discrete_dose-n1000-r029
discrete_dose,1000,30,5202030,discrete_dose-n1000-r030
discrete_dose,1000,31,5202031,discrete_dose-n1000-r031
discrete_dose,1000,32,5202032,discrete_dose-n1000-r032
discrete_dose,1000,33,5202033,discrete_dose-n1000-r033
discrete_dose,1000,34,5202034,discrete_dose-n1000-r034
discrete_dose,1000,35,5202035,discrete_dose-n1000-r035
discrete_dose,1000,36,5202036,discrete_dose-n1000-r036
discrete_dose,1000,37,5202037,discrete_dose-n1000-r037
discrete_dose,1000,38,5202038,discrete_dose-n1000-r038
discrete_dose,1000,39,5202039,discrete_dose-n1000-r039
discrete_dose,1000,40,5202040,discrete_dose-n1000-r040
discrete_dose,1000,41,5202041,discrete_dose-n1000-r041
discrete_dose,1000,42,5202042,discrete_dose-n1000-r042
discrete_dose,1000,43,5202043,discrete_dose-n1000-r043
discrete_dose,1000,44,5202044,discrete_dose-n1000-r044
discrete_dose,1000,45,5202045,discrete_dose-n1000-r045
discrete_dose,1000,46,5202046,discrete_dose-n1000-r046
discrete_dose,1000,47,5202047,discrete_dose-n1000-r047
discrete_dose,1000,48,5202048,discrete_dose-n1000-r048
discrete_dose,1000,49,5202049,discrete_dose-n1000-r049
discrete_dose,1000,50,5202050,discrete_dose-n1000-r050
discrete_dose,1000,51,5202051,discrete_dose-n1000-r051
discrete_dose,1000,52,5202052,discrete_dose-n1000-r052
discrete_dose,1000,53,5202053,discrete_dose-n1000-r053
discrete_dose,1000,54,5202054,discrete_dose-n1000-r054
discrete_dose,1000,55,5202055,discrete_dose-n1000-r055
discrete_dose,1000,56,5202056,discrete_dose-n1000-r056
discrete_dose,1000,57,5202057,discrete_dose-n1000-r057
discrete_dose,1000,58,5202058,discrete_dose-n1000-r058
discrete_dose,1000,59,5202059,discrete_dose-n1000-r059
discrete_dose,1000,60,5202060,discrete_dose-n1000-r060
discrete_dose,1000,61,5202061,discrete_dose-n1000-r061
discrete_dose,1000,62,5202062,discrete_dose-n1000-r062
discrete_dose,1000,63,5202063,discrete_dose-n1000-r063
discrete_dose,1000,64,5202064,discrete_dose-n1000-r064
discrete_dose,1000,65,5202065,discrete_dose-n1000-r065
discrete_dose,1000,66,5202066,discrete_dose-n1000-r066
discrete_dose,1000,67,5202067,discrete_dose-n1000-r067
discrete_dose,1000,68,5202068,discrete_dose-n1000-r068
discrete_dose,1000,69,5202069,discrete_dose-n1000-r069
discrete_dose,1000,70,5202070,discrete_dose-n1000-r070
discrete_dose,1000,71,5202071,discrete_dose-n1000-r071
discrete_dose,1000,72,5202072,discrete_dose-n1000-r072
discrete_dose,1000,73,5202073,discrete_dose-n1000-r073
discrete_dose,1000,74,5202074,discrete_dose-n1000-r074
discrete_dose,1000,75,5202075,discrete_dose-n1000-r075
discrete_dose,1000,76,5202076,discrete_dose-n1000-r076
discrete_dose,1000,77,5202077,discrete_dose-n1000-r077
discrete_dose,1000,78,5202078,discrete_dose-n1000-r078
discrete_dose,1000,79,5202079,discrete_dose-n1000-r079
discrete_dose,1000,80,5202080,discrete_dose-n1000-r080
discrete_dose,1000,81,5202081,discrete_dose-n1000-r081
discrete_dose,1000,82,5202082,discrete_dose-n1000-r082
discrete_dose,1000,83,5202083,discrete_dose-n1000-r083
discrete_dose,1000,84,5202084,discrete_dose-n1000-r084
discrete_dose,1000,85,5202085,discrete_dose-n1000-r085
discrete_dose,1000,86,5202086,discrete_dose-n1000-r086
discrete_dose,1000,87,5202087,discrete_dose-n1000-r087
discrete_dose,1000,88,5202088,discrete_dose-n1000-r088
discrete_dose,1000,89,5202089,discrete_dose-n1000-r089
discrete_dose,1000,90,5202090,discrete_dose-n1000-r090
discrete_dose,1000,91,5202091,discrete_dose-n1000-r091
discrete_dose,1000,92,5202092,discrete_dose-n1000-r092
discrete_dose,1000,93,5202093,discrete_dose-n1000-r093
discrete_dose,1000,94,5202094,discrete_dose-n1000-r094
discrete_dose,1000,95,5202095,discrete_dose-n1000-r095
discrete_dose,1000,96,5202096,discrete_dose-n1000-r096
discrete_dose,1000,97,5202097,discrete_dose-n1000-r097
discrete_dose,1000,98,5202098,discrete_dose-n1000-r098
discrete_dose,1000,99,5202099,discrete_dose-n1000-r099
discrete_dose,1000,100,5202100,discrete_dose-n1000-r100
discrete_dose,1000,101,5202101,discrete_dose-n1000-r101
discrete_dose,1000,102,5202102,discrete_dose-n1000-r102
discrete_dose,1000,103,5202103,discrete_dose-n1000-r103
discrete_dose,1000,104,5202104,discrete_dose-n1000-r104
discrete_dose,1000,105,5202105,discrete_dose-n1000-r105
discrete_dose,1000,106,5202106,discrete_dose-n1000-r106
discrete_dose,1000,107,5202107,discrete_dose-n1000-r107
discrete_dose,1000,108,5202108,discrete_dose-n1000-r108
discrete_dose,1000,109,5202109,discrete_dose-n1000-r109
discrete_dose,1000,110,5202110,discrete_dose-n1000-r110
discrete_dose,1000,111,5202111,discrete_dose-n1000-r111
discrete_dose,1000,112,5202112,discrete_dose-n1000-r112
discrete_dose,1000,113,5202113,discrete_dose-n1000-r113
discrete_dose,1000,114,5202114,discrete_dose-n1000-r114
discrete_dose,1000,115,5202115,discrete_dose-n1000-r115
discrete_dose,1000,116,5202116,discrete_dose-n1000-r116
discrete_dose,1000,117,5202117,discrete_dose-n1000-r117
discrete_dose,1000,118,5202118,discrete_dose-n1000-r118
discrete_dose,1000,119,5202119,discrete_dose-n1000-r119
discrete_dose,1000,120,5202120,discrete_dose-n1000-r120
discrete_dose,1000,121,5202121,discrete_dose-n1000-r121
discrete_dose,1000,122,5202122,discrete_dose-n1000-r122
discrete_dose,1000,123,5202123,discrete_dose-n1000-r123
discrete_dose,1000,124,5202124,discrete_dose-n1000-r124
discrete_dose,1000,125,5202125,discrete_dose-n1000-r125
discrete_dose,1000,126,5202126,discrete_dose-n1000-r126
discrete_dose,1000,127,5202127,discrete_dose-n1000-r127
discrete_dose,1000,128,5202128,discrete_dose-n1000-r128
discrete_dose,1000,129,5202129,discrete_dose-n1000-r129
discrete_dose,1000,130,5202130,discrete_dose-n1000-r130
discrete_dose,1000,131,5202131,discrete_dose-n1000-r131
discrete_dose,1000,132,5202132,discrete_dose-n1000-r132
discrete_dose,1000,133,5202133,discrete_dose-n1000-r133
discrete_dose,1000,134,5202134,discrete_dose-n1000-r134
discrete_dose,1000,135,5202135,discrete_dose-n1000-r135
discrete_dose,1000,136,5202136,discrete_dose-n1000-r136
discrete_dose,1000,137,5202137,discrete_dose-n1000-r137
discrete_dose,1000,138,5202138,discrete_dose-n1000-r138
discrete_dose,1000,139,5202139,discrete_dose-n1000-r139
discrete_dose,1000,140,5202140,discrete_dose-n1000-r140
discrete_dose,1000,141,5202141,discrete_dose-n1000-r141
discrete_dose,1000,142,5202142,discrete_dose-n1000-r142
discrete_dose,1000,143,5202143,discrete_dose-n1000-r143
discrete_dose,1000,144,5202144,discrete_dose-n1000-r144
discrete_dose,1000,145,5202145,discrete_dose-n1000-r145
discrete_dose,1000,146,5202146,discrete_dose-n1000-r146
discrete_dose,1000,147,5202147,discrete_dose-n1000-r147
discrete_dose,1000,148,5202148,discrete_dose-n1000-r148
discrete_dose,1000,149,5202149,discrete_dose-n1000-r149
discrete_dose,1000,150,5202150,discrete_dose-n1000-r150
discrete_dose,1000,151,5202151,discrete_dose-n1000-r151
discrete_dose,1000,152,5202152,discrete_dose-n1000-r152
discrete_dose,1000,153,5202153,discrete_dose-n1000-r153
discrete_dose,1000,154,5202154,discrete_dose-n1000-r154
discrete_dose,1000,155,5202155,discrete_dose-n1000-r155
discrete_dose,1000,156,5202156,discrete_dose-n1000-r156
discrete_dose,1000,157,5202157,discrete_dose-n1000-r157
discrete_dose,1000,158,5202158,discrete_dose-n1000-r158
discrete_dose,1000,159,5202159,discrete_dose-n1000-r159
discrete_dose,1000,160,5202160,discrete_dose-n1000-r160
discrete_dose,1000,161,5202161,discrete_dose-n1000-r161
discrete_dose,1000,162,5202162,discrete_dose-n1000-r162
discrete_dose,1000,163,5202163,discrete_dose-n1000-r163
discrete_dose,1000,164,5202164,discrete_dose-n1000-r164
discrete_dose,1000,165,5202165,discrete_dose-n1000-r165
discrete_dose,1000,166,5202166,discrete_dose-n1000-r166
discrete_dose,1000,167,5202167,discrete_dose-n1000-r167
discrete_dose,1000,168,5202168,discrete_dose-n1000-r168
discrete_dose,1000,169,5202169,discrete_dose-n1000-r169
discrete_dose,1000,170,5202170,discrete_dose-n1000-r170
discrete_dose,1000,171,5202171,discrete_dose-n1000-r171
discrete_dose,1000,172,5202172,discrete_dose-n1000-r172
discrete_dose,1000,173,5202173,discrete_dose-n1000-r173
discrete_dose,1000,174,5202174,discrete_dose-n1000-r174
discrete_dose,1000,175,5202175,discrete_dose-n1000-r175
discrete_dose,1000,176,5202176,discrete_dose-n1000-r176
discrete_dose,1000,177,5202177,discrete_dose-n1000-r177
discrete_dose,1000,178,5202178,discrete_dose-n1000-r178
discrete_dose,1000,179,5202179,discrete_dose-n1000-r179
discrete_dose,1000,180,5202180,discrete_dose-n1000-r180
discrete_dose,1000,181,5202181,discrete_dose-n1000-r181
discrete_dose,1000,182,5202182,discrete_dose-n1000-r182
discrete_dose,1000,183,5202183,discrete_dose-n1000-r183
discrete_dose,1000,184,5202184,discrete_dose-n1000-r184
discrete_dose,1000,185,5202185,discrete_dose-n1000-r185
discrete_dose,1000,186,5202186,discrete_dose-n1000-r186
discrete_dose,1000,187,5202187,discrete_dose-n1000-r187
discrete_dose,1000,188,5202188,discrete_dose-n1000-r188
discrete_dose,1000,189,5202189,discrete_dose-n1000-r189
discrete_dose,1000,190,5202190,discrete_dose-n1000-r190
discrete_dose,1000,191,5202191,discrete_dose-n1000-r191
discrete_dose,1000,192,5202192,discrete_dose-n1000-r192
discrete_dose,1000,193,5202193,discrete_dose-n1000-r193
discrete_dose,1000,194,5202194,discrete_dose-n1000-r194
discrete_dose,1000,195,5202195,discrete_dose-n1000-r195
discrete_dose,1000,196,5202196,discrete_dose-n1000-r196
discrete_dose,1000,197,5202197,discrete_dose-n1000-r197
discrete_dose,1000,198,5202198,discrete_dose-n1000-r198
discrete_dose,1000,199,5202199,discrete_dose-n1000-r199
discrete_dose,1000,200,5202200,discrete_dose-n1000-r200
discrete_dose,4000,1,5203001,discrete_dose-n4000-r001
discrete_dose,4000,2,5203002,discrete_dose-n4000-r002
discrete_dose,4000,3,5203003,discrete_dose-n4000-r003
discrete_dose,4000,4,5203004,discrete_dose-n4000-r004
discrete_dose,4000,5,5203005,discrete_dose-n4000-r005
discrete_dose,4000,6,5203006,discrete_dose-n4000-r006
discrete_dose,4000,7,5203007,discrete_dose-n4000-r007
discrete_dose,4000,8,5203008,discrete_dose-n4000-r008
discrete_dose,4000,9,5203009,discrete_dose-n4000-r009
discrete_dose,4000,10,5203010,discrete_dose-n4000-r010
discrete_dose,4000,11,5203011,discrete_dose-n4000-r011
discrete_dose,4000,12,5203012,discrete_dose-n4000-r012
discrete_dose,4000,13,5203013,discrete_dose-n4000-r013
discrete_dose,4000,14,5203014,discrete_dose-n4000-r014
discrete_dose,4000,15,5203015,discrete_dose-n4000-r015
discrete_dose,4000,16,5203016,discrete_dose-n4000-r016
discrete_dose,4000,17,5203017,discrete_dose-n4000-r017
discrete_dose,4000,18,5203018,discrete_dose-n4000-r018
discrete_dose,4000,19,5203019,discrete_dose-n4000-r019
discrete_dose,4000,20,5203020,discrete_dose-n4000-r020
discrete_dose,4000,21,5203021,discrete_dose-n4000-r021
discrete_dose,4000,22,5203022,discrete_dose-n4000-r022
discrete_dose,4000,23,5203023,discrete_dose-n4000-r023
discrete_dose,4000,24,5203024,discrete_dose-n4000-r024
discrete_dose,4000,25,5203025,discrete_dose-n4000-r025
discrete_dose,4000,26,5203026,discrete_dose-n4000-r026
discrete_dose,4000,27,5203027,discrete_dose-n4000-r027
discrete_dose,4000,28,5203028,discrete_dose-n4000-r028
discrete_dose,4000,29,5203029,discrete_dose-n4000-r029
discrete_dose,4000,30,5203030,discrete_dose-n4000-r030
discrete_dose,4000,31,5203031,discrete_dose-n4000-r031
discrete_dose,4000,32,5203032,discrete_dose-n4000-r032
discrete_dose,4000,33,5203033,discrete_dose-n4000-r033
discrete_dose,4000,34,5203034,discrete_dose-n4000-r034
discrete_dose,4000,35,5203035,discrete_dose-n4000-r035
discrete_dose,4000,36,5203036,discrete_dose-n4000-r036
discrete_dose,4000,37,5203037,discrete_dose-n4000-r037
discrete_dose,4000,38,5203038,discrete_dose-n4000-r038
discrete_dose,4000,39,5203039,discrete_dose-n4000-r039
discrete_dose,4000,40,5203040,discrete_dose-n4000-r040
discrete_dose,4000,41,5203041,discrete_dose-n4000-r041
discrete_dose,4000,42,5203042,discrete_dose-n4000-r042
discrete_dose,4000,43,5203043,discrete_dose-n4000-r043
discrete_dose,4000,44,5203044,discrete_dose-n4000-r044
discrete_dose,4000,45,5203045,discrete_dose-n4000-r045
discrete_dose,4000,46,5203046,discrete_dose-n4000-r046
discrete_dose,4000,47,5203047,discrete_dose-n4000-r047
discrete_dose,4000,48,5203048,discrete_dose-n4000-r048
discrete_dose,4000,49,5203049,discrete_dose-n4000-r049
discrete_dose,4000,50,5203050,discrete_dose-n4000-r050
discrete_dose,4000,51,5203051,discrete_dose-n4000-r051
discrete_dose,4000,52,5203052,discrete_dose-n4000-r052
discrete_dose,4000,53,5203053,discrete_dose-n4000-r053
discrete_dose,4000,54,5203054,discrete_dose-n4000-r054
discrete_dose,4000,55,5203055,discrete_dose-n4000-r055
discrete_dose,4000,56,5203056,discrete_dose-n4000-r056
discrete_dose,4000,57,5203057,discrete_dose-n4000-r057
discrete_dose,4000,58,5203058,discrete_dose-n4000-r058
discrete_dose,4000,59,5203059,discrete_dose-n4000-r059
discrete_dose,4000,60,5203060,discrete_dose-n4000-r060
discrete_dose,4000,61,5203061,discrete_dose-n4000-r061
discrete_dose,4000,62,5203062,discrete_dose-n4000-r062
discrete_dose,4000,63,5203063,discrete_dose-n4000-r063
discrete_dose,4000,64,5203064,discrete_dose-n4000-r064
discrete_dose,4000,65,5203065,discrete_dose-n4000-r065
discrete_dose,4000,66,5203066,discrete_dose-n4000-r066
discrete_dose,4000,67,5203067,discrete_dose-n4000-r067
discrete_dose,4000,68,5203068,discrete_dose-n4000-r068
discrete_dose,4000,69,5203069,discrete_dose-n4000-r069
discrete_dose,4000,70,5203070,discrete_dose-n4000-r070
discrete_dose,4000,71,5203071,discrete_dose-n4000-r071
discrete_dose,4000,72,5203072,discrete_dose-n4000-r072
discrete_dose,4000,73,5203073,discrete_dose-n4000-r073
discrete_dose,4000,74,5203074,discrete_dose-n4000-r074
discrete_dose,4000,75,5203075,discrete_dose-n4000-r075
discrete_dose,4000,76,5203076,discrete_dose-n4000-r076
discrete_dose,4000,77,5203077,discrete_dose-n4000-r077
discrete_dose,4000,78,5203078,discrete_dose-n4000-r078
discrete_dose,4000,79,5203079,discrete_dose-n4000-r079
discrete_dose,4000,80,5203080,discrete_dose-n4000-r080
discrete_dose,4000,81,5203081,discrete_dose-n4000-r081
discrete_dose,4000,82,5203082,discrete_dose-n4000-r082
discrete_dose,4000,83,5203083,discrete_dose-n4000-r083
discrete_dose,4000,84,5203084,discrete_dose-n4000-r084
discrete_dose,4000,85,5203085,discrete_dose-n4000-r085
discrete_dose,4000,86,5203086,discrete_dose-n4000-r086
discrete_dose,4000,87,5203087,discrete_dose-n4000-r087
discrete_dose,4000,88,5203088,discrete_dose-n4000-r088
discrete_dose,4000,89,5203089,discrete_dose-n4000-r089
discrete_dose,4000,90,5203090,discrete_dose-n4000-r090
discrete_dose,4000,91,5203091,discrete_dose-n4000-r091
discrete_dose,4000,92,5203092,discrete_dose-n4000-r092
discrete_dose,4000,93,5203093,discrete_dose-n4000-r093
discrete_dose,4000,94,5203094,discrete_dose-n4000-r094
discrete_dose,4000,95,5203095,discrete_dose-n4000-r095
discrete_dose,4000,96,5203096,discrete_dose-n4000-r096
discrete_dose,4000,97,5203097,discrete_dose-n4000-r097
discrete_dose,4000,98,5203098,discrete_dose-n4000-r098
discrete_dose,4000,99,5203099,discrete_dose-n4000-r099
discrete_dose,4000,100,5203100,discrete_dose-n4000-r100
discrete_dose,4000,101,5203101,discrete_dose-n4000-r101
discrete_dose,4000,102,5203102,discrete_dose-n4000-r102
discrete_dose,4000,103,5203103,discrete_dose-n4000-r103
discrete_dose,4000,104,5203104,discrete_dose-n4000-r104
discrete_dose,4000,105,5203105,discrete_dose-n4000-r105
discrete_dose,4000,106,5203106,discrete_dose-n4000-r106
discrete_dose,4000,107,5203107,discrete_dose-n4000-r107
discrete_dose,4000,108,5203108,discrete_dose-n4000-r108
discrete_dose,4000,109,5203109,discrete_dose-n4000-r109
discrete_dose,4000,110,5203110,discrete_dose-n4000-r110
discrete_dose,4000,111,5203111,discrete_dose-n4000-r111
discrete_dose,4000,112,5203112,discrete_dose-n4000-r112
discrete_dose,4000,113,5203113,discrete_dose-n4000-r113
discrete_dose,4000,114,5203114,discrete_dose-n4000-r114
discrete_dose,4000,115,5203115,discrete_dose-n4000-r115
discrete_dose,4000,116,5203116,discrete_dose-n4000-r116
discrete_dose,4000,117,5203117,discrete_dose-n4000-r117
discrete_dose,4000,118,5203118,discrete_dose-n4000-r118
discrete_dose,4000,119,5203119,discrete_dose-n4000-r119
discrete_dose,4000,120,5203120,discrete_dose-n4000-r120
discrete_dose,4000,121,5203121,discrete_dose-n4000-r121
discrete_dose,4000,122,5203122,discrete_dose-n4000-r122
discrete_dose,4000,123,5203123,discrete_dose-n4000-r123
discrete_dose,4000,124,5203124,discrete_dose-n4000-r124
discrete_dose,4000,125,5203125,discrete_dose-n4000-r125
discrete_dose,4000,126,5203126,discrete_dose-n4000-r126
discrete_dose,4000,127,5203127,discrete_dose-n4000-r127
discrete_dose,4000,128,5203128,discrete_dose-n4000-r128
discrete_dose,4000,129,5203129,discrete_dose-n4000-r129
discrete_dose,4000,130,5203130,discrete_dose-n4000-r130
discrete_dose,4000,131,5203131,discrete_dose-n4000-r131
discrete_dose,4000,132,5203132,discrete_dose-n4000-r132
discrete_dose,4000,133,5203133,discrete_dose-n4000-r133
discrete_dose,4000,134,5203134,discrete_dose-n4000-r134
discrete_dose,4000,135,5203135,discrete_dose-n4000-r135
discrete_dose,4000,136,5203136,discrete_dose-n4000-r136
discrete_dose,4000,137,5203137,discrete_dose-n4000-r137
discrete_dose,4000,138,5203138,discrete_dose-n4000-r138
discrete_dose,4000,139,5203139,discrete_dose-n4000-r139
discrete_dose,4000,140,5203140,discrete_dose-n4000-r140
discrete_dose,4000,141,5203141,discrete_dose-n4000-r141
discrete_dose,4000,142,5203142,discrete_dose-n4000-r142
discrete_dose,4000,143,5203143,discrete_dose-n4000-r143
discrete_dose,4000,144,5203144,discrete_dose-n4000-r144
discrete_dose,4000,145,5203145,discrete_dose-n4000-r145
discrete_dose,4000,146,5203146,discrete_dose-n4000-r146
discrete_dose,4000,147,5203147,discrete_dose-n4000-r147
discrete_dose,4000,148,5203148,discrete_dose-n4000-r148
discrete_dose,4000,149,5203149,discrete_dose-n4000-r149
discrete_dose,4000,150,5203150,discrete_dose-n4000-r150
discrete_dose,4000,151,5203151,discrete_dose-n4000-r151
discrete_dose,4000,152,5203152,discrete_dose-n4000-r152
discrete_dose,4000,153,5203153,discrete_dose-n4000-r153
discrete_dose,4000,154,5203154,discrete_dose-n4000-r154
discrete_dose,4000,155,5203155,discrete_dose-n4000-r155
discrete_dose,4000,156,5203156,discrete_dose-n4000-r156
discrete_dose,4000,157,5203157,discrete_dose-n4000-r157
discrete_dose,4000,158,5203158,discrete_dose-n4000-r158
discrete_dose,4000,159,5203159,discrete_dose-n4000-r159
discrete_dose,4000,160,5203160,discrete_dose-n4000-r160
discrete_dose,4000,161,5203161,discrete_dose-n4000-r161
discrete_dose,4000,162,5203162,discrete_dose-n4000-r162
discrete_dose,4000,163,5203163,discrete_dose-n4000-r163
discrete_dose,4000,164,5203164,discrete_dose-n4000-r164
discrete_dose,4000,165,5203165,discrete_dose-n4000-r165
discrete_dose,4000,166,5203166,discrete_dose-n4000-r166
discrete_dose,4000,167,5203167,discrete_dose-n4000-r167
discrete_dose,4000,168,5203168,discrete_dose-n4000-r168
discrete_dose,4000,169,5203169,discrete_dose-n4000-r169
discrete_dose,4000,170,5203170,discrete_dose-n4000-r170
discrete_dose,4000,171,5203171,discrete_dose-n4000-r171
discrete_dose,4000,172,5203172,discrete_dose-n4000-r172
discrete_dose,4000,173,5203173,discrete_dose-n4000-r173
discrete_dose,4000,174,5203174,discrete_dose-n4000-r174
discrete_dose,4000,175,5203175,discrete_dose-n4000-r175
discrete_dose,4000,176,5203176,discrete_dose-n4000-r176
discrete_dose,4000,177,5203177,discrete_dose-n4000-r177
discrete_dose,4000,178,5203178,discrete_dose-n4000-r178
discrete_dose,4000,179,5203179,discrete_dose-n4000-r179
discrete_dose,4000,180,5203180,discrete_dose-n4000-r180
discrete_dose,4000,181,5203181,discrete_dose-n4000-r181
discrete_dose,4000,182,5203182,discrete_dose-n4000-r182
discrete_dose,4000,183,5203183,discrete_dose-n4000-r183
discrete_dose,4000,184,5203184,discrete_dose-n4000-r184
discrete_dose,4000,185,5203185,discrete_dose-n4000-r185
discrete_dose,4000,186,5203186,discrete_dose-n4000-r186
discrete_dose,4000,187,5203187,discrete_dose-n4000-r187
discrete_dose,4000,188,5203188,discrete_dose-n4000-r188
discrete_dose,4000,189,5203189,discrete_dose-n4000-r189
discrete_dose,4000,190,5203190,discrete_dose-n4000-r190
discrete_dose,4000,191,5203191,discrete_dose-n4000-r191
discrete_dose,4000,192,5203192,discrete_dose-n4000-r192
discrete_dose,4000,193,5203193,discrete_dose-n4000-r193
discrete_dose,4000,194,5203194,discrete_dose-n4000-r194
discrete_dose,4000,195,5203195,discrete_dose-n4000-r195
discrete_dose,4000,196,5203196,discrete_dose-n4000-r196
discrete_dose,4000,197,5203197,discrete_dose-n4000-r197
discrete_dose,4000,198,5203198,discrete_dose-n4000-r198
discrete_dose,4000,199,5203199,discrete_dose-n4000-r199
discrete_dose,4000,200,5203200,discrete_dose-n4000-r200
