mechanism,n,replicate,seed,all_correct,dose_max,learner_groups,balance_measurement,visits,seconds,comparisons_successful,errors,warnings
binary_longitudinal,1000,1,5102001,TRUE,1,3,TRUE,missing_both,2257.077,2,0,Passing 'thresh' to glmnet() is deprecated. Use control = list(thresh = ...) instead. | Passing 'maxit' to glmnet() is deprecated. Use control = list(maxit = ...) instead. | shoving 'interior' knots matching boundary knots to inside | all interior knots match left boundary knot
binary_longitudinal,1000,2,5102002,TRUE,1,3,TRUE,missing_both,2732.753,2,0,Passing 'thresh' to glmnet() is deprecated. Use control = list(thresh = ...) instead. | Passing 'maxit' to glmnet() is deprecated. Use control = list(maxit = ...) instead. | shoving 'interior' knots matching boundary knots to inside | all interior knots match left boundary knot
binary_longitudinal,1000,3,5102003,TRUE,1,3,TRUE,missing_both,3030.949,2,0,Passing 'thresh' to glmnet() is deprecated. Use control = list(thresh = ...) instead. | Passing 'maxit' to glmnet() is deprecated. Use control = list(maxit = ...) instead. | shoving 'interior' knots matching boundary knots to inside | all interior knots match left boundary knot
binary_longitudinal,1000,14,5102014,TRUE,1,3,TRUE,missing_both,3014.829,2,0,Passing 'thresh' to glmnet() is deprecated. Use control = list(thresh = ...) instead. | Passing 'maxit' to glmnet() is deprecated. Use control = list(maxit = ...) instead. | shoving 'interior' knots matching boundary knots to inside | all interior knots match left boundary knot
binary_longitudinal,1000,15,5102015,TRUE,1,3,TRUE,missing_both,2975.092,2,0,Passing 'thresh' to glmnet() is deprecated. Use control = list(thresh = ...) instead. | Passing 'maxit' to glmnet() is deprecated. Use control = list(maxit = ...) instead. | shoving 'interior' knots matching boundary knots to inside | all interior knots match left boundary knot
binary_longitudinal,1000,17,5102017,TRUE,1,3,TRUE,missing_both,2980.997,2,0,Passing 'thresh' to glmnet() is deprecated. Use control = list(thresh = ...) instead. | Passing 'maxit' to glmnet() is deprecated. Use control = list(maxit = ...) instead. | shoving 'interior' knots matching boundary knots to inside | all interior knots match left boundary knot
binary_longitudinal,1000,21,5102021,TRUE,1,3,TRUE,missing_both,2180.656,2,0,Passing 'thresh' to glmnet() is deprecated. Use control = list(thresh = ...) instead. | Passing 'maxit' to glmnet() is deprecated. Use control = list(maxit = ...) instead. | shoving 'interior' knots matching boundary knots to inside | all interior knots match left boundary knot
binary_longitudinal,1000,22,5102022,TRUE,1,3,TRUE,missing_both,2765.629,2,0,Passing 'thresh' to glmnet() is deprecated. Use control = list(thresh = ...) instead. | Passing 'maxit' to glmnet() is deprecated. Use control = list(maxit = ...) instead. | shoving 'interior' knots matching boundary knots to inside | all interior knots match left boundary knot
binary_longitudinal,1000,23,5102023,TRUE,1,3,TRUE,missing_both,3081.332,2,0,Passing 'thresh' to glmnet() is deprecated. Use control = list(thresh = ...) instead. | Passing 'maxit' to glmnet() is deprecated. Use control = list(maxit = ...) instead. | shoving 'interior' knots matching boundary knots to inside | all interior knots match left boundary knot
binary_longitudinal,4000,7,5103007,TRUE,1,3,TRUE,missing_both,2602.068,2,0,Passing 'thresh' to glmnet() is deprecated. Use control = list(thresh = ...) instead. | Passing 'maxit' to glmnet() is deprecated. Use control = list(maxit = ...) instead. | shoving 'interior' knots matching boundary knots to inside | all interior knots match left boundary knot
binary_longitudinal,4000,8,5103008,TRUE,1,3,TRUE,missing_both,2776.485,2,0,Passing 'thresh' to glmnet() is deprecated. Use control = list(thresh = ...) instead. | Passing 'maxit' to glmnet() is deprecated. Use control = list(maxit = ...) instead. | shoving 'interior' knots matching boundary knots to inside | all interior knots match left boundary knot
binary_longitudinal,4000,10,5103010,TRUE,1,3,TRUE,missing_both,2675.874,2,0,Passing 'thresh' to glmnet() is deprecated. Use control = list(thresh = ...) instead. | Passing 'maxit' to glmnet() is deprecated. Use control = list(maxit = ...) instead. | shoving 'interior' knots matching boundary knots to inside | all interior knots match left boundary knot
binary_longitudinal,4000,14,5103014,TRUE,1,3,TRUE,missing_both,1956.807,2,0,Passing 'thresh' to glmnet() is deprecated. Use control = list(thresh = ...) instead. | Passing 'maxit' to glmnet() is deprecated. Use control = list(maxit = ...) instead. | shoving 'interior' knots matching boundary knots to inside | all interior knots match left boundary knot
binary_longitudinal,4000,15,5103015,TRUE,1,3,TRUE,missing_both,2418.397,2,0,Passing 'thresh' to glmnet() is deprecated. Use control = list(thresh = ...) instead. | Passing 'maxit' to glmnet() is deprecated. Use control = list(maxit = ...) instead. | shoving 'interior' knots matching boundary knots to inside | all interior knots match left boundary knot
binary_longitudinal,4000,16,5103016,TRUE,1,3,TRUE,missing_both,2709.689,2,0,Passing 'thresh' to glmnet() is deprecated. Use control = list(thresh = ...) instead. | Passing 'maxit' to glmnet() is deprecated. Use control = list(maxit = ...) instead. | shoving 'interior' knots matching boundary knots to inside | all interior knots match left boundary knot
binary_longitudinal,500,1,5101001,TRUE,1,3,TRUE,missing_both,3137.956,2,0,Passing 'thresh' to glmnet() is deprecated. Use control = list(thresh = ...) instead. | Passing 'maxit' to glmnet() is deprecated. Use control = list(maxit = ...) instead. | shoving 'interior' knots matching boundary knots to inside | all interior knots match left boundary knot
binary_longitudinal,500,2,5101002,TRUE,1,3,TRUE,missing_both,3262.666,2,0,Passing 'thresh' to glmnet() is deprecated. Use control = list(thresh = ...) instead. | Passing 'maxit' to glmnet() is deprecated. Use control = list(maxit = ...) instead. | shoving 'interior' knots matching boundary knots to inside | all interior knots match left boundary knot
binary_longitudinal,500,4,5101004,TRUE,1,3,TRUE,missing_both,3185.911,2,0,Passing 'thresh' to glmnet() is deprecated. Use control = list(thresh = ...) instead. | Passing 'maxit' to glmnet() is deprecated. Use control = list(maxit = ...) instead. | shoving 'interior' knots matching boundary knots to inside | all interior knots match left boundary knot
binary_longitudinal,500,8,5101008,TRUE,1,3,TRUE,missing_both,2258.234,2,0,Passing 'thresh' to glmnet() is deprecated. Use control = list(thresh = ...) instead. | Passing 'maxit' to glmnet() is deprecated. Use control = list(maxit = ...) instead. | shoving 'interior' knots matching boundary knots to inside | all interior knots match left boundary knot
binary_longitudinal,500,9,5101009,TRUE,1,3,TRUE,missing_both,2896.801,2,0,Passing 'thresh' to glmnet() is deprecated. Use control = list(thresh = ...) instead. | Passing 'maxit' to glmnet() is deprecated. Use control = list(maxit = ...) instead. | shoving 'interior' knots matching boundary knots to inside | all interior knots match left boundary knot
binary_longitudinal,500,10,5101010,TRUE,1,3,TRUE,missing_both,3216.43,2,0,Passing 'thresh' to glmnet() is deprecated. Use control = list(thresh = ...) instead. | Passing 'maxit' to glmnet() is deprecated. Use control = list(maxit = ...) instead. | shoving 'interior' knots matching boundary knots to inside | all interior knots match left boundary knot
binary_longitudinal,500,21,5101021,TRUE,1,3,TRUE,missing_both,3111.417,2,0,Passing 'thresh' to glmnet() is deprecated. Use control = list(thresh = ...) instead. | Passing 'maxit' to glmnet() is deprecated. Use control = list(maxit = ...) instead. | shoving 'interior' knots matching boundary knots to inside | all interior knots match left boundary knot
binary_longitudinal,500,22,5101022,TRUE,1,3,TRUE,missing_both,3189.902,2,0,Passing 'thresh' to glmnet() is deprecated. Use control = list(thresh = ...) instead. | Passing 'maxit' to glmnet() is deprecated. Use control = list(maxit = ...) instead. | shoving 'interior' knots matching boundary knots to inside | all interior knots match left boundary knot
binary_longitudinal,500,24,5101024,TRUE,1,3,TRUE,missing_both,3161.555,2,0,Passing 'thresh' to glmnet() is deprecated. Use control = list(thresh = ...) instead. | Passing 'maxit' to glmnet() is deprecated. Use control = list(maxit = ...) instead. | shoving 'interior' knots matching boundary knots to inside | all interior knots match left boundary knot
