mechanism,n,horizon,estimator,scenario,successful,population_bias,sequential_remainder,bridge_remainder
binary_longitudinal,1000,1,sdr,beta1_lambda1_ratio1_m1,9,0.00369587015449769,0.00171986076831118,0.00197600938618651
binary_longitudinal,1000,2,sdr,beta1_lambda1_ratio1_m1,9,0.0514150795911453,0.0359025792377625,0.0155125003533828
binary_longitudinal,1000,1,tmle,beta1_lambda1_ratio1_m1,9,0.00330708794265041,0.00133107855646388,0.00197600938618654
binary_longitudinal,1000,2,tmle,beta1_lambda1_ratio1_m1,9,-0.0145286074932885,-0.0300411078466715,0.0155125003533828
binary_longitudinal,4000,1,sdr,beta1_lambda1_ratio1_m1,6,-0.000417601142081091,-0.000432956699289983,1.53555572088934e-05
binary_longitudinal,4000,2,sdr,beta1_lambda1_ratio1_m1,6,0.00362783625985096,0.00401420456678144,-0.000386368306930486
binary_longitudinal,4000,1,tmle,beta1_lambda1_ratio1_m1,6,-0.000397484619991988,-0.00041284017720085,1.53555572088622e-05
binary_longitudinal,4000,2,tmle,beta1_lambda1_ratio1_m1,6,0.00400473811911411,0.00439110642604462,-0.000386368306930497
binary_longitudinal,500,1,sdr,beta1_lambda1_ratio1_m1,9,0.000383701659230677,0.000375012131787882,8.68952744279642e-06
binary_longitudinal,500,2,sdr,beta1_lambda1_ratio1_m1,9,-0.0192040553768832,0.00971517989676752,-0.0289192352736506
binary_longitudinal,500,1,tmle,beta1_lambda1_ratio1_m1,9,-0.0023785175689838,-0.00238720709642658,8.68952744277271e-06
binary_longitudinal,500,2,tmle,beta1_lambda1_ratio1_m1,9,-0.0346716689823682,-0.00575243370871758,-0.0289192352736506
