mechanism,fold,training_scope,candidate,selected,loss,failed_trials,interior
binary_longitudinal,1,1,sieve_md,3.16227766016838e-10,-0.00104964243070441,0,TRUE
binary_longitudinal,1,2,sieve_md,1e-09,-0.000924311737631805,0,TRUE
binary_longitudinal,1,3,sieve_md,1e-06,-0.00068372219153575,0,TRUE
binary_longitudinal,1,4,sieve_md,3.16227766016838e-12,-0.000725268236423049,0,TRUE
binary_longitudinal,2,1,sieve_md,5.62341325190349e-11,-0.000862091920818725,0,TRUE
binary_longitudinal,2,2,sieve_md,3.16227766016838e-07,-0.000648090738134071,0,TRUE
binary_longitudinal,2,3,sieve_md,5.62341325190349e-07,-0.000246190095086526,0,TRUE
binary_longitudinal,2,4,sieve_md,1e-06,-0.000743660775331503,0,TRUE
binary_longitudinal,3,1,sieve_md,1.77827941003892e-17,-0.00131378314257088,0,TRUE
binary_longitudinal,3,2,sieve_md,1e-05,0.000593980166305498,0,TRUE
binary_longitudinal,3,3,sieve_md,1e-05,-0.000516204445839816,0,TRUE
binary_longitudinal,3,4,sieve_md,1e-06,0.000192355306190851,0,TRUE
