kind,fold,horizon_or_depth,candidate,method,weight,cv_loss,constant,beta_correct,ratio_correct,m_correct,estimator
beta,1,1,sieve_md,sieve_md,0.331670629356958,3.53632711413166e-05,FALSE,,,,
beta,1,1,landweber,landweber,0.337919518772058,8.2325695669957e-05,FALSE,,,,
beta,1,1,pmmr,pmmr,0.330409851870984,6.39089707031004e-05,FALSE,,,,
beta,1,2,sieve_md,sieve_md,0,0.0454971604215701,FALSE,,,,
beta,1,2,landweber,landweber,0.889928020898854,0.00618100114233172,FALSE,,,,
beta,1,2,pmmr,pmmr,0.110071979101146,0.0106853034271902,FALSE,,,,
adjoint,1,1,sieve_md,sieve_md,0.187532132545923,0.00334088164867883,FALSE,,,,
adjoint,1,1,landweber,landweber,0.359676533401818,0.00242416509116019,FALSE,,,,
adjoint,1,1,pmmr,pmmr,0.452791334052259,0.00102848711227079,FALSE,,,,
adjoint,1,2,sieve_md,sieve_md,0.935923276411638,0.117847645089417,FALSE,,,,
adjoint,1,2,landweber,landweber,0.0640767235883624,0.314364489419995,FALSE,,,,
adjoint,1,2,pmmr,pmmr,0,0.234178894392188,FALSE,,,,
ratio,1,1,SL.saturated_l1_cv_All,SL.saturated_l1,0.982898028629555,0.203678232739366,FALSE,,,,
ratio,1,1,SL.mean_All,SL.mean,0.0171019713704455,0.25,FALSE,,,,
ratio,1,2,SL.saturated_l1_cv_All,SL.saturated_l1,0.886599993324619,0.244242128455505,FALSE,,,,
ratio,1,2,SL.mean_All,SL.mean,0.113400006675381,0.25,FALSE,,,,
beta,2,1,sieve_md,sieve_md,0.206781173946809,0.00425258165345677,FALSE,,,,
beta,2,1,landweber,landweber,0.17152961634979,0.00368753779300471,FALSE,,,,
beta,2,1,pmmr,pmmr,0.621689209703402,0.00315599607141846,FALSE,,,,
beta,2,2,sieve_md,sieve_md,0,0.0574607203304386,FALSE,,,,
beta,2,2,landweber,landweber,1,0.025910677793885,FALSE,,,,
beta,2,2,pmmr,pmmr,0,0.0307671707281382,FALSE,,,,
adjoint,2,1,sieve_md,sieve_md,0,0.0145725044489282,FALSE,,,,
adjoint,2,1,landweber,landweber,0.372570518022674,0.0114460214314608,FALSE,,,,
adjoint,2,1,pmmr,pmmr,0.627429481977326,0.00856883366854862,FALSE,,,,
adjoint,2,2,sieve_md,sieve_md,0.80372044200623,0.155886009322209,FALSE,,,,
adjoint,2,2,landweber,landweber,0.19627955799377,0.35745597009693,FALSE,,,,
adjoint,2,2,pmmr,pmmr,0,0.22068938306031,FALSE,,,,
ratio,2,1,SL.saturated_l1_cv_All,SL.saturated_l1,0.978448656914005,0.203965989912802,FALSE,,,,
ratio,2,1,SL.mean_All,SL.mean,0.0215513430859952,0.25,FALSE,,,,
ratio,2,2,SL.saturated_l1_cv_All,SL.saturated_l1,1,0.241463058695487,FALSE,,,,
ratio,2,2,SL.mean_All,SL.mean,0,0.25,FALSE,,,,
beta,3,1,sieve_md,sieve_md,0.454329018746208,0.00351417000582713,FALSE,,,,
beta,3,1,landweber,landweber,0,0.00368794668785766,FALSE,,,,
beta,3,1,pmmr,pmmr,0.545670981253793,0.00340238153024461,FALSE,,,,
beta,3,2,sieve_md,sieve_md,0,0.0412681216127646,FALSE,,,,
beta,3,2,landweber,landweber,0.24760016421843,0.00340320257654172,FALSE,,,,
beta,3,2,pmmr,pmmr,0.75239983578157,0.000601796383290818,FALSE,,,,
adjoint,3,1,sieve_md,sieve_md,0,0.013122046171183,FALSE,,,,
adjoint,3,1,landweber,landweber,0.08862609986622,0.0173828490747078,FALSE,,,,
adjoint,3,1,pmmr,pmmr,0.91137390013378,0.00604683939669988,FALSE,,,,
adjoint,3,2,sieve_md,sieve_md,0.58196363446247,0.227043085049417,FALSE,,,,
adjoint,3,2,landweber,landweber,0.169547954052133,0.39122503915566,FALSE,,,,
adjoint,3,2,pmmr,pmmr,0.248488411485397,0.253285568056473,FALSE,,,,
ratio,3,1,SL.saturated_l1_cv_All,SL.saturated_l1,0.981740635569833,0.202742289821293,FALSE,,,,
ratio,3,1,SL.mean_All,SL.mean,0.0182593644301669,0.25,FALSE,,,,
ratio,3,2,SL.saturated_l1_cv_All,SL.saturated_l1,0.971404427520469,0.239900258500482,FALSE,,,,
ratio,3,2,SL.mean_All,SL.mean,0.0285955724795308,0.25,FALSE,,,,
regression,1,1,SL.saturated_l1_cv_All,SL.saturated_l1,0.264521485680464,2.52285886137239e-05,,TRUE,TRUE,TRUE,sdr
regression,1,1,SL.earth_All,SL.earth,0.735478514319536,2.47828562755403e-05,,TRUE,TRUE,TRUE,sdr
regression,1,1,SL.mean_All,SL.mean,0,2.79894902168414e-05,,TRUE,TRUE,TRUE,sdr
regression,1,2,SL.saturated_l1_cv_All,SL.saturated_l1,0.0075466362373473,3.56665668568315e-05,,TRUE,TRUE,TRUE,sdr
regression,1,2,SL.earth_All,SL.earth,0.992453363762653,3.54987704547407e-05,,TRUE,TRUE,TRUE,sdr
regression,1,2,SL.mean_All,SL.mean,0,3.81058076420108e-05,,TRUE,TRUE,TRUE,sdr
regression,2,1,SL.saturated_l1_cv_All,SL.saturated_l1,0.291192730038686,2.37249302811793e-05,,TRUE,TRUE,TRUE,sdr
regression,2,1,SL.earth_All,SL.earth,0.708807269961314,2.34360657340994e-05,,TRUE,TRUE,TRUE,sdr
regression,2,1,SL.mean_All,SL.mean,0,2.64240637862016e-05,,TRUE,TRUE,TRUE,sdr
regression,2,2,SL.saturated_l1_cv_All,SL.saturated_l1,0,2.85481197926332e-05,,TRUE,TRUE,TRUE,sdr
regression,2,2,SL.earth_All,SL.earth,1,2.82641295196374e-05,,TRUE,TRUE,TRUE,sdr
regression,2,2,SL.mean_All,SL.mean,0,3.04756331555665e-05,,TRUE,TRUE,TRUE,sdr
regression,3,1,SL.saturated_l1_cv_All,SL.saturated_l1,0.233133751849959,2.48598269925824e-05,,TRUE,TRUE,TRUE,sdr
regression,3,1,SL.earth_All,SL.earth,0.766866248150041,2.43907442532639e-05,,TRUE,TRUE,TRUE,sdr
regression,3,1,SL.mean_All,SL.mean,0,2.76892758346208e-05,,TRUE,TRUE,TRUE,sdr
regression,3,2,SL.saturated_l1_cv_All,SL.saturated_l1,0.431224459220238,3.79681441777079e-05,,TRUE,TRUE,TRUE,sdr
regression,3,2,SL.earth_All,SL.earth,0.568775540779762,3.79401340090364e-05,,TRUE,TRUE,TRUE,sdr
regression,3,2,SL.mean_All,SL.mean,0,4.03635840410299e-05,,TRUE,TRUE,TRUE,sdr
regression,1,1,SL.saturated_l1_cv_All,SL.saturated_l1,0.264521485680464,2.52285886137239e-05,,TRUE,TRUE,TRUE,tmle
regression,1,1,SL.earth_All,SL.earth,0.735478514319536,2.47828562755403e-05,,TRUE,TRUE,TRUE,tmle
regression,1,1,SL.mean_All,SL.mean,0,2.79894902168414e-05,,TRUE,TRUE,TRUE,tmle
regression,1,2,SL.saturated_l1_cv_All,SL.saturated_l1,0.207435202891839,1.48278076588759e-06,,TRUE,TRUE,TRUE,tmle
regression,1,2,SL.earth_All,SL.earth,0.792564797108161,1.47595425435902e-06,,TRUE,TRUE,TRUE,tmle
regression,1,2,SL.mean_All,SL.mean,0,3.27260979361406e-06,,TRUE,TRUE,TRUE,tmle
regression,2,1,SL.saturated_l1_cv_All,SL.saturated_l1,0.291192730038686,2.37249302811793e-05,,TRUE,TRUE,TRUE,tmle
regression,2,1,SL.earth_All,SL.earth,0.708807269961314,2.34360657340994e-05,,TRUE,TRUE,TRUE,tmle
regression,2,1,SL.mean_All,SL.mean,0,2.64240637862016e-05,,TRUE,TRUE,TRUE,tmle
regression,2,2,SL.saturated_l1_cv_All,SL.saturated_l1,0.887190357620355,1.23288511019838e-06,,TRUE,TRUE,TRUE,tmle
regression,2,2,SL.earth_All,SL.earth,0.0921214274322706,1.24755507575812e-06,,TRUE,TRUE,TRUE,tmle
regression,2,2,SL.mean_All,SL.mean,0.0206882149473749,3.05142044866949e-06,,TRUE,TRUE,TRUE,tmle
regression,3,1,SL.saturated_l1_cv_All,SL.saturated_l1,0.233133751849959,2.48598269925824e-05,,TRUE,TRUE,TRUE,tmle
regression,3,1,SL.earth_All,SL.earth,0.766866248150041,2.43907442532639e-05,,TRUE,TRUE,TRUE,tmle
regression,3,1,SL.mean_All,SL.mean,0,2.76892758346208e-05,,TRUE,TRUE,TRUE,tmle
regression,3,2,SL.saturated_l1_cv_All,SL.saturated_l1,0.781359003353787,1.31448646604382e-06,,TRUE,TRUE,TRUE,tmle
regression,3,2,SL.earth_All,SL.earth,0.12705012191643,1.32094168147566e-06,,TRUE,TRUE,TRUE,tmle
regression,3,2,SL.mean_All,SL.mean,0.0915908747297833,2.97552535464092e-06,,TRUE,TRUE,TRUE,tmle
