mechanism,configuration,candidate,bridge_rmse,equation_rmse,equation_maximum_error,minimum,maximum,application_bound_n
binary_longitudinal,Original weights,ensemble,0.184451993096965,0.0539338497740326,0.180072541354822,1.64910598516118,3.57366809797788,0
binary_longitudinal,Original weights,sieve_md,0.382588781859944,0.095908078214011,0.443375835284504,1.39781487597811,5.10726486530955,0
binary_longitudinal,Original weights,landweber,0.214459119319574,0.0729123361834954,0.214717506973248,1.37392078176986,3.75027041826317,0
binary_longitudinal,Original weights,pmmr,0.328012529356344,0.083675009329617,0.244413672848813,1.73300284357439,2.9194921058921,0
binary_longitudinal,Landweber weight CV,ensemble,0.151774466983988,0.0506131752175555,0.159463019618,1.65184389988558,3.59836522920728,0
binary_longitudinal,Landweber weight CV,sieve_md,0.382588781859944,0.095908078214011,0.443375835284504,1.39781487597811,5.10726486530955,0
binary_longitudinal,Landweber weight CV,landweber,0.163700701183351,0.0593476428561224,0.230108994597705,1.54283345520202,3.79445994280679,0
binary_longitudinal,Landweber weight CV,pmmr,0.328012529356344,0.083675009329617,0.244413672848813,1.73300284357439,2.9194921058921,0
discrete_dose,Original weights,ensemble,0.296722351389589,0.0704645221074115,0.233920928949031,1.87339298983394,2.97999301395779,0
discrete_dose,Original weights,sieve_md,0.636087578017968,0.156224259826486,0.454676454555454,1.32498942803943,3.81370432922069,0
discrete_dose,Original weights,landweber,0.698889234182949,0.184481979838901,0.401145972797045,1.28635830010456,3.62082950554111,0
discrete_dose,Original weights,pmmr,0.342607572086431,0.0894995700638633,0.304314972090483,1.88971470166675,3.08408380090564,0
discrete_dose,Landweber weight CV,ensemble,0.189448373801908,0.0726729828418488,0.153271112343189,1.73035144966844,3.47593880869723,0
discrete_dose,Landweber weight CV,sieve_md,0.636087578017968,0.156224259826486,0.454676454555454,1.32498942803943,3.81370432922069,0
discrete_dose,Landweber weight CV,landweber,0.191940046088733,0.0753140450550641,0.167875534506642,1.67631759547712,3.5635017851187,0
discrete_dose,Landweber weight CV,pmmr,0.342607572086431,0.0894995700638633,0.304314972090483,1.88971470166675,3.08408380090564,0
discrete_dose,Fixed 0.01,ensemble,0.172528451962728,0.0619762448625295,0.14762362898097,1.76954092947756,3.36189323223814,0
discrete_dose,Fixed 0.01,sieve_md,0.16961347483459,0.0679034050048813,0.146393140348807,1.65905627368946,3.5519638855654,0
discrete_dose,Fixed 0.01,landweber,0.152707538774472,0.0652297245711867,0.126115348460187,1.64733727018571,3.58484708937611,0
discrete_dose,Fixed 0.01,pmmr,0.342607572086431,0.0894995700638633,0.304314972090483,1.88971470166675,3.08408380090564,0
discrete_dose,Fixed 0.1,ensemble,0.211901334543508,0.0779653531399939,0.165991784158155,1.74805303235145,3.42180616112432,0
discrete_dose,Fixed 0.1,sieve_md,0.224213026785743,0.083895884719165,0.188310167169565,1.70885667681623,3.50816613326169,0
discrete_dose,Fixed 0.1,landweber,0.218675167552803,0.0815739371943687,0.184153923569079,1.68372951456694,3.51728333309596,0
discrete_dose,Fixed 0.1,pmmr,0.342607572086431,0.0894995700638633,0.304314972090483,1.88971470166675,3.08408380090564,0
