scale,loss,grid_round,selected,failed,failure,scored_rows,paired_rows,informative,mechanism,configuration,candidate
1e-10,0.015899065448065,0,FALSE,FALSE,"",2666,2580,TRUE,binary_longitudinal,Original weights,sieve_md
1.77827941003892e-10,0.00922613569590024,0,FALSE,FALSE,"",2666,2580,TRUE,binary_longitudinal,Original weights,sieve_md
3.16227766016838e-10,0.00492982397435131,0,FALSE,FALSE,"",2666,2580,TRUE,binary_longitudinal,Original weights,sieve_md
5.62341325190349e-10,0.00263365705639883,0,FALSE,FALSE,"",2666,2580,TRUE,binary_longitudinal,Original weights,sieve_md
1e-09,0.00112681630685194,0,FALSE,FALSE,"",2666,2580,TRUE,binary_longitudinal,Original weights,sieve_md
1.77827941003892e-09,0.000118775887632526,0,FALSE,FALSE,"",2666,2580,TRUE,binary_longitudinal,Original weights,sieve_md
3.16227766016838e-09,-0.000621118822511123,0,FALSE,FALSE,"",2666,2580,TRUE,binary_longitudinal,Original weights,sieve_md
5.62341325190349e-09,-0.00121232799580792,0,FALSE,FALSE,"",2666,2580,TRUE,binary_longitudinal,Original weights,sieve_md
1e-08,-0.00167584636962997,0,FALSE,FALSE,"",2666,2580,TRUE,binary_longitudinal,Original weights,sieve_md
1.77827941003892e-08,-0.0020584567524137,0,FALSE,FALSE,"",2666,2580,TRUE,binary_longitudinal,Original weights,sieve_md
3.16227766016838e-08,-0.00238122627232918,0,FALSE,FALSE,"",2666,2580,TRUE,binary_longitudinal,Original weights,sieve_md
5.62341325190349e-08,-0.00261295006331345,0,FALSE,FALSE,"",2666,2580,TRUE,binary_longitudinal,Original weights,sieve_md
1e-07,-0.00284508640965367,0,FALSE,FALSE,"",2666,2580,TRUE,binary_longitudinal,Original weights,sieve_md
1.77827941003892e-07,-0.00305271622786032,0,FALSE,FALSE,"",2666,2580,TRUE,binary_longitudinal,Original weights,sieve_md
3.16227766016838e-07,-0.00352489183256846,0,FALSE,FALSE,"",2666,2580,TRUE,binary_longitudinal,Original weights,sieve_md
5.62341325190349e-07,-0.00419583899944364,0,FALSE,FALSE,"",2666,2580,TRUE,binary_longitudinal,Original weights,sieve_md
1e-06,-0.00495490758449433,0,FALSE,FALSE,"",2666,2580,TRUE,binary_longitudinal,Original weights,sieve_md
1.77827941003892e-06,-0.00567748560119847,0,FALSE,FALSE,"",2666,2580,TRUE,binary_longitudinal,Original weights,sieve_md
3.16227766016838e-06,-0.00636585349732573,0,FALSE,FALSE,"",2666,2580,TRUE,binary_longitudinal,Original weights,sieve_md
5.62341325190349e-06,-0.00739908500800872,0,FALSE,FALSE,"",2666,2580,TRUE,binary_longitudinal,Original weights,sieve_md
1e-05,-0.00840010730857767,0,FALSE,FALSE,"",2666,2580,TRUE,binary_longitudinal,Original weights,sieve_md
1.77827941003892e-05,-0.00871809869894518,0,TRUE,FALSE,"",2666,2580,TRUE,binary_longitudinal,Original weights,sieve_md
3.16227766016838e-05,-0.00793146825095737,0,FALSE,FALSE,"",2666,2580,TRUE,binary_longitudinal,Original weights,sieve_md
5.62341325190349e-05,-0.00652723087106469,0,FALSE,FALSE,"",2666,2580,TRUE,binary_longitudinal,Original weights,sieve_md
1e-04,-0.00518945170495478,0,FALSE,FALSE,"",2666,2580,TRUE,binary_longitudinal,Original weights,sieve_md
0.000177827941003892,-0.00412147344670651,0,FALSE,FALSE,"",2666,2580,TRUE,binary_longitudinal,Original weights,sieve_md
0.000316227766016838,-0.003322151233955,0,FALSE,FALSE,"",2666,2580,TRUE,binary_longitudinal,Original weights,sieve_md
0.000562341325190349,-0.00275249650859307,0,FALSE,FALSE,"",2666,2580,TRUE,binary_longitudinal,Original weights,sieve_md
0.001,-0.0023723335567113,0,FALSE,FALSE,"",2666,2580,TRUE,binary_longitudinal,Original weights,sieve_md
0.00177827941003892,-0.00214310724850015,0,FALSE,FALSE,"",2666,2580,TRUE,binary_longitudinal,Original weights,sieve_md
0.00316227766016838,-0.00201412666651855,0,FALSE,FALSE,"",2666,2580,TRUE,binary_longitudinal,Original weights,sieve_md
0.00562341325190349,-0.00192342552083019,0,FALSE,FALSE,"",2666,2580,TRUE,binary_longitudinal,Original weights,sieve_md
0.01,-0.00177011642164023,0,FALSE,FALSE,"",2666,2580,TRUE,binary_longitudinal,Original weights,sieve_md
0.0177827941003892,-0.00138596400686073,0,FALSE,FALSE,"",2666,2580,TRUE,binary_longitudinal,Original weights,sieve_md
0.0316227766016838,-0.00056463871109452,0,FALSE,FALSE,"",2666,2580,TRUE,binary_longitudinal,Original weights,sieve_md
0.0562341325190349,0.000807249336733934,0,FALSE,FALSE,"",2666,2580,TRUE,binary_longitudinal,Original weights,sieve_md
0.1,0.00266851049117983,0,FALSE,FALSE,"",2666,2580,TRUE,binary_longitudinal,Original weights,sieve_md
0.177827941003892,0.00495787843607325,0,FALSE,FALSE,"",2666,2580,TRUE,binary_longitudinal,Original weights,sieve_md
0.316227766016838,0.00771714644890571,0,FALSE,FALSE,"",2666,2580,TRUE,binary_longitudinal,Original weights,sieve_md
0.562341325190349,0.0107822886118888,0,FALSE,FALSE,"",2666,2580,TRUE,binary_longitudinal,Original weights,sieve_md
1,0.0136607638155049,0,FALSE,FALSE,"",2666,2580,TRUE,binary_longitudinal,Original weights,sieve_md
1e-10,0.015899065448065,0,FALSE,FALSE,"",2666,2580,TRUE,binary_longitudinal,Landweber weight CV,sieve_md
1.77827941003892e-10,0.00922613569590024,0,FALSE,FALSE,"",2666,2580,TRUE,binary_longitudinal,Landweber weight CV,sieve_md
3.16227766016838e-10,0.00492982397435131,0,FALSE,FALSE,"",2666,2580,TRUE,binary_longitudinal,Landweber weight CV,sieve_md
5.62341325190349e-10,0.00263365705639883,0,FALSE,FALSE,"",2666,2580,TRUE,binary_longitudinal,Landweber weight CV,sieve_md
1e-09,0.00112681630685194,0,FALSE,FALSE,"",2666,2580,TRUE,binary_longitudinal,Landweber weight CV,sieve_md
1.77827941003892e-09,0.000118775887632526,0,FALSE,FALSE,"",2666,2580,TRUE,binary_longitudinal,Landweber weight CV,sieve_md
3.16227766016838e-09,-0.000621118822511123,0,FALSE,FALSE,"",2666,2580,TRUE,binary_longitudinal,Landweber weight CV,sieve_md
5.62341325190349e-09,-0.00121232799580792,0,FALSE,FALSE,"",2666,2580,TRUE,binary_longitudinal,Landweber weight CV,sieve_md
1e-08,-0.00167584636962997,0,FALSE,FALSE,"",2666,2580,TRUE,binary_longitudinal,Landweber weight CV,sieve_md
1.77827941003892e-08,-0.0020584567524137,0,FALSE,FALSE,"",2666,2580,TRUE,binary_longitudinal,Landweber weight CV,sieve_md
3.16227766016838e-08,-0.00238122627232918,0,FALSE,FALSE,"",2666,2580,TRUE,binary_longitudinal,Landweber weight CV,sieve_md
5.62341325190349e-08,-0.00261295006331345,0,FALSE,FALSE,"",2666,2580,TRUE,binary_longitudinal,Landweber weight CV,sieve_md
1e-07,-0.00284508640965367,0,FALSE,FALSE,"",2666,2580,TRUE,binary_longitudinal,Landweber weight CV,sieve_md
1.77827941003892e-07,-0.00305271622786032,0,FALSE,FALSE,"",2666,2580,TRUE,binary_longitudinal,Landweber weight CV,sieve_md
3.16227766016838e-07,-0.00352489183256846,0,FALSE,FALSE,"",2666,2580,TRUE,binary_longitudinal,Landweber weight CV,sieve_md
5.62341325190349e-07,-0.00419583899944364,0,FALSE,FALSE,"",2666,2580,TRUE,binary_longitudinal,Landweber weight CV,sieve_md
1e-06,-0.00495490758449433,0,FALSE,FALSE,"",2666,2580,TRUE,binary_longitudinal,Landweber weight CV,sieve_md
1.77827941003892e-06,-0.00567748560119847,0,FALSE,FALSE,"",2666,2580,TRUE,binary_longitudinal,Landweber weight CV,sieve_md
3.16227766016838e-06,-0.00636585349732573,0,FALSE,FALSE,"",2666,2580,TRUE,binary_longitudinal,Landweber weight CV,sieve_md
5.62341325190349e-06,-0.00739908500800872,0,FALSE,FALSE,"",2666,2580,TRUE,binary_longitudinal,Landweber weight CV,sieve_md
1e-05,-0.00840010730857767,0,FALSE,FALSE,"",2666,2580,TRUE,binary_longitudinal,Landweber weight CV,sieve_md
1.77827941003892e-05,-0.00871809869894518,0,TRUE,FALSE,"",2666,2580,TRUE,binary_longitudinal,Landweber weight CV,sieve_md
3.16227766016838e-05,-0.00793146825095737,0,FALSE,FALSE,"",2666,2580,TRUE,binary_longitudinal,Landweber weight CV,sieve_md
5.62341325190349e-05,-0.00652723087106469,0,FALSE,FALSE,"",2666,2580,TRUE,binary_longitudinal,Landweber weight CV,sieve_md
1e-04,-0.00518945170495478,0,FALSE,FALSE,"",2666,2580,TRUE,binary_longitudinal,Landweber weight CV,sieve_md
0.000177827941003892,-0.00412147344670651,0,FALSE,FALSE,"",2666,2580,TRUE,binary_longitudinal,Landweber weight CV,sieve_md
0.000316227766016838,-0.003322151233955,0,FALSE,FALSE,"",2666,2580,TRUE,binary_longitudinal,Landweber weight CV,sieve_md
0.000562341325190349,-0.00275249650859307,0,FALSE,FALSE,"",2666,2580,TRUE,binary_longitudinal,Landweber weight CV,sieve_md
0.001,-0.0023723335567113,0,FALSE,FALSE,"",2666,2580,TRUE,binary_longitudinal,Landweber weight CV,sieve_md
0.00177827941003892,-0.00214310724850015,0,FALSE,FALSE,"",2666,2580,TRUE,binary_longitudinal,Landweber weight CV,sieve_md
0.00316227766016838,-0.00201412666651855,0,FALSE,FALSE,"",2666,2580,TRUE,binary_longitudinal,Landweber weight CV,sieve_md
0.00562341325190349,-0.00192342552083019,0,FALSE,FALSE,"",2666,2580,TRUE,binary_longitudinal,Landweber weight CV,sieve_md
0.01,-0.00177011642164023,0,FALSE,FALSE,"",2666,2580,TRUE,binary_longitudinal,Landweber weight CV,sieve_md
0.0177827941003892,-0.00138596400686073,0,FALSE,FALSE,"",2666,2580,TRUE,binary_longitudinal,Landweber weight CV,sieve_md
0.0316227766016838,-0.00056463871109452,0,FALSE,FALSE,"",2666,2580,TRUE,binary_longitudinal,Landweber weight CV,sieve_md
0.0562341325190349,0.000807249336733934,0,FALSE,FALSE,"",2666,2580,TRUE,binary_longitudinal,Landweber weight CV,sieve_md
0.1,0.00266851049117983,0,FALSE,FALSE,"",2666,2580,TRUE,binary_longitudinal,Landweber weight CV,sieve_md
0.177827941003892,0.00495787843607325,0,FALSE,FALSE,"",2666,2580,TRUE,binary_longitudinal,Landweber weight CV,sieve_md
0.316227766016838,0.00771714644890571,0,FALSE,FALSE,"",2666,2580,TRUE,binary_longitudinal,Landweber weight CV,sieve_md
0.562341325190349,0.0107822886118888,0,FALSE,FALSE,"",2666,2580,TRUE,binary_longitudinal,Landweber weight CV,sieve_md
1,0.0136607638155049,0,FALSE,FALSE,"",2666,2580,TRUE,binary_longitudinal,Landweber weight CV,sieve_md
1e-06,-0.00171499744168728,0,FALSE,FALSE,"",2666,2580,TRUE,binary_longitudinal,Landweber weight CV,landweber
3.16227766016838e-06,-0.00174059048843741,0,FALSE,FALSE,"",2666,2580,TRUE,binary_longitudinal,Landweber weight CV,landweber
1e-05,-0.00182052779185774,0,FALSE,FALSE,"",2666,2580,TRUE,binary_longitudinal,Landweber weight CV,landweber
3.16227766016838e-05,-0.00206380870767149,0,FALSE,FALSE,"",2666,2580,TRUE,binary_longitudinal,Landweber weight CV,landweber
1e-04,-0.00275032023710934,0,FALSE,FALSE,"",2666,2580,TRUE,binary_longitudinal,Landweber weight CV,landweber
0.000316227766016838,-0.00434975293809363,0,FALSE,FALSE,"",2666,2580,TRUE,binary_longitudinal,Landweber weight CV,landweber
0.001,-0.00691097857573831,0,FALSE,FALSE,"",2666,2580,TRUE,binary_longitudinal,Landweber weight CV,landweber
0.00316227766016838,-0.00929197301158694,0,FALSE,FALSE,"",2666,2580,TRUE,binary_longitudinal,Landweber weight CV,landweber
0.01,-0.0104621570255407,0,FALSE,FALSE,"",2666,2580,TRUE,binary_longitudinal,Landweber weight CV,landweber
0.0316227766016838,-0.0108242843467414,0,FALSE,FALSE,"",2666,2580,TRUE,binary_longitudinal,Landweber weight CV,landweber
0.1,-0.0110118827818057,0,FALSE,FALSE,"",2666,2580,TRUE,binary_longitudinal,Landweber weight CV,landweber
0.316227766016838,-0.0111155669371706,0,FALSE,FALSE,"",2666,2580,TRUE,binary_longitudinal,Landweber weight CV,landweber
1,-0.011152690446591,0,FALSE,FALSE,"",2666,2580,TRUE,binary_longitudinal,Landweber weight CV,landweber
1.77827941003892,-0.0111601237583026,1,FALSE,FALSE,"",2666,2580,TRUE,binary_longitudinal,Landweber weight CV,landweber
3.16227766016838,-0.0111645181483796,1,FALSE,FALSE,"",2666,2580,TRUE,binary_longitudinal,Landweber weight CV,landweber
5.62341325190349,-0.0111674368083898,1,FALSE,FALSE,"",2666,2580,TRUE,binary_longitudinal,Landweber weight CV,landweber
10,-0.0111694838771726,1,FALSE,FALSE,"",2666,2580,TRUE,binary_longitudinal,Landweber weight CV,landweber
17.7827941003892,-0.0111708716282974,2,FALSE,FALSE,"",2666,2580,TRUE,binary_longitudinal,Landweber weight CV,landweber
31.6227766016838,-0.0111717584664256,2,FALSE,FALSE,"",2666,2580,TRUE,binary_longitudinal,Landweber weight CV,landweber
56.2341325190349,-0.0111722983416088,2,FALSE,FALSE,"",2666,2580,TRUE,binary_longitudinal,Landweber weight CV,landweber
100,-0.0111726165302853,2,FALSE,FALSE,"",2666,2580,TRUE,binary_longitudinal,Landweber weight CV,landweber
177.827941003892,-0.0111728003840138,3,FALSE,FALSE,"",2666,2580,TRUE,binary_longitudinal,Landweber weight CV,landweber
316.227766016838,-0.0111729053871306,3,FALSE,FALSE,"",2666,2580,TRUE,binary_longitudinal,Landweber weight CV,landweber
562.341325190349,-0.0111730355963887,3,TRUE,FALSE,"",2666,2580,TRUE,binary_longitudinal,Landweber weight CV,landweber
1000,-0.0111730271327002,3,FALSE,FALSE,"",2666,2580,TRUE,binary_longitudinal,Landweber weight CV,landweber
1e-10,0.0506538349008128,0,FALSE,FALSE,"",2666,2361,TRUE,discrete_dose,Original weights,sieve_md
1.77827941003892e-10,0.0506531904806267,0,FALSE,FALSE,"",2666,2361,TRUE,discrete_dose,Original weights,sieve_md
3.16227766016838e-10,0.0506715424366941,0,FALSE,FALSE,"",2666,2361,TRUE,discrete_dose,Original weights,sieve_md
5.62341325190349e-10,0.0506848867181753,0,FALSE,FALSE,"",2666,2361,TRUE,discrete_dose,Original weights,sieve_md
1e-09,0.0506705134317181,0,FALSE,FALSE,"",2666,2361,TRUE,discrete_dose,Original weights,sieve_md
1.77827941003892e-09,0.0507101294012772,0,FALSE,FALSE,"",2666,2361,TRUE,discrete_dose,Original weights,sieve_md
3.16227766016838e-09,0.0506141020994975,0,FALSE,FALSE,"",2666,2361,TRUE,discrete_dose,Original weights,sieve_md
5.62341325190349e-09,0.0506610831795315,0,FALSE,FALSE,"",2666,2361,TRUE,discrete_dose,Original weights,sieve_md
1e-08,0.0506406981954017,0,FALSE,FALSE,"",2666,2361,TRUE,discrete_dose,Original weights,sieve_md
1.77827941003892e-08,0.0504717620366184,0,FALSE,FALSE,"",2666,2361,TRUE,discrete_dose,Original weights,sieve_md
3.16227766016838e-08,0.0502162207758864,0,FALSE,FALSE,"",2666,2361,TRUE,discrete_dose,Original weights,sieve_md
5.62341325190349e-08,0.0498145705663552,0,FALSE,FALSE,"",2666,2361,TRUE,discrete_dose,Original weights,sieve_md
1e-07,0.0492302290390795,0,FALSE,FALSE,"",2666,2361,TRUE,discrete_dose,Original weights,sieve_md
1.77827941003892e-07,0.0483743028589393,0,FALSE,FALSE,"",2666,2361,TRUE,discrete_dose,Original weights,sieve_md
3.16227766016838e-07,0.047185349404726,0,FALSE,FALSE,"",2666,2361,TRUE,discrete_dose,Original weights,sieve_md
5.62341325190349e-07,0.0456001375559531,0,FALSE,FALSE,"",2666,2361,TRUE,discrete_dose,Original weights,sieve_md
1e-06,0.0435853832504745,0,FALSE,FALSE,"",2666,2361,TRUE,discrete_dose,Original weights,sieve_md
1.77827941003892e-06,0.0411545375894126,0,FALSE,FALSE,"",2666,2361,TRUE,discrete_dose,Original weights,sieve_md
3.16227766016838e-06,0.0384296671995649,0,FALSE,FALSE,"",2666,2361,TRUE,discrete_dose,Original weights,sieve_md
5.62341325190349e-06,0.0372130277164197,0,TRUE,FALSE,"",2666,2361,TRUE,discrete_dose,Original weights,sieve_md
1e-05,0.0407029914547731,0,FALSE,FALSE,"",2666,2361,TRUE,discrete_dose,Original weights,sieve_md
1.77827941003892e-05,0.0452252127457955,0,FALSE,FALSE,"",2666,2361,TRUE,discrete_dose,Original weights,sieve_md
3.16227766016838e-05,0.0473901768240796,0,FALSE,FALSE,"",2666,2361,TRUE,discrete_dose,Original weights,sieve_md
5.62341325190349e-05,0.0481906764309157,0,FALSE,FALSE,"",2666,2361,TRUE,discrete_dose,Original weights,sieve_md
1e-04,0.0478596974803931,0,FALSE,FALSE,"",2666,2361,TRUE,discrete_dose,Original weights,sieve_md
0.000177827941003892,0.0471130459264466,0,FALSE,FALSE,"",2666,2361,TRUE,discrete_dose,Original weights,sieve_md
0.000316227766016838,0.0464289826521843,0,FALSE,FALSE,"",2666,2361,TRUE,discrete_dose,Original weights,sieve_md
0.000562341325190349,0.0459485804518626,0,FALSE,FALSE,"",2666,2361,TRUE,discrete_dose,Original weights,sieve_md
0.001,0.045642667057063,0,FALSE,FALSE,"",2666,2361,TRUE,discrete_dose,Original weights,sieve_md
0.00177827941003892,0.0454508575531565,0,FALSE,FALSE,"",2666,2361,TRUE,discrete_dose,Original weights,sieve_md
0.00316227766016838,0.0453273810907364,0,FALSE,FALSE,"",2666,2361,TRUE,discrete_dose,Original weights,sieve_md
0.00562341325190349,0.0452385168985143,0,FALSE,FALSE,"",2666,2361,TRUE,discrete_dose,Original weights,sieve_md
0.01,0.0451603148058747,0,FALSE,FALSE,"",2666,2361,TRUE,discrete_dose,Original weights,sieve_md
0.0177827941003892,0.0450459741536201,0,FALSE,FALSE,"",2666,2361,TRUE,discrete_dose,Original weights,sieve_md
0.0316227766016838,0.0448306214927248,0,FALSE,FALSE,"",2666,2361,TRUE,discrete_dose,Original weights,sieve_md
0.0562341325190349,0.0445458491587416,0,FALSE,FALSE,"",2666,2361,TRUE,discrete_dose,Original weights,sieve_md
0.1,0.0444762543662823,0,FALSE,FALSE,"",2666,2361,TRUE,discrete_dose,Original weights,sieve_md
0.177827941003892,0.0451876280342568,0,FALSE,FALSE,"",2666,2361,TRUE,discrete_dose,Original weights,sieve_md
0.316227766016838,0.0470714563684963,0,FALSE,FALSE,"",2666,2361,TRUE,discrete_dose,Original weights,sieve_md
0.562341325190349,0.0497042128613445,0,FALSE,FALSE,"",2666,2361,TRUE,discrete_dose,Original weights,sieve_md
1,0.0522091130101444,0,FALSE,FALSE,"",2666,2361,TRUE,discrete_dose,Original weights,sieve_md
1e-10,0.0506538349008128,0,FALSE,FALSE,"",2666,2361,TRUE,discrete_dose,Landweber weight CV,sieve_md
1.77827941003892e-10,0.0506531904806267,0,FALSE,FALSE,"",2666,2361,TRUE,discrete_dose,Landweber weight CV,sieve_md
3.16227766016838e-10,0.0506715424366941,0,FALSE,FALSE,"",2666,2361,TRUE,discrete_dose,Landweber weight CV,sieve_md
5.62341325190349e-10,0.0506848867181753,0,FALSE,FALSE,"",2666,2361,TRUE,discrete_dose,Landweber weight CV,sieve_md
1e-09,0.0506705134317181,0,FALSE,FALSE,"",2666,2361,TRUE,discrete_dose,Landweber weight CV,sieve_md
1.77827941003892e-09,0.0507101294012772,0,FALSE,FALSE,"",2666,2361,TRUE,discrete_dose,Landweber weight CV,sieve_md
3.16227766016838e-09,0.0506141020994975,0,FALSE,FALSE,"",2666,2361,TRUE,discrete_dose,Landweber weight CV,sieve_md
5.62341325190349e-09,0.0506610831795315,0,FALSE,FALSE,"",2666,2361,TRUE,discrete_dose,Landweber weight CV,sieve_md
1e-08,0.0506406981954017,0,FALSE,FALSE,"",2666,2361,TRUE,discrete_dose,Landweber weight CV,sieve_md
1.77827941003892e-08,0.0504717620366184,0,FALSE,FALSE,"",2666,2361,TRUE,discrete_dose,Landweber weight CV,sieve_md
3.16227766016838e-08,0.0502162207758864,0,FALSE,FALSE,"",2666,2361,TRUE,discrete_dose,Landweber weight CV,sieve_md
5.62341325190349e-08,0.0498145705663552,0,FALSE,FALSE,"",2666,2361,TRUE,discrete_dose,Landweber weight CV,sieve_md
1e-07,0.0492302290390795,0,FALSE,FALSE,"",2666,2361,TRUE,discrete_dose,Landweber weight CV,sieve_md
1.77827941003892e-07,0.0483743028589393,0,FALSE,FALSE,"",2666,2361,TRUE,discrete_dose,Landweber weight CV,sieve_md
3.16227766016838e-07,0.047185349404726,0,FALSE,FALSE,"",2666,2361,TRUE,discrete_dose,Landweber weight CV,sieve_md
5.62341325190349e-07,0.0456001375559531,0,FALSE,FALSE,"",2666,2361,TRUE,discrete_dose,Landweber weight CV,sieve_md
1e-06,0.0435853832504745,0,FALSE,FALSE,"",2666,2361,TRUE,discrete_dose,Landweber weight CV,sieve_md
1.77827941003892e-06,0.0411545375894126,0,FALSE,FALSE,"",2666,2361,TRUE,discrete_dose,Landweber weight CV,sieve_md
3.16227766016838e-06,0.0384296671995649,0,FALSE,FALSE,"",2666,2361,TRUE,discrete_dose,Landweber weight CV,sieve_md
5.62341325190349e-06,0.0372130277164197,0,TRUE,FALSE,"",2666,2361,TRUE,discrete_dose,Landweber weight CV,sieve_md
1e-05,0.0407029914547731,0,FALSE,FALSE,"",2666,2361,TRUE,discrete_dose,Landweber weight CV,sieve_md
1.77827941003892e-05,0.0452252127457955,0,FALSE,FALSE,"",2666,2361,TRUE,discrete_dose,Landweber weight CV,sieve_md
3.16227766016838e-05,0.0473901768240796,0,FALSE,FALSE,"",2666,2361,TRUE,discrete_dose,Landweber weight CV,sieve_md
5.62341325190349e-05,0.0481906764309157,0,FALSE,FALSE,"",2666,2361,TRUE,discrete_dose,Landweber weight CV,sieve_md
1e-04,0.0478596974803931,0,FALSE,FALSE,"",2666,2361,TRUE,discrete_dose,Landweber weight CV,sieve_md
0.000177827941003892,0.0471130459264466,0,FALSE,FALSE,"",2666,2361,TRUE,discrete_dose,Landweber weight CV,sieve_md
0.000316227766016838,0.0464289826521843,0,FALSE,FALSE,"",2666,2361,TRUE,discrete_dose,Landweber weight CV,sieve_md
0.000562341325190349,0.0459485804518626,0,FALSE,FALSE,"",2666,2361,TRUE,discrete_dose,Landweber weight CV,sieve_md
0.001,0.045642667057063,0,FALSE,FALSE,"",2666,2361,TRUE,discrete_dose,Landweber weight CV,sieve_md
0.00177827941003892,0.0454508575531565,0,FALSE,FALSE,"",2666,2361,TRUE,discrete_dose,Landweber weight CV,sieve_md
0.00316227766016838,0.0453273810907364,0,FALSE,FALSE,"",2666,2361,TRUE,discrete_dose,Landweber weight CV,sieve_md
0.00562341325190349,0.0452385168985143,0,FALSE,FALSE,"",2666,2361,TRUE,discrete_dose,Landweber weight CV,sieve_md
0.01,0.0451603148058747,0,FALSE,FALSE,"",2666,2361,TRUE,discrete_dose,Landweber weight CV,sieve_md
0.0177827941003892,0.0450459741536201,0,FALSE,FALSE,"",2666,2361,TRUE,discrete_dose,Landweber weight CV,sieve_md
0.0316227766016838,0.0448306214927248,0,FALSE,FALSE,"",2666,2361,TRUE,discrete_dose,Landweber weight CV,sieve_md
0.0562341325190349,0.0445458491587416,0,FALSE,FALSE,"",2666,2361,TRUE,discrete_dose,Landweber weight CV,sieve_md
0.1,0.0444762543662823,0,FALSE,FALSE,"",2666,2361,TRUE,discrete_dose,Landweber weight CV,sieve_md
0.177827941003892,0.0451876280342568,0,FALSE,FALSE,"",2666,2361,TRUE,discrete_dose,Landweber weight CV,sieve_md
0.316227766016838,0.0470714563684963,0,FALSE,FALSE,"",2666,2361,TRUE,discrete_dose,Landweber weight CV,sieve_md
0.562341325190349,0.0497042128613445,0,FALSE,FALSE,"",2666,2361,TRUE,discrete_dose,Landweber weight CV,sieve_md
1,0.0522091130101444,0,FALSE,FALSE,"",2666,2361,TRUE,discrete_dose,Landweber weight CV,sieve_md
1e-06,0.045226733046219,0,FALSE,FALSE,"",2666,2361,TRUE,discrete_dose,Landweber weight CV,landweber
3.16227766016838e-06,0.0451242732924218,0,FALSE,FALSE,"",2666,2361,TRUE,discrete_dose,Landweber weight CV,landweber
1e-05,0.0448038478615627,0,FALSE,FALSE,"",2666,2361,TRUE,discrete_dose,Landweber weight CV,landweber
3.16227766016838e-05,0.0438249258905775,0,FALSE,FALSE,"",2666,2361,TRUE,discrete_dose,Landweber weight CV,landweber
1e-04,0.0410329116092036,0,FALSE,FALSE,"",2666,2361,TRUE,discrete_dose,Landweber weight CV,landweber
0.000316227766016838,0.0343680213061261,0,FALSE,FALSE,"",2666,2361,TRUE,discrete_dose,Landweber weight CV,landweber
0.001,0.0232616844092381,0,FALSE,FALSE,"",2666,2361,TRUE,discrete_dose,Landweber weight CV,landweber
0.00316227766016838,0.0124491311677109,0,FALSE,FALSE,"",2666,2361,TRUE,discrete_dose,Landweber weight CV,landweber
0.01,0.00701264880376504,0,FALSE,FALSE,"",2666,2361,TRUE,discrete_dose,Landweber weight CV,landweber
0.0316227766016838,0.00585026420807002,0,TRUE,FALSE,"",2666,2361,TRUE,discrete_dose,Landweber weight CV,landweber
0.1,0.00611411943847425,0,FALSE,FALSE,"",2666,2361,TRUE,discrete_dose,Landweber weight CV,landweber
0.316227766016838,0.00646103913171242,0,FALSE,FALSE,"",2666,2361,TRUE,discrete_dose,Landweber weight CV,landweber
1,0.00665594012406464,0,FALSE,FALSE,"",2666,2361,TRUE,discrete_dose,Landweber weight CV,landweber
1e-10,0.0352099071588897,0,FALSE,FALSE,"",2666,2361,TRUE,discrete_dose,Fixed 0.01,sieve_md
1.77827941003892e-10,0.0352991033047729,0,FALSE,FALSE,"",2666,2361,TRUE,discrete_dose,Fixed 0.01,sieve_md
3.16227766016838e-10,0.0353690511130159,0,FALSE,FALSE,"",2666,2361,TRUE,discrete_dose,Fixed 0.01,sieve_md
5.62341325190349e-10,0.0354425686668766,0,FALSE,FALSE,"",2666,2361,TRUE,discrete_dose,Fixed 0.01,sieve_md
1e-09,0.0354825045802626,0,FALSE,FALSE,"",2666,2361,TRUE,discrete_dose,Fixed 0.01,sieve_md
1.77827941003892e-09,0.0354721275615259,0,FALSE,FALSE,"",2666,2361,TRUE,discrete_dose,Fixed 0.01,sieve_md
3.16227766016838e-09,0.0354098332480845,0,FALSE,FALSE,"",2666,2361,TRUE,discrete_dose,Fixed 0.01,sieve_md
5.62341325190349e-09,0.0353019031325589,0,FALSE,FALSE,"",2666,2361,TRUE,discrete_dose,Fixed 0.01,sieve_md
1e-08,0.0350803167471535,0,FALSE,FALSE,"",2666,2361,TRUE,discrete_dose,Fixed 0.01,sieve_md
1.77827941003892e-08,0.0346923738809613,0,FALSE,FALSE,"",2666,2361,TRUE,discrete_dose,Fixed 0.01,sieve_md
3.16227766016838e-08,0.0341015137307387,0,FALSE,FALSE,"",2666,2361,TRUE,discrete_dose,Fixed 0.01,sieve_md
5.62341325190349e-08,0.0332287724574612,0,FALSE,FALSE,"",2666,2361,TRUE,discrete_dose,Fixed 0.01,sieve_md
1e-07,0.0319480160542678,0,FALSE,FALSE,"",2666,2361,TRUE,discrete_dose,Fixed 0.01,sieve_md
1.77827941003892e-07,0.0301297417095045,0,FALSE,FALSE,"",2666,2361,TRUE,discrete_dose,Fixed 0.01,sieve_md
3.16227766016838e-07,0.0276336601779603,0,FALSE,FALSE,"",2666,2361,TRUE,discrete_dose,Fixed 0.01,sieve_md
5.62341325190349e-07,0.0243208448639337,0,FALSE,FALSE,"",2666,2361,TRUE,discrete_dose,Fixed 0.01,sieve_md
1e-06,0.0203986657755396,0,FALSE,FALSE,"",2666,2361,TRUE,discrete_dose,Fixed 0.01,sieve_md
1.77827941003892e-06,0.0166571289994381,0,FALSE,FALSE,"",2666,2361,TRUE,discrete_dose,Fixed 0.01,sieve_md
3.16227766016838e-06,0.0145412027422334,0,FALSE,FALSE,"",2666,2361,TRUE,discrete_dose,Fixed 0.01,sieve_md
5.62341325190349e-06,0.0155141074328793,0,FALSE,FALSE,"",2666,2361,TRUE,discrete_dose,Fixed 0.01,sieve_md
1e-05,0.0164796325174752,0,FALSE,FALSE,"",2666,2361,TRUE,discrete_dose,Fixed 0.01,sieve_md
1.77827941003892e-05,0.0161576807501502,0,FALSE,FALSE,"",2666,2361,TRUE,discrete_dose,Fixed 0.01,sieve_md
3.16227766016838e-05,0.0150098683447218,0,FALSE,FALSE,"",2666,2361,TRUE,discrete_dose,Fixed 0.01,sieve_md
5.62341325190349e-05,0.0132520769075041,0,FALSE,FALSE,"",2666,2361,TRUE,discrete_dose,Fixed 0.01,sieve_md
1e-04,0.0114116316387456,0,FALSE,FALSE,"",2666,2361,TRUE,discrete_dose,Fixed 0.01,sieve_md
0.000177827941003892,0.00990356936775815,0,FALSE,FALSE,"",2666,2361,TRUE,discrete_dose,Fixed 0.01,sieve_md
0.000316227766016838,0.00888467030586049,0,FALSE,FALSE,"",2666,2361,TRUE,discrete_dose,Fixed 0.01,sieve_md
0.000562341325190349,0.00831969227217213,0,FALSE,FALSE,"",2666,2361,TRUE,discrete_dose,Fixed 0.01,sieve_md
0.001,0.00812840208973773,0,TRUE,FALSE,"",2666,2361,TRUE,discrete_dose,Fixed 0.01,sieve_md
0.00177827941003892,0.00826789405589052,0,FALSE,FALSE,"",2666,2361,TRUE,discrete_dose,Fixed 0.01,sieve_md
0.00316227766016838,0.00874957260777734,0,FALSE,FALSE,"",2666,2361,TRUE,discrete_dose,Fixed 0.01,sieve_md
0.00562341325190349,0.00960123933549836,0,FALSE,FALSE,"",2666,2361,TRUE,discrete_dose,Fixed 0.01,sieve_md
0.01,0.0108388083721149,0,FALSE,FALSE,"",2666,2361,TRUE,discrete_dose,Fixed 0.01,sieve_md
0.0177827941003892,0.0123874929814421,0,FALSE,FALSE,"",2666,2361,TRUE,discrete_dose,Fixed 0.01,sieve_md
0.0316227766016838,0.0141549208139809,0,FALSE,FALSE,"",2666,2361,TRUE,discrete_dose,Fixed 0.01,sieve_md
0.0562341325190349,0.0160817279159286,0,FALSE,FALSE,"",2666,2361,TRUE,discrete_dose,Fixed 0.01,sieve_md
0.1,0.0182486496934812,0,FALSE,FALSE,"",2666,2361,TRUE,discrete_dose,Fixed 0.01,sieve_md
0.177827941003892,0.0208681739302458,0,FALSE,FALSE,"",2666,2361,TRUE,discrete_dose,Fixed 0.01,sieve_md
0.316227766016838,0.0240455614955445,0,FALSE,FALSE,"",2666,2361,TRUE,discrete_dose,Fixed 0.01,sieve_md
0.562341325190349,0.0274956415448918,0,FALSE,FALSE,"",2666,2361,TRUE,discrete_dose,Fixed 0.01,sieve_md
1,0.0306865185291443,0,FALSE,FALSE,"",2666,2361,TRUE,discrete_dose,Fixed 0.01,sieve_md
1e-10,0.0355849193535236,0,FALSE,FALSE,"",2666,2361,TRUE,discrete_dose,Fixed 0.1,sieve_md
1.77827941003892e-10,0.0355528014948399,0,FALSE,FALSE,"",2666,2361,TRUE,discrete_dose,Fixed 0.1,sieve_md
3.16227766016838e-10,0.0355557076448047,0,FALSE,FALSE,"",2666,2361,TRUE,discrete_dose,Fixed 0.1,sieve_md
5.62341325190349e-10,0.0355174781825696,0,FALSE,FALSE,"",2666,2361,TRUE,discrete_dose,Fixed 0.1,sieve_md
1e-09,0.0353680044195328,0,FALSE,FALSE,"",2666,2361,TRUE,discrete_dose,Fixed 0.1,sieve_md
1.77827941003892e-09,0.0350672405209113,0,FALSE,FALSE,"",2666,2361,TRUE,discrete_dose,Fixed 0.1,sieve_md
3.16227766016838e-09,0.034603257937759,0,FALSE,FALSE,"",2666,2361,TRUE,discrete_dose,Fixed 0.1,sieve_md
5.62341325190349e-09,0.0338852014176414,0,FALSE,FALSE,"",2666,2361,TRUE,discrete_dose,Fixed 0.1,sieve_md
1e-08,0.032821102856359,0,FALSE,FALSE,"",2666,2361,TRUE,discrete_dose,Fixed 0.1,sieve_md
1.77827941003892e-08,0.0312588847513062,0,FALSE,FALSE,"",2666,2361,TRUE,discrete_dose,Fixed 0.1,sieve_md
3.16227766016838e-08,0.0289967074297555,0,FALSE,FALSE,"",2666,2361,TRUE,discrete_dose,Fixed 0.1,sieve_md
5.62341325190349e-08,0.0259586695607929,0,FALSE,FALSE,"",2666,2361,TRUE,discrete_dose,Fixed 0.1,sieve_md
1e-07,0.0221296993287595,0,FALSE,FALSE,"",2666,2361,TRUE,discrete_dose,Fixed 0.1,sieve_md
1.77827941003892e-07,0.0179335520998309,0,FALSE,FALSE,"",2666,2361,TRUE,discrete_dose,Fixed 0.1,sieve_md
3.16227766016838e-07,0.0145708732924565,0,FALSE,FALSE,"",2666,2361,TRUE,discrete_dose,Fixed 0.1,sieve_md
5.62341325190349e-07,0.0141634305005103,0,FALSE,FALSE,"",2666,2361,TRUE,discrete_dose,Fixed 0.1,sieve_md
1e-06,0.0160613090355791,0,FALSE,FALSE,"",2666,2361,TRUE,discrete_dose,Fixed 0.1,sieve_md
1.77827941003892e-06,0.017217976371586,0,FALSE,FALSE,"",2666,2361,TRUE,discrete_dose,Fixed 0.1,sieve_md
3.16227766016838e-06,0.0174800239630436,0,FALSE,FALSE,"",2666,2361,TRUE,discrete_dose,Fixed 0.1,sieve_md
5.62341325190349e-06,0.0167686761187704,0,FALSE,FALSE,"",2666,2361,TRUE,discrete_dose,Fixed 0.1,sieve_md
1e-05,0.0151946986260429,0,FALSE,FALSE,"",2666,2361,TRUE,discrete_dose,Fixed 0.1,sieve_md
1.77827941003892e-05,0.0131573166659751,0,FALSE,FALSE,"",2666,2361,TRUE,discrete_dose,Fixed 0.1,sieve_md
3.16227766016838e-05,0.0111544639902072,0,FALSE,FALSE,"",2666,2361,TRUE,discrete_dose,Fixed 0.1,sieve_md
5.62341325190349e-05,0.00956108509150318,0,FALSE,FALSE,"",2666,2361,TRUE,discrete_dose,Fixed 0.1,sieve_md
1e-04,0.00852304865596785,0,FALSE,FALSE,"",2666,2361,TRUE,discrete_dose,Fixed 0.1,sieve_md
0.000177827941003892,0.00803630973273713,0,TRUE,FALSE,"",2666,2361,TRUE,discrete_dose,Fixed 0.1,sieve_md
0.000316227766016838,0.0080522088331881,0,FALSE,FALSE,"",2666,2361,TRUE,discrete_dose,Fixed 0.1,sieve_md
0.000562341325190349,0.00854332894404493,0,FALSE,FALSE,"",2666,2361,TRUE,discrete_dose,Fixed 0.1,sieve_md
0.001,0.00948429570587037,0,FALSE,FALSE,"",2666,2361,TRUE,discrete_dose,Fixed 0.1,sieve_md
0.00177827941003892,0.0108051227644048,0,FALSE,FALSE,"",2666,2361,TRUE,discrete_dose,Fixed 0.1,sieve_md
0.00316227766016838,0.0123575779835146,0,FALSE,FALSE,"",2666,2361,TRUE,discrete_dose,Fixed 0.1,sieve_md
0.00562341325190349,0.0139631533337433,0,FALSE,FALSE,"",2666,2361,TRUE,discrete_dose,Fixed 0.1,sieve_md
0.01,0.015495455323259,0,FALSE,FALSE,"",2666,2361,TRUE,discrete_dose,Fixed 0.1,sieve_md
0.0177827941003892,0.0169540799329857,0,FALSE,FALSE,"",2666,2361,TRUE,discrete_dose,Fixed 0.1,sieve_md
0.0316227766016838,0.018508221045445,0,FALSE,FALSE,"",2666,2361,TRUE,discrete_dose,Fixed 0.1,sieve_md
0.0562341325190349,0.0205018289318793,0,FALSE,FALSE,"",2666,2361,TRUE,discrete_dose,Fixed 0.1,sieve_md
0.1,0.0232024317151903,0,FALSE,FALSE,"",2666,2361,TRUE,discrete_dose,Fixed 0.1,sieve_md
0.177827941003892,0.026504844767257,0,FALSE,FALSE,"",2666,2361,TRUE,discrete_dose,Fixed 0.1,sieve_md
0.316227766016838,0.0299225657882172,0,FALSE,FALSE,"",2666,2361,TRUE,discrete_dose,Fixed 0.1,sieve_md
0.562341325190349,0.0329151361024487,0,FALSE,FALSE,"",2666,2361,TRUE,discrete_dose,Fixed 0.1,sieve_md
1,0.0351855289171412,0,FALSE,FALSE,"",2666,2361,TRUE,discrete_dose,Fixed 0.1,sieve_md
