mechanism,configuration,candidate,tolerance_reached,gradient,iterations
binary_longitudinal,Original weights,sieve_md,TRUE,6.93483026926565e-06,7
binary_longitudinal,Original weights,landweber,TRUE,1.27391546617117e-09,86
binary_longitudinal,Original weights,pmmr,TRUE,2.31524749580165e-08,
binary_longitudinal,Landweber weight CV,sieve_md,TRUE,6.93483026926565e-06,7
binary_longitudinal,Landweber weight CV,landweber,FALSE,4.10137623396512e-10,2000
binary_longitudinal,Landweber weight CV,pmmr,TRUE,2.31524749580165e-08,
discrete_dose,Original weights,sieve_md,TRUE,7.63549311392908e-06,9
discrete_dose,Original weights,landweber,TRUE,2.98105956456421e-09,178
discrete_dose,Original weights,pmmr,TRUE,1.48818790090917e-08,
discrete_dose,Landweber weight CV,sieve_md,TRUE,7.63549311392908e-06,9
discrete_dose,Landweber weight CV,landweber,TRUE,1.57773509914302e-09,455
discrete_dose,Landweber weight CV,pmmr,TRUE,1.48818790090917e-08,
discrete_dose,Fixed 0.01,sieve_md,TRUE,7.73901049153415e-06,4
discrete_dose,Fixed 0.01,landweber,TRUE,1.63451458130067e-09,222
discrete_dose,Fixed 0.01,pmmr,TRUE,1.48818790090917e-08,
discrete_dose,Fixed 0.1,sieve_md,TRUE,8.94523882233546e-07,4
discrete_dose,Fixed 0.1,landweber,TRUE,1.12708474974896e-09,1063
discrete_dose,Fixed 0.1,pmmr,TRUE,1.48818790090917e-08,
