cell,probability,conditional_fitted_adjoint,conditional_true_loading,conditional_fitted_loading,equation_error,error_using_fitted_ratios,difference_from_ratio_estimation,measured_training_n,mechanism,n,replicate,seed,fold,horizon,fold_weight
0|0|0|0|0|1|0|0|0,0.0785500498749289,0.020718337077064,0,0,0.020718337077064,0.020718337077064,0,200,binary_longitudinal,4000,2,5103002,1,1,0.3335
1|0|0|1|0|1|0|0|0,0.0762397062809392,0.000752712627380835,0,0,0.000752712627380835,0.000752712627380835,0,211,binary_longitudinal,4000,2,5103002,1,1,0.3335
0|0|0|0|0|1|0|1|0,0.0528936446567127,0.0568721156319138,0,0,0.0568721156319138,0.0568721156319138,0,159,binary_longitudinal,4000,2,5103002,1,1,0.3335
1|0|0|1|0|1|0|1|0,0.0625832169654833,-0.0166117925227377,0,0,-0.0166117925227377,-0.0166117925227377,0,168,binary_longitudinal,4000,2,5103002,1,1,0.3335
0|0|0|0|0|1|0|0|1,0.0457293559881398,1.76212691082629,1.82090167277375,1.74312921864,-0.0587747619474583,0.018997692186284,-0.0777724541337423,112,binary_longitudinal,4000,2,5103002,1,1,0.3335
1|0|0|1|0|1|0|0|1,0.0500247656080652,1.62191246915124,1.82545592694467,1.6509504152028,-0.203543457793429,-0.0290379460515581,-0.174505511741871,145,binary_longitudinal,4000,2,5103002,1,1,0.3335
0|0|0|0|0|1|0|1|1,0.0385751813578256,1.77812330010524,1.79520390717048,1.78209095609292,-0.0170806070652401,-0.00396765598768671,-0.0131129510775534,105,binary_longitudinal,4000,2,5103002,1,1,0.3335
1|0|0|1|0|1|0|1|1,0.0521803365091765,1.60860400935118,1.79365364433472,1.64224323243572,-0.185049634983543,-0.033639223084538,-0.151410411899005,149,binary_longitudinal,4000,2,5103002,1,1,0.3335
0|0|0|0|0|1|0|0|0|0|1|0|1|0|0|0|0,0.0340252866918418,-0.0629054833578751,0,0,-0.0629054833578751,-0.0629054833578751,0,95,binary_longitudinal,4000,2,5103002,1,2,0.3335
0|0|0|0|0|1|0|0|0|0|0|0|0|1|0|0|0,0.00960943512698398,-0.377001262909979,0,0,-0.377001262909979,-0.377001262909979,0,22,binary_longitudinal,4000,2,5103002,1,2,0.3335
1|0|0|1|0|1|0|0|0|0|0|0|0|1|0|0|0,0.00943156116480374,-0.201166063848024,0,0,-0.201166063848024,-0.201166063848024,0,20,binary_longitudinal,4000,2,5103002,1,2,0.3335
0|0|0|0|0|1|0|0|0|1|0|0|0|1|0|0|0,0.000943137903452683,-0.248108097418024,0,0,-0.248108097418024,-0.248108097418024,0,2,binary_longitudinal,4000,2,5103002,1,2,0.3335
1|0|0|1|0|1|0|0|0|1|0|0|0|1|0|0|0,0.00116348397246529,-0.0745976921464283,0,0,-0.0745976921464283,-0.0745976921464283,0,3,binary_longitudinal,4000,2,5103002,1,2,0.3335
0|0|0|0|0|1|0|0|0|0|0|1|0|1|0|0|0,0.0011513122038543,-0.138799578754168,0,0,-0.138799578754168,-0.138799578754168,0,4,binary_longitudinal,4000,2,5103002,1,2,0.3335
1|0|0|1|0|1|0|0|0|0|0|1|0|1|0|0|0,0.00194980983159324,0.00529681241402968,0,0,0.00529681241402968,0.00529681241402968,0,7,binary_longitudinal,4000,2,5103002,1,2,0.3335
0|0|0|0|0|1|0|0|0|1|0|1|0|1|0|0|0,0.000151207584178117,0.710775692575576,0,0,0.710775692575576,0.710775692575576,0,0,binary_longitudinal,4000,2,5103002,1,2,0.3335
1|0|0|1|0|1|0|0|0|1|0|1|0|1|0|0|0,0.000322217611364569,0.82025513741457,0,0,0.82025513741457,0.82025513741457,0,0,binary_longitudinal,4000,2,5103002,1,2,0.3335
0|0|0|0|0|1|0|1|0|0|1|0|1|0|0|0|0,0.0348148067293662,0.216074311486387,0,0,0.216074311486387,0.216074311486387,0,100,binary_longitudinal,4000,2,5103002,1,2,0.3335
0|0|0|0|0|1|0|1|0|0|0|0|0|1|0|0|0,0.00122752517224963,0.70091468328324,0,0,0.70091468328324,0.70091468328324,0,1,binary_longitudinal,4000,2,5103002,1,2,0.3335
1|0|0|1|0|1|0|1|0|0|0|0|0|1|0|0|0,0.000649676081425316,-0.685198514925899,0,0,-0.685198514925899,-0.685198514925899,0,2,binary_longitudinal,4000,2,5103002,1,2,0.3335
0|0|0|0|0|1|0|1|0|1|0|0|0|1|0|0|0,0.000133220482463999,0.909023134243898,0,0,0.909023134243898,0.909023134243898,0,0,binary_longitudinal,4000,2,5103002,1,2,0.3335
1|0|0|1|0|1|0|1|0|1|0|0|0|1|0|0|0,8.97526486889509e-05,0.380620338448092,0,0,0.380620338448092,0.380620338448092,0,2,binary_longitudinal,4000,2,5103002,1,2,0.3335
0|0|0|0|0|1|0|1|0|0|0|1|0|1|0|0|0,0.0053825217146946,-0.243093507343795,0,0,-0.243093507343795,-0.243093507343795,0,15,binary_longitudinal,4000,2,5103002,1,2,0.3335
1|0|0|1|0|1|0|1|0|0|0|1|0|1|0|0|0,0.00491547716863156,0.677138377626203,0,0,0.677138377626203,0.677138377626203,0,17,binary_longitudinal,4000,2,5103002,1,2,0.3335
0|0|0|0|0|1|0|1|0|1|0|1|0|1|0|0|0,0.000781680922597538,1.11617636709756,0,0,1.11617636709756,1.11617636709756,0,0,binary_longitudinal,4000,2,5103002,1,2,0.3335
1|0|0|1|0|1|0|1|0|1|0|1|0|1|0|0|0,0.000909695984198899,2.26995826380788,0,0,2.26995826380788,2.26995826380788,0,4,binary_longitudinal,4000,2,5103002,1,2,0.3335
0|0|0|0|0|1|0|0|1|0|1|0|1|0|0|0|0,0.0344639163118675,-0.129144850590877,0,0,-0.129144850590877,-0.129144850590877,0,78,binary_longitudinal,4000,2,5103002,1,2,0.3335
0|0|0|0|0|1|0|0|1|0|0|0|0|1|0|0|0,0.00136717346116248,-0.50689307258826,0,0,-0.50689307258826,-0.50689307258826,0,5,binary_longitudinal,4000,2,5103002,1,2,0.3335
1|0|0|1|0|1|0|0|1|0|0|0|0|1|0|0|0,0.00124040836290273,-0.262802010073442,0,0,-0.262802010073442,-0.262802010073442,0,4,binary_longitudinal,4000,2,5103002,1,2,0.3335
0|0|0|0|0|1|0|0|1|1|0|0|0|1|0|0|0,0.00491090003752682,-0.325121163332934,0,0,-0.325121163332934,-0.325121163332934,0,10,binary_longitudinal,4000,2,5103002,1,2,0.3335
1|0|0|1|0|1|0|0|1|1|0|0|0|1|0|0|0,0.00560017553489559,-0.151234488307679,0,0,-0.151234488307679,-0.151234488307679,0,16,binary_longitudinal,4000,2,5103002,1,2,0.3335
0|0|0|0|0|1|0|0|1|0|0|1|0|1|0|0|0,0.000163801874909593,0.431167719667813,0,0,0.431167719667813,0.431167719667813,0,0,binary_longitudinal,4000,2,5103002,1,2,0.3335
1|0|0|1|0|1|0|0|1|0|0|1|0|1|0|0|0,0.000256432670998698,0.00698879316371829,0,0,0.00698879316371829,0.00698879316371829,0,1,binary_longitudinal,4000,2,5103002,1,2,0.3335
0|0|0|0|0|1|0|0|1|1|0|1|0|1|0|0|0,0.000787334840532057,0.485728489060484,0,0,0.485728489060484,0.485728489060484,0,1,binary_longitudinal,4000,2,5103002,1,2,0.3335
1|0|0|1|0|1|0|0|1|1|0|1|0|1|0|0|0,0.00155092397212218,0.0342237754771215,0,0,0.0342237754771215,0.0342237754771215,0,6,binary_longitudinal,4000,2,5103002,1,2,0.3335
0|0|0|0|0|1|0|1|1|0|1|0|1|0|0|0|0,0.03382790207843,0.149791479756616,0,0,0.149791479756616,0.149791479756616,0,96,binary_longitudinal,4000,2,5103002,1,2,0.3335
0|0|0|0|0|1|0|1|1|0|0|0|0|1|0|0|0,0.000136086910311564,0.0321023961910179,0,0,0.0321023961910179,0.0321023961910179,0,1,binary_longitudinal,4000,2,5103002,1,2,0.3335
1|0|0|1|0|1|0|1|1|0|0|0|0|1|0|0|0,6.68813542546445e-05,0.799620005163616,0,0,0.799620005163616,0.799620005163616,0,0,binary_longitudinal,4000,2,5103002,1,2,0.3335
0|0|0|0|0|1|0|1|1|1|0|0|0|1|0|0|0,0.00054052661655963,0.957960038507832,0,0,0.957960038507832,0.957960038507832,0,0,binary_longitudinal,4000,2,5103002,1,2,0.3335
1|0|0|1|0|1|0|1|1|1|0|0|0|1|0|0|0,0.000338154825418245,0.452339004526801,0,0,0.452339004526801,0.452339004526801,0,1,binary_longitudinal,4000,2,5103002,1,2,0.3335
0|0|0|0|0|1|0|1|1|0|0|1|0|1|0|0|0,0.000596721571497624,0.227141033401391,0,0,0.227141033401391,0.227141033401391,0,1,binary_longitudinal,4000,2,5103002,1,2,0.3335
1|0|0|1|0|1|0|1|1|0|0|1|0|1|0|0|0,0.000506027202239947,0.209556087248185,0,0,0.209556087248185,0.209556087248185,0,4,binary_longitudinal,4000,2,5103002,1,2,0.3335
0|0|0|0|0|1|0|1|1|1|0|1|0|1|0|0|0,0.003171579448641,-0.166056659414234,0,0,-0.166056659414234,-0.166056659414234,0,6,binary_longitudinal,4000,2,5103002,1,2,0.3335
1|0|0|1|0|1|0|1|1|1|0|1|0|1|0|0|0,0.003427398424603,0.259457164269859,0,0,0.259457164269859,0.259457164269859,0,9,binary_longitudinal,4000,2,5103002,1,2,0.3335
0|0|0|0|0|1|0|0|0|0|1|0|1|0|0|1|0,0.0045037236163738,-0.0629054833578751,0,0,-0.0629054833578751,-0.0629054833578751,0,11,binary_longitudinal,4000,2,5103002,1,2,0.3335
0|0|0|0|0|1|0|0|0|0|0|0|0|1|0|1|0,0.00647075396855543,-0.338737467246945,0,0,-0.338737467246945,-0.338737467246945,0,20,binary_longitudinal,4000,2,5103002,1,2,0.3335
1|0|0|1|0|1|0|0|0|0|0|0|0|1|0|1|0,0.00625820931663394,-0.163944194765239,0,0,-0.163944194765239,-0.163944194765239,0,27,binary_longitudinal,4000,2,5103002,1,2,0.3335
0|0|0|0|0|1|0|0|0|1|0|0|0|1|0|1|0,0.000734391765715058,-0.205848454759572,0,0,-0.205848454759572,-0.205848454759572,0,2,binary_longitudinal,4000,2,5103002,1,2,0.3335
1|0|0|1|0|1|0|0|0|1|0|0|0|1|0|1|0,0.000901817479084268,-0.0398332169092295,0,0,-0.0398332169092295,-0.0398332169092295,0,6,binary_longitudinal,4000,2,5103002,1,2,0.3335
0|0|0|0|0|1|0|0|0|0|0|1|0|1|0|1|0,0.000965390594166642,-0.111919754247838,0,0,-0.111919754247838,-0.111919754247838,0,4,binary_longitudinal,4000,2,5103002,1,2,0.3335
1|0|0|1|0|1|0|0|0|0|0|1|0|1|0|1|0,0.00160054881746757,0.0434268556951543,0,0,0.0434268556951543,0.0434268556951543,0,4,binary_longitudinal,4000,2,5103002,1,2,0.3335
0|0|0|0|0|1|0|0|0|1|0|1|0|1|0|1|0,0.000146570757254649,0.751218018464045,0,0,0.751218018464045,0.751218018464045,0,0,binary_longitudinal,4000,2,5103002,1,2,0.3335
1|0|0|1|0|1|0|0|0|1|0|1|0|1|0|1|0,0.000307447410782635,0.910171074408564,0,0,0.910171074408564,0.910171074408564,0,0,binary_longitudinal,4000,2,5103002,1,2,0.3335
0|0|0|0|0|1|0|1|0|0|1|0|1|0|0|1|0,0.00460822765981663,0.216074311486387,0,0,0.216074311486387,0.216074311486387,0,8,binary_longitudinal,4000,2,5103002,1,2,0.3335
0|0|0|0|0|1|0|1|0|0|0|0|0|1|0|1|0,0.000826584838221285,0.411541557470787,0,0,0.411541557470787,0.411541557470787,0,1,binary_longitudinal,4000,2,5103002,1,2,0.3335
1|0|0|1|0|1|0|1|0|0|0|0|0|1|0|1|0,0.000431085462366796,0.19562811937361,0,0,0.19562811937361,0.19562811937361,0,1,binary_longitudinal,4000,2,5103002,1,2,0.3335
0|0|0|0|0|1|0|1|0|1|0|0|0|1|0|1|0,0.000103734591715575,0.867889524419315,0,0,0.867889524419315,0.867889524419315,0,0,binary_longitudinal,4000,2,5103002,1,2,0.3335
1|0|0|1|0|1|0|1|0|1|0|0|0|1|0|1|0,6.9567359153476e-05,0.850627099304469,0,0,0.850627099304469,0.850627099304469,0,0,binary_longitudinal,4000,2,5103002,1,2,0.3335
0|0|0|0|0|1|0|1|0|0|0|1|0|1|0|1|0,0.00451331603961828,0.3265145032132,0,0,0.3265145032132,0.3265145032132,0,17,binary_longitudinal,4000,2,5103002,1,2,0.3335
1|0|0|1|0|1|0|1|0|0|0|1|0|1|0|1|0,0.00403498897280325,0.211388225999281,0,0,0.211388225999281,0.211388225999281,0,11,binary_longitudinal,4000,2,5103002,1,2,0.3335
0|0|0|0|0|1|0|1|0|1|0|1|0|1|0|1|0,0.00075771043747166,1.13927147261308,0,0,1.13927147261308,1.13927147261308,0,0,binary_longitudinal,4000,2,5103002,1,2,0.3335
1|0|0|1|0|1|0|1|0|1|0|1|0|1|0|1|0,0.000867996239426118,1.24030497669023,0,0,1.24030497669023,1.24030497669023,0,1,binary_longitudinal,4000,2,5103002,1,2,0.3335
0|0|0|0|0|1|0|0|1|0|1|0|1|0|0|1|0,0.00456178239473009,-0.129144850590877,0,0,-0.129144850590877,-0.129144850590877,0,12,binary_longitudinal,4000,2,5103002,1,2,0.3335
0|0|0|0|0|1|0|0|1|0|0|0|0|1|0|1|0,0.000920620513340971,-0.408671026088235,0,0,-0.408671026088235,-0.408671026088235,0,2,binary_longitudinal,4000,2,5103002,1,2,0.3335
1|0|0|1|0|1|0|0|1|0|0|0|0|1|0|1|0,0.00082305941057957,-0.221815945616527,0,0,-0.221815945616527,-0.221815945616527,0,4,binary_longitudinal,4000,2,5103002,1,2,0.3335
0|0|0|0|0|1|0|0|1|1|0|0|0|1|0|1|0,0.0038239631093253,-0.289962188957519,0,0,-0.289962188957519,-0.289962188957519,0,18,binary_longitudinal,4000,2,5103002,1,2,0.3335
1|0|0|1|0|1|0|0|1|1|0|0|0|1|0|1|0,0.00434070112079658,-0.109371500917236,0,0,-0.109371500917236,-0.109371500917236,0,11,binary_longitudinal,4000,2,5103002,1,2,0.3335
0|0|0|0|0|1|0|0|1|0|0|1|0|1|0|1|0,0.000137350050503412,-0.0388970281393035,0,0,-0.0388970281393035,-0.0388970281393035,0,1,binary_longitudinal,4000,2,5103002,1,2,0.3335
1|0|0|1|0|1|0|0|1|0|0|1|0|1|0|1|0,0.000210498994146338,0.0312192621567001,0,0,0.0312192621567001,0.0312192621567001,0,2,binary_longitudinal,4000,2,5103002,1,2,0.3335
0|0|0|0|0|1|0|0|1|1|0|1|0|1|0|1|0,0.000763190976279434,0.0663630552531698,0,0,0.0663630552531698,0.0663630552531698,0,3,binary_longitudinal,4000,2,5103002,1,2,0.3335
1|0|0|1|0|1|0|0|1|1|0|1|0|1|0|1|0,0.00147983084329361,0.0879249052201434,0,0,0.0879249052201434,0.0879249052201434,0,3,binary_longitudinal,4000,2,5103002,1,2,0.3335
0|0|0|0|0|1|0|1|1|0|1|0|1|0|0|1|0,0.00447759699610509,0.149791479756616,0,0,0.149791479756616,0.149791479756616,0,9,binary_longitudinal,4000,2,5103002,1,2,0.3335
0|0|0|0|0|1|0|1|1|0|0|0|0|1|0|1|0,9.1637531585416e-05,0.552946296562861,0,0,0.552946296562861,0.552946296562861,0,0,binary_longitudinal,4000,2,5103002,1,2,0.3335
1|0|0|1|0|1|0|1|1|0|0|0|0|1|0|1|0,4.43783915506443e-05,0.838006203910725,0,0,0.838006203910725,0.838006203910725,0,0,binary_longitudinal,4000,2,5103002,1,2,0.3335
0|0|0|0|0|1|0|1|1|1|0|0|0|1|0|1|0,0.000420891043502768,0.927560405906097,0,0,0.927560405906097,0.927560405906097,0,0,binary_longitudinal,4000,2,5103002,1,2,0.3335
1|0|0|1|0|1|0|1|1|1|0|0|0|1|0|1|0,0.0002621041109425,0.364105554444027,0,0,0.364105554444027,0.364105554444027,0,1,binary_longitudinal,4000,2,5103002,1,2,0.3335
0|0|0|0|0|1|0|1|1|0|0|1|0|1|0|1|0,0.000500358973466633,0.777539720304519,0,0,0.777539720304519,0.777539720304519,0,0,binary_longitudinal,4000,2,5103002,1,2,0.3335
1|0|0|1|0|1|0|1|1|0|0|1|0|1|0|1|0,0.000415384734976828,0.887387162120962,0,0,0.887387162120962,0.887387162120962,0,0,binary_longitudinal,4000,2,5103002,1,2,0.3335
0|0|0|0|0|1|0|1|1|1|0|1|0|1|0|1|0,0.00307432199255961,0.299277167452013,0,0,0.299277167452013,0.299277167452013,0,11,binary_longitudinal,4000,2,5103002,1,2,0.3335
1|0|0|1|0|1|0|1|1|1|0|1|0|1|0|1|0,0.00327028919028398,0.0366444456366543,0,0,0.0366444456366543,0.0366444456366543,0,6,binary_longitudinal,4000,2,5103002,1,2,0.3335
1|0|0|1|0|1|0|0|0|0|1|0|1|0|0|0|1,0.0237718769352928,0.114884518895726,0,0,0.114884518895726,0.114884518895726,0,56,binary_longitudinal,4000,2,5103002,1,2,0.3335
0|0|0|0|0|1|0|0|0|0|0|0|0|1|0|0|1,0.00559430936665823,0.268164230725454,0,0,0.268164230725454,0.268164230725454,0,12,binary_longitudinal,4000,2,5103002,1,2,0.3335
1|0|0|1|0|1|0|0|0|0|0|0|0|1|0|0|1,0.00682651936307502,0.443574718849689,0,0,0.443574718849689,0.443574718849689,0,15,binary_longitudinal,4000,2,5103002,1,2,0.3335
0|0|0|0|0|1|0|0|0|1|0|0|0|1|0|0|1,0.000751599975898745,0.394015494739898,0,0,0.394015494739898,0.394015494739898,0,3,binary_longitudinal,4000,2,5103002,1,2,0.3335
1|0|0|1|0|1|0|0|0|1|0|0|0|1|0|0|1,0.00114964419558553,0.590312983119616,0,0,0.590312983119616,0.590312983119616,0,1,binary_longitudinal,4000,2,5103002,1,2,0.3335
0|0|0|0|0|1|0|0|0|0|0|1|0|1|0|0|1,0.000605842398992,0.901738060501098,0,0,0.901738060501098,0.901738060501098,0,2,binary_longitudinal,4000,2,5103002,1,2,0.3335
1|0|0|1|0|1|0|0|0|0|0|1|0|1|0|0|1,0.00127936982661407,0.608079362634935,0,0,0.608079362634935,0.608079362634935,0,1,binary_longitudinal,4000,2,5103002,1,2,0.3335
0|0|0|0|0|1|0|0|0|1|0|1|0|1|0|0|1,0.000107126420582815,1.344361384571,0,0,1.344361384571,1.344361384571,0,0,binary_longitudinal,4000,2,5103002,1,2,0.3335
1|0|0|1|0|1|0|0|0|1|0|1|0|1|0|0|1,0.000283949225328405,0.965269003596097,0,0,0.965269003596097,0.965269003596097,0,1,binary_longitudinal,4000,2,5103002,1,2,0.3335
1|0|0|1|0|1|0|1|0|0|1|0|1|0|0|0|1,0.0192242372302874,2.09875136139109,2.56831218549017,2.31894441414409,-0.469560824099079,-0.220193052753004,-0.249367771346074,53,binary_longitudinal,4000,2,5103002,1,2,0.3335
0|0|0|0|0|1|0|1|0|0|0|0|0|1|0|0|1,0.000714626351932113,1.95558475331095,4.04495599823807,2.53901823483426,-2.08937124492712,-0.583433481523312,-1.50593776340381,3,binary_longitudinal,4000,2,5103002,1,2,0.3335
1|0|0|1|0|1|0|1|0|0|0|0|0|1|0|0|1,0.000470232474993328,1.70247774331037,4.32027717676126,2.23731365218068,-2.61779943345089,-0.534835908870311,-2.08296352458058,0,binary_longitudinal,4000,2,5103002,1,2,0.3335
0|0|0|0|0|1|0|1|0|1|0|0|0|1|0|0|1,0.000106165292522552,2.00837399679924,3.46090765294227,1.85275205270192,-1.45253365614303,0.155621944097321,-1.60815560024035,1,binary_longitudinal,4000,2,5103002,1,2,0.3335
1|0|0|1|0|1|0|1|0|1|0|0|0|1|0|0|1,8.8685030516618e-05,1.54289048158224,3.75666759404159,29.4344050605621,-2.21377711245935,-27.8915145789799,25.6777374665205,0,binary_longitudinal,4000,2,5103002,1,2,0.3335
0|0|0|0|0|1|0|1|0|0|0|1|0|1|0|0|1,0.00283238539237251,3.30078428661946,4.44657366271764,3.85167391084863,-1.14578937609819,-0.550889624229172,-0.594899751869014,14,binary_longitudinal,4000,2,5103002,1,2,0.3335
1|0|0|1|0|1|0|1|0|0|0|1|0|1|0|0|1,0.00322529565245802,5.3225353215054,4.68834070124724,4.49446155242758,0.634194620258152,0.828073769077811,-0.193879148819659,8,binary_longitudinal,4000,2,5103002,1,2,0.3335
0|0|0|0|0|1|0|1|0|1|0|1|0|1|0|0|1,0.000553799465356878,2.68894724561764,3.80006362148138,1.94748906552439,-1.11111637586374,0.741458180093244,-1.85257455595698,2,binary_longitudinal,4000,2,5103002,1,2,0.3335
1|0|0|1|0|1|0|1|0|1|0|1|0|1|0|0|1,0.000801655343740288,16.6079858501298,4.06724522783076,5.54692787615821,12.5407406222991,11.0610579739716,1.47968264832746,1,binary_longitudinal,4000,2,5103002,1,2,0.3335
1|0|0|1|0|1|0|0|1|0|1|0|1|0|0|0|1,0.0270632684173845,0.0484909137447905,0,0,0.0484909137447905,0.0484909137447905,0,75,binary_longitudinal,4000,2,5103002,1,2,0.3335
0|0|0|0|0|1|0|0|1|0|0|0|0|1|0|0|1,0.000795925171309036,0.532012905917382,0,0,0.532012905917382,0.532012905917382,0,0,binary_longitudinal,4000,2,5103002,1,2,0.3335
1|0|0|1|0|1|0|0|1|0|0|0|0|1|0|0|1,0.000897801706368077,0.38061995646052,0,0,0.38061995646052,0.38061995646052,0,7,binary_longitudinal,4000,2,5103002,1,2,0.3335
0|0|0|0|0|1|0|0|1|1|0|0|0|1|0|0|1,0.00391356591261363,0.325679443024572,0,0,0.325679443024572,0.325679443024572,0,6,binary_longitudinal,4000,2,5103002,1,2,0.3335
1|0|0|1|0|1|0|0|1|1|0|0|0|1|0|0|1,0.00553356079698374,0.499388187984453,0,0,0.499388187984453,0.499388187984453,0,11,binary_longitudinal,4000,2,5103002,1,2,0.3335
0|0|0|0|0|1|0|0|1|0|0|1|0|1|0|0|1,8.61956648443329e-05,1.09775370629447,0,0,1.09775370629447,1.09775370629447,0,0,binary_longitudinal,4000,2,5103002,1,2,0.3335
1|0|0|1|0|1|0|0|1|0|0|1|0|1|0|0|1,0.000168258573999348,1.03854847331472,0,0,1.03854847331472,1.03854847331472,0,0,binary_longitudinal,4000,2,5103002,1,2,0.3335
0|0|0|0|0|1|0|0|1|1|0|1|0|1|0|0|1,0.000557805110932701,0.719831639361296,0,0,0.719831639361296,0.719831639361296,0,0,binary_longitudinal,4000,2,5103002,1,2,0.3335
1|0|0|1|0|1|0|0|1|1|0|1|0|1|0|0|1,0.00136672746893738,0.675478611641498,0,0,0.675478611641498,0.675478611641498,0,2,binary_longitudinal,4000,2,5103002,1,2,0.3335
1|0|0|1|0|1|0|1|1|0|1|0|1|0|0|0|1,0.0208522659592542,2.06720235799356,2.56831218549017,2.36014944651521,-0.501109827496608,-0.292947088521649,-0.20816273897496,54,binary_longitudinal,4000,2,5103002,1,2,0.3335
0|0|0|0|0|1|0|1|1|0|0|0|0|1|0|0|1,7.92254973341505e-05,1.14839370193779,4.04495599823807,7.48862824397795,-2.89656229630028,-6.34023454204015,3.44367224573988,0,binary_longitudinal,4000,2,5103002,1,2,0.3335
1|0|0|1|0|1|0|1|1|0|0|0|0|1|0|0|1,4.84084078839255e-05,1.4443710637679,4.32027717676126,1.93544446749508,-2.87590611299336,-0.491073403727182,-2.38483270926618,0,binary_longitudinal,4000,2,5103002,1,2,0.3335
0|0|0|0|0|1|0|1|1|1|0|0|0|1|0|0|1,0.00043075332938226,2.56651609238375,3.46090765294227,2.46940025309414,-0.894391560558518,0.0971158392896156,-0.991507399848133,1,binary_longitudinal,4000,2,5103002,1,2,0.3335
1|0|0|1|0|1|0|1|1|1|0|0|0|1|0|0|1,0.000334132434525585,2.42609601097666,3.75666759404159,2.61561669769361,-1.33057158306494,-0.189520686716952,-1.14105089634799,3,binary_longitudinal,4000,2,5103002,1,2,0.3335
0|0|0|0|0|1|0|1|1|0|0|1|0|1|0|0|1,0.000314006250603549,1.22696079170526,4.44657366271764,5.30375124484173,-3.21961287101238,-4.07679045313647,0.857177582124093,0,binary_longitudinal,4000,2,5103002,1,2,0.3335
1|0|0|1|0|1|0|1|1|0|0|1|0|1|0|0|1,0.000332030295212288,1.14979822853034,4.68834070124724,4.20774568576002,-3.53854247271691,-3.05794745722968,-0.480595015487225,0,binary_longitudinal,4000,2,5103002,1,2,0.3335
0|0|0|0|0|1|0|1|1|1|0|1|0|1|0|0|1,0.00224697693421715,4.27331022866171,3.80006362148138,4.8598838689471,0.47324660718033,-0.586573640285391,1.05982024746572,8,binary_longitudinal,4000,2,5103002,1,2,0.3335
1|0|0|1|0|1|0|1|1|1|0|1|0|1|0|0|1,0.0030203412018243,3.58901235838112,4.06724522783076,3.16540418539595,-0.478232869449634,0.423608172985174,-0.901841042434808,5,binary_longitudinal,4000,2,5103002,1,2,0.3335
1|0|0|1|0|1|0|0|0|0|1|0|1|0|0|1|1,0.0038037502158215,0.114884518895726,0,0,0.114884518895726,0.114884518895726,0,9,binary_longitudinal,4000,2,5103002,1,2,0.3335
0|0|0|0|0|1|0|0|0|0|0|0|0|1|0|1|1,0.00471910206753389,0.303871771006511,0,0,0.303871771006511,0.303871771006511,0,15,binary_longitudinal,4000,2,5103002,1,2,0.3335
1|0|0|1|0|1|0|0|0|0|0|0|0|1|0|1|1,0.00572509049605818,0.480025818754722,0,0,0.480025818754722,0.480025818754722,0,15,binary_longitudinal,4000,2,5103002,1,2,0.3335
0|0|0|0|0|1|0|0|0|1|0|0|0|1|0|1|1,0.00073666848632591,0.463948463165275,0,0,0.463948463165275,0.463948463165275,0,2,binary_longitudinal,4000,2,5103002,1,2,0.3335
1|0|0|1|0|1|0|0|0|1|0|0|0|1|0|1|1,0.00113623191298732,0.625759286371739,0,0,0.625759286371739,0.625759286371739,0,1,binary_longitudinal,4000,2,5103002,1,2,0.3335
0|0|0|0|0|1|0|0|0|0|0|1|0|1|0|1|1,0.000640610494039707,0.569357034387301,0,0,0.569357034387301,0.569357034387301,0,0,binary_longitudinal,4000,2,5103002,1,2,0.3335
1|0|0|1|0|1|0|0|0|0|0|1|0|1|0|1|1,0.00133449796837521,0.631942550691747,0,0,0.631942550691747,0.631942550691747,0,4,binary_longitudinal,4000,2,5103002,1,2,0.3335
0|0|0|0|0|1|0|0|0|1|0|1|0|1|0|1|1,0.000130891106123724,1.37922930062892,0,0,1.37922930062892,1.37922930062892,0,0,binary_longitudinal,4000,2,5103002,1,2,0.3335
1|0|0|1|0|1|0|0|0|1|0|1|0|1|0|1|1,0.000345828331483746,1.41052582871641,0,0,1.41052582871641,1.41052582871641,0,0,binary_longitudinal,4000,2,5103002,1,2,0.3335
1|0|0|1|0|1|0|1|0|0|1|0|1|0|0|1|1,0.00307608005513212,2.09875136139109,2.56831218549017,2.31894441414409,-0.469560824099079,-0.220193052753004,-0.249367771346075,12,binary_longitudinal,4000,2,5103002,1,2,0.3335
0|0|0|0|0|1|0|1|0|0|0|0|0|1|0|1|1,0.000602825920750167,2.7701060632499,3.98787091084841,3.67989961275035,-1.2177648475985,-0.90979354950045,-0.307971298098053,2,binary_longitudinal,4000,2,5103002,1,2,0.3335
1|0|0|1|0|1|0|1|0|0|0|0|0|1|0|1|1,0.000394362533868145,2.90556777473852,4.27064593570551,2.65769957954844,-1.36507816096699,0.24786819519008,-1.61294635615707,2,binary_longitudinal,4000,2,5103002,1,2,0.3335
0|0|0|0|0|1|0|1|0|1|0|0|0|1|0|1|1,0.000104056183942018,1.63188022394761,3.43054336836202,1.83649829658422,-1.79866314441441,-0.204618072636612,-1.5940450717778,0,binary_longitudinal,4000,2,5103002,1,2,0.3335
1|0|0|1|0|1|0|1|0|1|0|0|0|1|0|1|1,8.76503898024846e-05,1.64205597036214,3.73306194682013,10.8265897671492,-2.09100597645799,-9.18453379678709,7.09352782032911,0,binary_longitudinal,4000,2,5103002,1,2,0.3335
0|0|0|0|0|1|0|1|0|0|0|1|0|1|0|1|1,0.00299493037882045,3.89464362072628,4.35192338799567,4.63184104157483,-0.457279767269389,-0.737197420848557,0.279917653579167,7,binary_longitudinal,4000,2,5103002,1,2,0.3335
1|0|0|1|0|1|0|1|0|0|0|1|0|1|0|1|1,0.00336427388396819,3.87579726133523,4.60666251129372,3.81591135148413,-0.730865249958494,0.0598859098510947,-0.790751159809589,11,binary_longitudinal,4000,2,5103002,1,2,0.3335
0|0|0|0|0|1|0|1|0|1|0|1|0|1|0|1|1,0.000676653100112234,2.62153895730831,3.74570382918115,2.0514131686434,-1.12416487187284,0.57012578866491,-1.69429066053775,1,binary_longitudinal,4000,2,5103002,1,2,0.3335
1|0|0|1|0|1|0|1|0|1|0|1|0|1|0|1|1,0.000976354591670722,5.66840138168629,4.02554498442964,4.50046374310102,1.64285639725665,1.16793763858526,0.474918758671384,3,binary_longitudinal,4000,2,5103002,1,2,0.3335
1|0|0|1|0|1|0|0|1|0|1|0|1|0|0|1|1,0.00433040745430704,0.0484909137447905,0,0,0.0484909137447905,0.0484909137447905,0,8,binary_longitudinal,4000,2,5103002,1,2,0.3335
0|0|0|0|0|1|0|0|1|0|0|0|0|1|0|1|1,0.00067140586538038,0.317326902087633,0,0,0.317326902087633,0.317326902087633,0,2,binary_longitudinal,4000,2,5103002,1,2,0.3335
1|0|0|1|0|1|0|0|1|0|0|0|0|1|0|1|1,0.000752945350785231,0.421154952187261,0,0,0.421154952187261,0.421154952187261,0,2,binary_longitudinal,4000,2,5103002,1,2,0.3335
0|0|0|0|0|1|0|0|1|1|0|0|0|1|0|1|1,0.00383581794761813,0.363138982079571,0,0,0.363138982079571,0.363138982079571,0,12,binary_longitudinal,4000,2,5103002,1,2,0.3335
1|0|0|1|0|1|0|0|1|1|0|0|0|1|0|1|1,0.00546900370926171,0.536024238103841,0,0,0.536024238103841,0.536024238103841,0,9,binary_longitudinal,4000,2,5103002,1,2,0.3335
0|0|0|0|0|1|0|0|1|0|0|1|0|1|0|1|1,9.1142263288077e-05,0.961627335112087,0,0,0.961627335112087,0.961627335112087,0,0,binary_longitudinal,4000,2,5103002,1,2,0.3335
1|0|0|1|0|1|0|0|1|0|0|1|0|1|0|1|1,0.000175508848569691,0.68555038903241,0,0,0.68555038903241,0.68555038903241,0,1,binary_longitudinal,4000,2,5103002,1,2,0.3335
0|0|0|0|0|1|0|0|1|1|0|1|0|1|0|1|1,0.000681547349143487,1.05779191075685,0,0,1.05779191075685,1.05779191075685,0,1,binary_longitudinal,4000,2,5103002,1,2,0.3335
1|0|0|1|0|1|0|0|1|1|0|1|0|1|0|1|1,0.00166456900746591,0.712750222686478,0,0,0.712750222686478,0.712750222686478,0,3,binary_longitudinal,4000,2,5103002,1,2,0.3335
1|0|0|1|0|1|0|1|1|0|1|0|1|0|0|1|1,0.00333658176671457,2.06720235799356,2.56831218549017,2.36014944651521,-0.501109827496608,-0.292947088521649,-0.20816273897496,9,binary_longitudinal,4000,2,5103002,1,2,0.3335
0|0|0|0|0|1|0|1|1|0|0|0|0|1|0|1|1,6.68309855188298e-05,1.27919491545362,3.98787091084841,3.02628916871409,-2.70867599539478,-1.74709425326047,-0.961581742134318,0,binary_longitudinal,4000,2,5103002,1,2,0.3335
1|0|0|1|0|1|0|1|1|0|0|0|0|1|0|1|1,4.05979242371518e-05,1.47845571460414,4.27064593570551,1.91321012766315,-2.79219022110136,-0.434754413059004,-2.35743580804236,0,binary_longitudinal,4000,2,5103002,1,2,0.3335
0|0|0|0|0|1|0|1|1|1|0|0|0|1|0|1|1,0.000422195866566426,2.28264785109365,3.43054336836202,2.06416764111225,-1.14789551726837,0.218480209981405,-1.36637572724977,2,binary_longitudinal,4000,2,5103002,1,2,0.3335
1|0|0|1|0|1|0|1|1|1|0|0|0|1|0|1|1,0.000330234290513469,1.80985665000362,3.73306194682013,2.63281567145758,-1.92320529681651,-0.822959021453958,-1.10024627536255,1,binary_longitudinal,4000,2,5103002,1,2,0.3335
0|0|0|0|0|1|0|1|1|0|0|1|0|1|0|1|1,0.000332026447249942,1.41516463454754,4.35192338799567,13.5002524721811,-2.93675875344813,-12.0850878376336,9.14832908418544,0,binary_longitudinal,4000,2,5103002,1,2,0.3335
1|0|0|1|0|1|0|1|1|0|0|1|0|1|0|1|1,0.000346337505529963,1.52817530030973,4.60666251129372,2.22342866112692,-3.07848721098399,-0.695253360817189,-2.3832338501668,0,binary_longitudinal,4000,2,5103002,1,2,0.3335
0|0|0|0|0|1|0|1|1|1|0|1|0|1|0|1|1,0.00274544127166849,3.71728001590335,3.74570382918115,3.97005746543287,-0.028423813277797,-0.252777449529515,0.224353636251718,6,binary_longitudinal,4000,2,5103002,1,2,0.3335
1|0|0|1|0|1|0|1|1|1|0|1|0|1|0|1|1,0.00367854343370882,3.44111354104825,4.02554498442964,3.46178435490412,-0.584431443381388,-0.0206708138558721,-0.563760629525516,19,binary_longitudinal,4000,2,5103002,1,2,0.3335
0|0|0|0|0|1|0|0|0,0.0785500498749289,-0.0832243457237412,0,0,-0.0832243457237412,-0.0832243457237412,0,216,binary_longitudinal,4000,2,5103002,2,1,0.33325
1|0|0|1|0|1|0|0|0,0.0762397062809392,0.000800562694816907,0,0,0.000800562694816907,0.000800562694816907,0,206,binary_longitudinal,4000,2,5103002,2,1,0.33325
0|0|0|0|0|1|0|1|0,0.0528936446567127,0.000170854077030803,0,0,0.000170854077030803,0.000170854077030803,0,147,binary_longitudinal,4000,2,5103002,2,1,0.33325
1|0|0|1|0|1|0|1|0,0.0625832169654833,0.0220933794566612,0,0,0.0220933794566612,0.0220933794566612,0,158,binary_longitudinal,4000,2,5103002,2,1,0.33325
0|0|0|0|0|1|0|0|1,0.0457293559881398,1.70969258233515,1.82090167277375,1.70264024758699,-0.111209090438596,0.00705233474816144,-0.118261425186757,128,binary_longitudinal,4000,2,5103002,2,1,0.33325
1|0|0|1|0|1|0|0|1,0.0500247656080652,1.69891579014656,1.82545592694467,1.74559598634856,-0.126540136798104,-0.0466801962019973,-0.0798599405961065,142,binary_longitudinal,4000,2,5103002,2,1,0.33325
0|0|0|0|0|1|0|1|1,0.0385751813578256,1.77812654966785,1.79520390717048,1.82015623027597,-0.0170773575026212,-0.0420296806081163,0.0249523231054951,99,binary_longitudinal,4000,2,5103002,2,1,0.33325
1|0|0|1|0|1|0|1|1,0.0521803365091765,1.67041427782463,1.79365364433472,1.66703128002573,-0.123239366510095,0.00338299779890391,-0.126622364308999,148,binary_longitudinal,4000,2,5103002,2,1,0.33325
0|0|0|0|0|1|0|0|0|0|1|0|1|0|0|0|0,0.0340252866918418,-0.352640238318468,0,0,-0.352640238318468,-0.352640238318468,0,101,binary_longitudinal,4000,2,5103002,2,2,0.33325
0|0|0|0|0|1|0|0|0|0|0|0|0|1|0|0|0,0.00960943512698398,-0.803097310487286,0,0,-0.803097310487286,-0.803097310487286,0,27,binary_longitudinal,4000,2,5103002,2,2,0.33325
1|0|0|1|0|1|0|0|0|0|0|0|0|1|0|0|0,0.00943156116480374,-0.375513489319072,0,0,-0.375513489319072,-0.375513489319072,0,27,binary_longitudinal,4000,2,5103002,2,2,0.33325
0|0|0|0|0|1|0|0|0|1|0|0|0|1|0|0|0,0.000943137903452683,-0.78008436223844,0,0,-0.78008436223844,-0.78008436223844,0,2,binary_longitudinal,4000,2,5103002,2,2,0.33325
1|0|0|1|0|1|0|0|0|1|0|0|0|1|0|0|0,0.00116348397246529,-0.439738047341388,0,0,-0.439738047341388,-0.439738047341388,0,1,binary_longitudinal,4000,2,5103002,2,2,0.33325
0|0|0|0|0|1|0|0|0|0|0|1|0|1|0|0|0,0.0011513122038543,-0.105278498593607,0,0,-0.105278498593607,-0.105278498593607,0,4,binary_longitudinal,4000,2,5103002,2,2,0.33325
1|0|0|1|0|1|0|0|0|0|0|1|0|1|0|0|0,0.00194980983159324,0.261720395227743,0,0,0.261720395227743,0.261720395227743,0,7,binary_longitudinal,4000,2,5103002,2,2,0.33325
0|0|0|0|0|1|0|0|0|1|0|1|0|1|0|0|0,0.000151207584178117,-0.130893434575658,0,0,-0.130893434575658,-0.130893434575658,0,0,binary_longitudinal,4000,2,5103002,2,2,0.33325
1|0|0|1|0|1|0|0|0|1|0|1|0|1|0|0|0,0.000322217611364569,0.161466867663736,0,0,0.161466867663736,0.161466867663736,0,0,binary_longitudinal,4000,2,5103002,2,2,0.33325
0|0|0|0|0|1|0|1|0|0|1|0|1|0|0|0|0,0.0348148067293662,0.70290960302727,0,0,0.70290960302727,0.70290960302727,0,100,binary_longitudinal,4000,2,5103002,2,2,0.33325
0|0|0|0|0|1|0|1|0|0|0|0|0|1|0|0|0,0.00122752517224963,0.287667687592921,0,0,0.287667687592921,0.287667687592921,0,4,binary_longitudinal,4000,2,5103002,2,2,0.33325
1|0|0|1|0|1|0|1|0|0|0|0|0|1|0|0|0,0.000649676081425316,0.749311636797423,0,0,0.749311636797423,0.749311636797423,0,0,binary_longitudinal,4000,2,5103002,2,2,0.33325
0|0|0|0|0|1|0|1|0|1|0|0|0|1|0|0|0,0.000133220482463999,0.281758857024691,0,0,0.281758857024691,0.281758857024691,0,0,binary_longitudinal,4000,2,5103002,2,2,0.33325
1|0|0|1|0|1|0|1|0|1|0|0|0|1|0|0|0,8.97526486889509e-05,0.651776224380417,0,0,0.651776224380417,0.651776224380417,0,0,binary_longitudinal,4000,2,5103002,2,2,0.33325
0|0|0|0|0|1|0|1|0|0|0|1|0|1|0|0|0,0.0053825217146946,0.959396426776099,0,0,0.959396426776099,0.959396426776099,0,12,binary_longitudinal,4000,2,5103002,2,2,0.33325
1|0|0|1|0|1|0|1|0|0|0|1|0|1|0|0|0,0.00491547716863156,1.35166144528326,0,0,1.35166144528326,1.35166144528326,0,17,binary_longitudinal,4000,2,5103002,2,2,0.33325
0|0|0|0|0|1|0|1|0|1|0|1|0|1|0|0|0,0.000781680922597538,0.909714019828073,0,0,0.909714019828073,0.909714019828073,0,0,binary_longitudinal,4000,2,5103002,2,2,0.33325
1|0|0|1|0|1|0|1|0|1|0|1|0|1|0|0|0,0.000909695984198899,1.22354421921486,0,0,1.22354421921486,1.22354421921486,0,3,binary_longitudinal,4000,2,5103002,2,2,0.33325
0|0|0|0|0|1|0|0|1|0|1|0|1|0|0|0|0,0.0344639163118675,-0.401514457190116,0,0,-0.401514457190116,-0.401514457190116,0,83,binary_longitudinal,4000,2,5103002,2,2,0.33325
0|0|0|0|0|1|0|0|1|0|0|0|0|1|0|0|0,0.00136717346116248,-0.887595864896582,0,0,-0.887595864896582,-0.887595864896582,0,6,binary_longitudinal,4000,2,5103002,2,2,0.33325
1|0|0|1|0|1|0|0|1|0|0|0|0|1|0|0|0,0.00124040836290273,-0.467266656988184,0,0,-0.467266656988184,-0.467266656988184,0,5,binary_longitudinal,4000,2,5103002,2,2,0.33325
0|0|0|0|0|1|0|0|1|1|0|0|0|1|0|0|0,0.00491090003752682,-0.85675035687169,0,0,-0.85675035687169,-0.85675035687169,0,19,binary_longitudinal,4000,2,5103002,2,2,0.33325
1|0|0|1|0|1|0|0|1|1|0|0|0|1|0|0|0,0.00560017553489559,-0.528825250800505,0,0,-0.528825250800505,-0.528825250800505,0,13,binary_longitudinal,4000,2,5103002,2,2,0.33325
0|0|0|0|0|1|0|0|1|0|0|1|0|1|0|0|0,0.000163801874909593,-0.17999942551572,0,0,-0.17999942551572,-0.17999942551572,0,1,binary_longitudinal,4000,2,5103002,2,2,0.33325
1|0|0|1|0|1|0|0|1|0|0|1|0|1|0|0|0,0.000256432670998698,0.180115652335727,0,0,0.180115652335727,0.180115652335727,0,2,binary_longitudinal,4000,2,5103002,2,2,0.33325
0|0|0|0|0|1|0|0|1|1|0|1|0|1|0|0|0,0.000787334840532057,-0.194904775804349,0,0,-0.194904775804349,-0.194904775804349,0,1,binary_longitudinal,4000,2,5103002,2,2,0.33325
1|0|0|1|0|1|0|0|1|1|0|1|0|1|0|0|0,0.00155092397212218,0.085354644494927,0,0,0.085354644494927,0.085354644494927,0,5,binary_longitudinal,4000,2,5103002,2,2,0.33325
0|0|0|0|0|1|0|1|1|0|1|0|1|0|0|0|0,0.03382790207843,0.650118143529667,0,0,0.650118143529667,0.650118143529667,0,94,binary_longitudinal,4000,2,5103002,2,2,0.33325
0|0|0|0|0|1|0|1|1|0|0|0|0|1|0|0|0,0.000136086910311564,0.201192503574585,0,0,0.201192503574585,0.201192503574585,0,1,binary_longitudinal,4000,2,5103002,2,2,0.33325
1|0|0|1|0|1|0|1|1|0|0|0|0|1|0|0|0,6.68813542546445e-05,0.667157335335602,0,0,0.667157335335602,0.667157335335602,0,0,binary_longitudinal,4000,2,5103002,2,2,0.33325
0|0|0|0|0|1|0|1|1|1|0|0|0|1|0|0|0,0.00054052661655963,0.206357108375301,0,0,0.206357108375301,0.206357108375301,0,2,binary_longitudinal,4000,2,5103002,2,2,0.33325
1|0|0|1|0|1|0|1|1|1|0|0|0|1|0|0|0,0.000338154825418245,0.574010792670064,0,0,0.574010792670064,0.574010792670064,0,1,binary_longitudinal,4000,2,5103002,2,2,0.33325
0|0|0|0|0|1|0|1|1|0|0|1|0|1|0|0|0,0.000596721571497624,0.883256988624969,0,0,0.883256988624969,0.883256988624969,0,0,binary_longitudinal,4000,2,5103002,2,2,0.33325
1|0|0|1|0|1|0|1|1|0|0|1|0|1|0|0|0,0.000506027202239947,1.27877680648141,0,0,1.27877680648141,1.27877680648141,0,3,binary_longitudinal,4000,2,5103002,2,2,0.33325
0|0|0|0|0|1|0|1|1|1|0|1|0|1|0|0|0,0.003171579448641,0.847501596896519,0,0,0.847501596896519,0.847501596896519,0,3,binary_longitudinal,4000,2,5103002,2,2,0.33325
1|0|0|1|0|1|0|1|1|1|0|1|0|1|0|0|0,0.003427398424603,1.15801720242631,0,0,1.15801720242631,1.15801720242631,0,10,binary_longitudinal,4000,2,5103002,2,2,0.33325
0|0|0|0|0|1|0|0|0|0|1|0|1|0|0|1|0,0.0045037236163738,-0.352640238318468,0,0,-0.352640238318468,-0.352640238318468,0,13,binary_longitudinal,4000,2,5103002,2,2,0.33325
0|0|0|0|0|1|0|0|0|0|0|0|0|1|0|1|0,0.00647075396855543,-0.807866503945413,0,0,-0.807866503945413,-0.807866503945413,0,15,binary_longitudinal,4000,2,5103002,2,2,0.33325
1|0|0|1|0|1|0|0|0|0|0|0|0|1|0|1|0,0.00625820931663394,-0.391225670465278,0,0,-0.391225670465278,-0.391225670465278,0,18,binary_longitudinal,4000,2,5103002,2,2,0.33325
0|0|0|0|0|1|0|0|0|1|0|0|0|1|0|1|0,0.000734391765715058,-0.798217002752269,0,0,-0.798217002752269,-0.798217002752269,0,1,binary_longitudinal,4000,2,5103002,2,2,0.33325
1|0|0|1|0|1|0|0|0|1|0|0|0|1|0|1|0,0.000901817479084268,-0.457767482076695,0,0,-0.457767482076695,-0.457767482076695,0,3,binary_longitudinal,4000,2,5103002,2,2,0.33325
0|0|0|0|0|1|0|0|0|0|0|1|0|1|0|1|0,0.000965390594166642,-0.108383569731283,0,0,-0.108383569731283,-0.108383569731283,0,3,binary_longitudinal,4000,2,5103002,2,2,0.33325
1|0|0|1|0|1|0|0|0|0|0|1|0|1|0|1|0,0.00160054881746757,0.247361127253587,0,0,0.247361127253587,0.247361127253587,0,5,binary_longitudinal,4000,2,5103002,2,2,0.33325
0|0|0|0|0|1|0|0|0|1|0|1|0|1|0|1|0,0.000146570757254649,-0.149712241870166,0,0,-0.149712241870166,-0.149712241870166,0,0,binary_longitudinal,4000,2,5103002,2,2,0.33325
1|0|0|1|0|1|0|0|0|1|0|1|0|1|0|1|0,0.000307447410782635,0.141130399261701,0,0,0.141130399261701,0.141130399261701,0,0,binary_longitudinal,4000,2,5103002,2,2,0.33325
0|0|0|0|0|1|0|1|0|0|1|0|1|0|0|1|0,0.00460822765981663,0.70290960302727,0,0,0.70290960302727,0.70290960302727,0,13,binary_longitudinal,4000,2,5103002,2,2,0.33325
0|0|0|0|0|1|0|1|0|0|0|0|0|1|0|1|0,0.000826584838221285,0.261475535351908,0,0,0.261475535351908,0.261475535351908,0,3,binary_longitudinal,4000,2,5103002,2,2,0.33325
1|0|0|1|0|1|0|1|0|0|0|0|0|1|0|1|0,0.000431085462366796,0.707513897480117,0,0,0.707513897480117,0.707513897480117,0,1,binary_longitudinal,4000,2,5103002,2,2,0.33325
0|0|0|0|0|1|0|1|0|1|0|0|0|1|0|1|0,0.000103734591715575,0.243004312768128,0,0,0.243004312768128,0.243004312768128,0,0,binary_longitudinal,4000,2,5103002,2,2,0.33325
1|0|0|1|0|1|0|1|0|1|0|0|0|1|0|1|0,6.9567359153476e-05,0.609689267036831,0,0,0.609689267036831,0.609689267036831,0,0,binary_longitudinal,4000,2,5103002,2,2,0.33325
0|0|0|0|0|1|0|1|0|0|0|1|0|1|0|1|0,0.00451331603961828,0.937337981471872,0,0,0.937337981471872,0.937337981471872,0,18,binary_longitudinal,4000,2,5103002,2,2,0.33325
1|0|0|1|0|1|0|1|0|0|0|1|0|1|0|1|0,0.00403498897280325,1.31360872973545,0,0,1.31360872973545,1.31360872973545,0,9,binary_longitudinal,4000,2,5103002,2,2,0.33325
0|0|0|0|0|1|0|1|0|1|0|1|0|1|0|1|0,0.00075771043747166,0.871891514116015,0,0,0.871891514116015,0.871891514116015,0,3,binary_longitudinal,4000,2,5103002,2,2,0.33325
1|0|0|1|0|1|0|1|0|1|0|1|0|1|0|1|0,0.000867996239426118,1.18059478188882,0,0,1.18059478188882,1.18059478188882,0,1,binary_longitudinal,4000,2,5103002,2,2,0.33325
0|0|0|0|0|1|0|0|1|0|1|0|1|0|0|1|0,0.00456178239473009,-0.401514457190116,0,0,-0.401514457190116,-0.401514457190116,0,10,binary_longitudinal,4000,2,5103002,2,2,0.33325
0|0|0|0|0|1|0|0|1|0|0|0|0|1|0|1|0,0.000920620513340971,-0.888998897572173,0,0,-0.888998897572173,-0.888998897572173,0,4,binary_longitudinal,4000,2,5103002,2,2,0.33325
1|0|0|1|0|1|0|0|1|0|0|0|0|1|0|1|0,0.00082305941057957,-0.47890511460014,0,0,-0.47890511460014,-0.47890511460014,0,6,binary_longitudinal,4000,2,5103002,2,2,0.33325
0|0|0|0|0|1|0|0|1|1|0|0|0|1|0|1|0,0.0038239631093253,-0.872248880060646,0,0,-0.872248880060646,-0.872248880060646,0,11,binary_longitudinal,4000,2,5103002,2,2,0.33325
1|0|0|1|0|1|0|0|1|1|0|0|0|1|0|1|0,0.00434070112079658,-0.543145551676114,0,0,-0.543145551676114,-0.543145551676114,0,14,binary_longitudinal,4000,2,5103002,2,2,0.33325
0|0|0|0|0|1|0|0|1|0|0|1|0|1|0|1|0,0.000137350050503412,-0.18267000149572,0,0,-0.18267000149572,-0.18267000149572,0,0,binary_longitudinal,4000,2,5103002,2,2,0.33325
1|0|0|1|0|1|0|0|1|0|0|1|0|1|0|1|0,0.000210498994146338,0.167348501941002,0,0,0.167348501941002,0.167348501941002,0,1,binary_longitudinal,4000,2,5103002,2,2,0.33325
0|0|0|0|0|1|0|0|1|1|0|1|0|1|0|1|0,0.000763190976279434,-0.213886448849128,0,0,-0.213886448849128,-0.213886448849128,0,4,binary_longitudinal,4000,2,5103002,2,2,0.33325
1|0|0|1|0|1|0|0|1|1|0|1|0|1|0|1|0,0.00147983084329361,0.0663930966102989,0,0,0.0663930966102989,0.0663930966102989,0,5,binary_longitudinal,4000,2,5103002,2,2,0.33325
0|0|0|0|0|1|0|1|1|0|1|0|1|0|0|1|0,0.00447759699610509,0.650118143529667,0,0,0.650118143529667,0.650118143529667,0,8,binary_longitudinal,4000,2,5103002,2,2,0.33325
0|0|0|0|0|1|0|1|1|0|0|0|0|1|0|1|0,9.1637531585416e-05,0.177149798560573,0,0,0.177149798560573,0.177149798560573,0,0,binary_longitudinal,4000,2,5103002,2,2,0.33325
1|0|0|1|0|1|0|1|1|0|0|0|0|1|0|1|0,4.43783915506443e-05,0.627490638631677,0,0,0.627490638631677,0.627490638631677,0,0,binary_longitudinal,4000,2,5103002,2,2,0.33325
0|0|0|0|0|1|0|1|1|1|0|0|0|1|0|1|0,0.000420891043502768,0.168935306720458,0,0,0.168935306720458,0.168935306720458,0,0,binary_longitudinal,4000,2,5103002,2,2,0.33325
1|0|0|1|0|1|0|1|1|1|0|0|0|1|0|1|0,0.0002621041109425,0.53376235313114,0,0,0.53376235313114,0.53376235313114,0,1,binary_longitudinal,4000,2,5103002,2,2,0.33325
0|0|0|0|0|1|0|1|1|0|0|1|0|1|0|1|0,0.000500358973466633,0.860329053608331,0,0,0.860329053608331,0.860329053608331,0,3,binary_longitudinal,4000,2,5103002,2,2,0.33325
1|0|0|1|0|1|0|1|1|0|0|1|0|1|0|1|0,0.000415384734976828,1.24035487083326,0,0,1.24035487083326,1.24035487083326,0,0,binary_longitudinal,4000,2,5103002,2,2,0.33325
0|0|0|0|0|1|0|1|1|1|0|1|0|1|0|1|0,0.00307432199255961,0.808112435916293,0,0,0.808112435916293,0.808112435916293,0,4,binary_longitudinal,4000,2,5103002,2,2,0.33325
1|0|0|1|0|1|0|1|1|1|0|1|0|1|0|1|0,0.00327028919028398,1.11451286849856,0,0,1.11451286849856,1.11451286849856,0,6,binary_longitudinal,4000,2,5103002,2,2,0.33325
1|0|0|1|0|1|0|0|0|0|1|0|1|0|0|0|1,0.0237718769352928,0.355116597457619,0,0,0.355116597457619,0.355116597457619,0,68,binary_longitudinal,4000,2,5103002,2,2,0.33325
0|0|0|0|0|1|0|0|0|0|0|0|0|1|0|0|1,0.00559430936665823,1.03746818725521,0,0,1.03746818725521,1.03746818725521,0,9,binary_longitudinal,4000,2,5103002,2,2,0.33325
1|0|0|1|0|1|0|0|0|0|0|0|0|1|0|0|1,0.00682651936307502,1.39017294072672,0,0,1.39017294072672,1.39017294072672,0,13,binary_longitudinal,4000,2,5103002,2,2,0.33325
0|0|0|0|0|1|0|0|0|1|0|0|0|1|0|0|1,0.000751599975898745,1.05183908087452,0,0,1.05183908087452,1.05183908087452,0,2,binary_longitudinal,4000,2,5103002,2,2,0.33325
1|0|0|1|0|1|0|0|0|1|0|0|0|1|0|0|1,0.00114964419558553,1.32749107546274,0,0,1.32749107546274,1.32749107546274,0,1,binary_longitudinal,4000,2,5103002,2,2,0.33325
0|0|0|0|0|1|0|0|0|0|0|1|0|1|0|0|1,0.000605842398992,1.56925031366793,0,0,1.56925031366793,1.56925031366793,0,1,binary_longitudinal,4000,2,5103002,2,2,0.33325
1|0|0|1|0|1|0|0|0|0|0|1|0|1|0|0|1,0.00127936982661407,1.8719183051859,0,0,1.8719183051859,1.8719183051859,0,4,binary_longitudinal,4000,2,5103002,2,2,0.33325
0|0|0|0|0|1|0|0|0|1|0|1|0|1|0|0|1,0.000107126420582815,1.65511041409615,0,0,1.65511041409615,1.65511041409615,0,0,binary_longitudinal,4000,2,5103002,2,2,0.33325
1|0|0|1|0|1|0|0|0|1|0|1|0|1|0|0|1,0.000283949225328405,1.88537051048111,0,0,1.88537051048111,1.88537051048111,0,1,binary_longitudinal,4000,2,5103002,2,2,0.33325
1|0|0|1|0|1|0|1|0|0|1|0|1|0|0|0|1,0.0192242372302874,1.46140801333301,2.56831218549017,2.46518689658444,-1.10690417215715,-1.00377888325142,-0.103125288905734,55,binary_longitudinal,4000,2,5103002,2,2,0.33325
0|0|0|0|0|1|0|1|0|0|0|0|0|1|0|0|1,0.000714626351932113,2.10407425597853,4.04495599823807,3.35065837734563,-1.94088174225954,-1.2465841213671,-0.694297620892435,2,binary_longitudinal,4000,2,5103002,2,2,0.33325
1|0|0|1|0|1|0|1|0|0|0|0|0|1|0|0|1,0.000470232474993328,2.48427560039577,4.32027717676126,2.6076368252981,-1.83600157636549,-0.123361224902332,-1.71264035146316,0,binary_longitudinal,4000,2,5103002,2,2,0.33325
0|0|0|0|0|1|0|1|0|1|0|0|0|1|0|0|1,0.000106165292522552,2.09277346158835,3.46090765294227,2.9325705643506,-1.36813419135392,-0.839797102762255,-0.528337088591667,0,binary_longitudinal,4000,2,5103002,2,2,0.33325
1|0|0|1|0|1|0|1|0|1|0|0|0|1|0|0|1,8.8685030516618e-05,2.39171703870317,3.75666759404159,3.12854357930227,-1.36495055533843,-0.736826540599099,-0.628124014739328,1,binary_longitudinal,4000,2,5103002,2,2,0.33325
0|0|0|0|0|1|0|1|0|0|0|1|0|1|0|0|1,0.00283238539237251,2.61906662129444,4.44657366271764,3.8053292154075,-1.8275070414232,-1.18626259411306,-0.641244447310143,15,binary_longitudinal,4000,2,5103002,2,2,0.33325
1|0|0|1|0|1|0|1|0|0|0|1|0|1|0|0|1,0.00322529565245802,2.9410231607784,4.68834070124724,4.87635148164269,-1.74731754046884,-1.93532832086429,0.188010780395444,8,binary_longitudinal,4000,2,5103002,2,2,0.33325
0|0|0|0|0|1|0|1|0|1|0|1|0|1|0|0|1,0.000553799465356878,2.68241070159092,3.80006362148138,2.26200701754397,-1.11765291989046,0.420403684046944,-1.5380566039374,2,binary_longitudinal,4000,2,5103002,2,2,0.33325
1|0|0|1|0|1|0|1|0|1|0|1|0|1|0|0|1,0.000801655343740288,2.92793092521253,4.06724522783076,4.7989223804179,-1.13931430261823,-1.87099145520537,0.731677152587142,1,binary_longitudinal,4000,2,5103002,2,2,0.33325
1|0|0|1|0|1|0|0|1|0|1|0|1|0|0|0|1,0.0270632684173845,0.312767018816419,0,0,0.312767018816419,0.312767018816419,0,58,binary_longitudinal,4000,2,5103002,2,2,0.33325
0|0|0|0|0|1|0|0|1|0|0|0|0|1|0|0|1,0.000795925171309036,0.945919675799095,0,0,0.945919675799095,0.945919675799095,0,1,binary_longitudinal,4000,2,5103002,2,2,0.33325
1|0|0|1|0|1|0|0|1|0|0|0|0|1|0|0|1,0.000897801706368077,1.2937364761814,0,0,1.2937364761814,1.2937364761814,0,3,binary_longitudinal,4000,2,5103002,2,2,0.33325
0|0|0|0|0|1|0|0|1|1|0|0|0|1|0|0|1,0.00391356591261363,0.97217126200811,0,0,0.97217126200811,0.97217126200811,0,9,binary_longitudinal,4000,2,5103002,2,2,0.33325
1|0|0|1|0|1|0|0|1|1|0|0|0|1|0|0|1,0.00553356079698374,1.23747702527027,0,0,1.23747702527027,1.23747702527027,0,12,binary_longitudinal,4000,2,5103002,2,2,0.33325
0|0|0|0|0|1|0|0|1|0|0|1|0|1|0|0|1,8.61956648443329e-05,1.4878509098749,0,0,1.4878509098749,1.4878509098749,0,0,binary_longitudinal,4000,2,5103002,2,2,0.33325
1|0|0|1|0|1|0|0|1|0|0|1|0|1|0|0|1,0.000168258573999348,1.78562869851644,0,0,1.78562869851644,1.78562869851644,0,0,binary_longitudinal,4000,2,5103002,2,2,0.33325
0|0|0|0|0|1|0|0|1|1|0|1|0|1|0|0|1,0.000557805110932701,1.58798761023543,0,0,1.58798761023543,1.58798761023543,0,0,binary_longitudinal,4000,2,5103002,2,2,0.33325
1|0|0|1|0|1|0|0|1|1|0|1|0|1|0|0|1,0.00136672746893738,1.80792975794173,0,0,1.80792975794173,1.80792975794173,0,2,binary_longitudinal,4000,2,5103002,2,2,0.33325
1|0|0|1|0|1|0|1|1|0|1|0|1|0|0|0|1,0.0208522659592542,1.42856846332962,2.56831218549017,2.3662498814347,-1.13974372216055,-0.937681418105078,-0.202062304055473,50,binary_longitudinal,4000,2,5103002,2,2,0.33325
0|0|0|0|0|1|0|1|1|0|0|0|0|1|0|0|1,7.92254973341505e-05,2.01137376837126,4.04495599823807,3.10638632920076,-2.0335822298668,-1.09501256082949,-0.93856966903731,0,binary_longitudinal,4000,2,5103002,2,2,0.33325
1|0|0|1|0|1|0|1|1|0|0|0|0|1|0|0|1,4.84084078839255e-05,2.39707945521968,4.32027717676126,1.94044613415495,-1.92319772154158,0.456633321064727,-2.37983104260631,0,binary_longitudinal,4000,2,5103002,2,2,0.33325
0|0|0|0|0|1|0|1|1|1|0|0|0|1|0|0|1,0.00043075332938226,2.01514146296297,3.46090765294227,2.44577094228748,-1.4457661899793,-0.430629479324513,-1.01513671065479,0,binary_longitudinal,4000,2,5103002,2,2,0.33325
1|0|0|1|0|1|0|1|1|1|0|0|0|1|0|0|1,0.000334132434525585,2.3127041440969,3.75666759404159,3.24374947210959,-1.4439634499447,-0.93104532801269,-0.512918121932007,2,binary_longitudinal,4000,2,5103002,2,2,0.33325
0|0|0|0|0|1|0|1|1|0|0|1|0|1|0|0|1,0.000314006250603549,2.5368362691055,4.44657366271764,13.5741499550556,-1.90973739361214,-11.0373136859501,9.127576292338,0,binary_longitudinal,4000,2,5103002,2,2,0.33325
1|0|0|1|0|1|0|1|1|0|0|1|0|1|0|0|1,0.000332030295212288,2.86312016440465,4.68834070124724,3.81654646778485,-1.82522053684259,-0.953426303380205,-0.871794233462387,0,binary_longitudinal,4000,2,5103002,2,2,0.33325
0|0|0|0|0|1|0|1|1|1|0|1|0|1|0|0|1,0.00224697693421715,2.61772817464986,3.80006362148138,3.07164160879393,-1.18233544683152,-0.453913434144073,-0.728422012687447,10,binary_longitudinal,4000,2,5103002,2,2,0.33325
1|0|0|1|0|1|0|1|1|1|0|1|0|1|0|0|1,0.0030203412018243,2.8607974824968,4.06724522783076,3.77600203053441,-1.20644774533396,-0.91520454803761,-0.291243197296349,9,binary_longitudinal,4000,2,5103002,2,2,0.33325
1|0|0|1|0|1|0|0|0|0|1|0|1|0|0|1|1,0.0038037502158215,0.355116597457619,0,0,0.355116597457619,0.355116597457619,0,10,binary_longitudinal,4000,2,5103002,2,2,0.33325
0|0|0|0|0|1|0|0|0|0|0|0|0|1|0|1|1,0.00471910206753389,1.01631793216552,0,0,1.01631793216552,1.01631793216552,0,17,binary_longitudinal,4000,2,5103002,2,2,0.33325
1|0|0|1|0|1|0|0|0|0|0|0|0|1|0|1|1,0.00572509049605818,1.36237820752681,0,0,1.36237820752681,1.36237820752681,0,19,binary_longitudinal,4000,2,5103002,2,2,0.33325
0|0|0|0|0|1|0|0|0|1|0|0|0|1|0|1|1,0.00073666848632591,1.02966417796605,0,0,1.02966417796605,1.02966417796605,0,0,binary_longitudinal,4000,2,5103002,2,2,0.33325
1|0|0|1|0|1|0|0|0|1|0|0|0|1|0|1|1,0.00113623191298732,1.30612205297169,0,0,1.30612205297169,1.30612205297169,0,2,binary_longitudinal,4000,2,5103002,2,2,0.33325
0|0|0|0|0|1|0|0|0|0|0|1|0|1|0|1|1,0.000640610494039707,1.53485991971949,0,0,1.53485991971949,1.53485991971949,0,1,binary_longitudinal,4000,2,5103002,2,2,0.33325
1|0|0|1|0|1|0|0|0|0|0|1|0|1|0|1|1,0.00133449796837521,1.83339615754537,0,0,1.83339615754537,1.83339615754537,0,3,binary_longitudinal,4000,2,5103002,2,2,0.33325
0|0|0|0|0|1|0|0|0|1|0|1|0|1|0|1|1,0.000130891106123724,1.61567429987126,0,0,1.61567429987126,1.61567429987126,0,0,binary_longitudinal,4000,2,5103002,2,2,0.33325
1|0|0|1|0|1|0|0|0|1|0|1|0|1|0|1|1,0.000345828331483746,1.85028070044894,0,0,1.85028070044894,1.85028070044894,0,0,binary_longitudinal,4000,2,5103002,2,2,0.33325
1|0|0|1|0|1|0|1|0|0|1|0|1|0|0|1|1,0.00307608005513212,1.46140801333301,2.56831218549017,2.46518689658444,-1.10690417215715,-1.00377888325142,-0.103125288905734,7,binary_longitudinal,4000,2,5103002,2,2,0.33325
0|0|0|0|0|1|0|1|0|0|0|0|0|1|0|1|1,0.000602825920750167,2.0650184839726,3.98787091084841,3.66980253710818,-1.92285242687581,-1.60478405313558,-0.318068373740232,3,binary_longitudinal,4000,2,5103002,2,2,0.33325
1|0|0|1|0|1|0|1|0|0|0|0|0|1|0|1|1,0.000394362533868145,2.43461253327084,4.27064593570551,3.22515256689209,-1.83603340243467,-0.790540033621255,-1.04549336881341,3,binary_longitudinal,4000,2,5103002,2,2,0.33325
0|0|0|0|0|1|0|1|0|1|0|0|0|1|0|1|1,0.000104056183942018,2.05302217067233,3.43054336836202,12.2329387818381,-1.37752119768969,-10.1799166111657,8.80239541347606,1,binary_longitudinal,4000,2,5103002,2,2,0.33325
1|0|0|1|0|1|0|1|0|1|0|0|0|1|0|1|1,8.76503898024846e-05,2.34996175876073,3.73306194682013,13.5538239450502,-1.3831001880594,-11.2038621862895,9.8207619982301,0,binary_longitudinal,4000,2,5103002,2,2,0.33325
0|0|0|0|0|1|0|1|0|0|0|1|0|1|0|1|1,0.00299493037882045,2.56858376281854,4.35192338799567,4.99061662408669,-1.78333962517713,-2.42203286126815,0.638693236091022,10,binary_longitudinal,4000,2,5103002,2,2,0.33325
1|0|0|1|0|1|0|1|0|0|0|1|0|1|0|1|1,0.00336427388396819,2.88228611732374,4.60666251129372,3.67125090810546,-1.72437639396998,-0.788964790781716,-0.935411603188263,10,binary_longitudinal,4000,2,5103002,2,2,0.33325
0|0|0|0|0|1|0|1|0|1|0|1|0|1|0|1|1,0.000676653100112234,2.62662062029431,3.74570382918115,3.66813495391204,-1.11908320888684,-1.04151433361773,-0.0775688752691142,1,binary_longitudinal,4000,2,5103002,2,2,0.33325
1|0|0|1|0|1|0|1|0|1|0|1|0|1|0|1|1,0.000976354591670722,2.87347197662327,4.02554498442964,3.34359736758895,-1.15207300780637,-0.470125390965685,-0.681947616840687,1,binary_longitudinal,4000,2,5103002,2,2,0.33325
1|0|0|1|0|1|0|0|1|0|1|0|1|0|0|1|1,0.00433040745430704,0.312767018816419,0,0,0.312767018816419,0.312767018816419,0,10,binary_longitudinal,4000,2,5103002,2,2,0.33325
0|0|0|0|0|1|0|0|1|0|0|0|0|1|0|1|1,0.00067140586538038,0.925983200231232,0,0,0.925983200231232,0.925983200231232,0,2,binary_longitudinal,4000,2,5103002,2,2,0.33325
1|0|0|1|0|1|0|0|1|0|0|0|0|1|0|1|1,0.000752945350785231,1.26810421019296,0,0,1.26810421019296,1.26810421019296,0,1,binary_longitudinal,4000,2,5103002,2,2,0.33325
0|0|0|0|0|1|0|0|1|1|0|0|0|1|0|1|1,0.00383581794761813,0.950453302618081,0,0,0.950453302618081,0.950453302618081,0,15,binary_longitudinal,4000,2,5103002,2,2,0.33325
1|0|0|1|0|1|0|0|1|1|0|0|0|1|0|1|1,0.00546900370926171,1.21789868238767,0,0,1.21789868238767,1.21789868238767,0,13,binary_longitudinal,4000,2,5103002,2,2,0.33325
0|0|0|0|0|1|0|0|1|0|0|1|0|1|0|1|1,9.1142263288077e-05,1.45192577746122,0,0,1.45192577746122,1.45192577746122,0,0,binary_longitudinal,4000,2,5103002,2,2,0.33325
1|0|0|1|0|1|0|0|1|0|0|1|0|1|0|1|1,0.000175508848569691,1.74694902547959,0,0,1.74694902547959,1.74694902547959,0,1,binary_longitudinal,4000,2,5103002,2,2,0.33325
0|0|0|0|0|1|0|0|1|1|0|1|0|1|0|1|1,0.000681547349143487,1.54620283149815,0,0,1.54620283149815,1.54620283149815,0,1,binary_longitudinal,4000,2,5103002,2,2,0.33325
1|0|0|1|0|1|0|0|1|1|0|1|0|1|0|1|1,0.00166456900746591,1.77229828700625,0,0,1.77229828700625,1.77229828700625,0,5,binary_longitudinal,4000,2,5103002,2,2,0.33325
1|0|0|1|0|1|0|1|1|0|1|0|1|0|0|1|1,0.00333658176671457,1.42856846332962,2.56831218549017,2.3662498814347,-1.13974372216055,-0.937681418105078,-0.202062304055473,9,binary_longitudinal,4000,2,5103002,2,2,0.33325
0|0|0|0|0|1|0|1|1|0|0|0|0|1|0|1|1,6.68309855188298e-05,1.9721752505839,3.98787091084841,2.12413998486639,-2.01569566026451,-0.151964734282487,-1.86373092598202,0,binary_longitudinal,4000,2,5103002,2,2,0.33325
1|0|0|1|0|1|0|1|1|0|0|0|0|1|0|1|1,4.05979242371518e-05,2.34766035918654,4.27064593570551,1.91815433529584,-1.92298557651897,0.429506023890697,-2.35249160040966,0,binary_longitudinal,4000,2,5103002,2,2,0.33325
0|0|0|0|0|1|0|1|1|1|0|0|0|1|0|1|1,0.000422195866566426,1.9744417602111,3.43054336836202,2.75725423485978,-1.45610160815092,-0.782812474648677,-0.673289133502244,1,binary_longitudinal,4000,2,5103002,2,2,0.33325
1|0|0|1|0|1|0|1|1|1|0|0|0|1|0|1|1,0.000330234290513469,2.2709091522275,3.73306194682013,2.96060973697624,-1.46215279459263,-0.689700584748744,-0.772452209843888,0,binary_longitudinal,4000,2,5103002,2,2,0.33325
0|0|0|0|0|1|0|1|1|0|0|1|0|1|0|1|1,0.000332026447249942,2.48334980052387,4.35192338799567,63.27211181238,-1.86857358747179,-60.7887620118561,58.9201884243844,0,binary_longitudinal,4000,2,5103002,2,2,0.33325
1|0|0|1|0|1|0|1|1|0|0|1|0|1|0|1|1,0.000346337505529963,2.80224079121238,4.60666251129372,3.05007554640475,-1.80442172008134,-0.247834755192375,-1.55658696488897,0,binary_longitudinal,4000,2,5103002,2,2,0.33325
0|0|0|0|0|1|0|1|1|1|0|1|0|1|0|1|1,0.00274544127166849,2.55803992561773,3.74570382918115,3.4493929815491,-1.18766390356342,-0.891353055931369,-0.29631084763205,5,binary_longitudinal,4000,2,5103002,2,2,0.33325
1|0|0|1|0|1|0|1|1|1|0|1|0|1|0|1|1,0.00367854343370882,2.80385872777712,4.02554498442964,3.48101106517901,-1.22168625665252,-0.677152337401889,-0.544533919250635,16,binary_longitudinal,4000,2,5103002,2,2,0.33325
0|0|0|0|0|1|0|0|0,0.0785500498749289,-0.0106748708390843,0,0,-0.0106748708390843,-0.0106748708390843,0,210,binary_longitudinal,4000,2,5103002,3,1,0.33325
1|0|0|1|0|1|0|0|0,0.0762397062809392,0.0204214572323117,0,0,0.0204214572323117,0.0204214572323117,0,193,binary_longitudinal,4000,2,5103002,3,1,0.33325
0|0|0|0|0|1|0|1|0,0.0528936446567127,0.0554286432179739,0,0,0.0554286432179739,0.0554286432179739,0,154,binary_longitudinal,4000,2,5103002,3,1,0.33325
1|0|0|1|0|1|0|1|0,0.0625832169654833,0.0270097433299817,0,0,0.0270097433299817,0.0270097433299817,0,180,binary_longitudinal,4000,2,5103002,3,1,0.33325
0|0|0|0|0|1|0|0|1,0.0457293559881398,1.72066876949614,1.82090167277375,1.72432577786892,-0.100232903277604,-0.00365700837277576,-0.0965758949048285,122,binary_longitudinal,4000,2,5103002,3,1,0.33325
1|0|0|1|0|1|0|0|1,0.0500247656080652,1.74671118409418,1.82545592694467,1.78497824170289,-0.078744742850492,-0.0382670576087154,-0.0404776852417766,129,binary_longitudinal,4000,2,5103002,3,1,0.33325
0|0|0|0|0|1|0|1|1,0.0385751813578256,1.74470591258492,1.79520390717048,1.78520828937207,-0.0504979945855603,-0.0405023767871595,-0.00999561779840079,88,binary_longitudinal,4000,2,5103002,3,1,0.33325
1|0|0|1|0|1|0|1|1,0.0521803365091765,1.71204804191865,1.79365364433472,1.7688222009869,-0.0816056024160705,-0.0567741590682434,-0.0248314433478271,135,binary_longitudinal,4000,2,5103002,3,1,0.33325
0|0|0|0|0|1|0|0|0|0|1|0|1|0|0|0|0,0.0340252866918418,-0.345597817241131,0,0,-0.345597817241131,-0.345597817241131,0,86,binary_longitudinal,4000,2,5103002,3,2,0.33325
0|0|0|0|0|1|0|0|0|0|0|0|0|1|0|0|0,0.00960943512698398,-0.589384174529134,0,0,-0.589384174529134,-0.589384174529134,0,25,binary_longitudinal,4000,2,5103002,3,2,0.33325
1|0|0|1|0|1|0|0|0|0|0|0|0|1|0|0|0,0.00943156116480374,-0.239234012935311,0,0,-0.239234012935311,-0.239234012935311,0,23,binary_longitudinal,4000,2,5103002,3,2,0.33325
0|0|0|0|0|1|0|0|0|1|0|0|0|1|0|0|0,0.000943137903452683,-0.168759284616657,0,0,-0.168759284616657,-0.168759284616657,0,0,binary_longitudinal,4000,2,5103002,3,2,0.33325
1|0|0|1|0|1|0|0|0|1|0|0|0|1|0|0|0,0.00116348397246529,-0.338445275940313,0,0,-0.338445275940313,-0.338445275940313,0,2,binary_longitudinal,4000,2,5103002,3,2,0.33325
0|0|0|0|0|1|0|0|0|0|0|1|0|1|0|0|0,0.0011513122038543,-0.354806708810143,0,0,-0.354806708810143,-0.354806708810143,0,2,binary_longitudinal,4000,2,5103002,3,2,0.33325
1|0|0|1|0|1|0|0|0|0|0|1|0|1|0|0|0,0.00194980983159324,-0.0761289371668678,0,0,-0.0761289371668678,-0.0761289371668678,0,10,binary_longitudinal,4000,2,5103002,3,2,0.33325
0|0|0|0|0|1|0|0|0|1|0|1|0|1|0|0|0,0.000151207584178117,0.163890601511085,0,0,0.163890601511085,0.163890601511085,0,0,binary_longitudinal,4000,2,5103002,3,2,0.33325
1|0|0|1|0|1|0|0|0|1|0|1|0|1|0|0|0,0.000322217611364569,0.456944226638162,0,0,0.456944226638162,0.456944226638162,0,0,binary_longitudinal,4000,2,5103002,3,2,0.33325
0|0|0|0|0|1|0|1|0|0|1|0|1|0|0|0|0,0.0348148067293662,0.39644764961682,0,0,0.39644764961682,0.39644764961682,0,116,binary_longitudinal,4000,2,5103002,3,2,0.33325
0|0|0|0|0|1|0|1|0|0|0|0|0|1|0|0|0,0.00122752517224963,-0.428919965284878,0,0,-0.428919965284878,-0.428919965284878,0,5,binary_longitudinal,4000,2,5103002,3,2,0.33325
1|0|0|1|0|1|0|1|0|0|0|0|0|1|0|0|0,0.000649676081425316,0.737275625787008,0,0,0.737275625787008,0.737275625787008,0,2,binary_longitudinal,4000,2,5103002,3,2,0.33325
0|0|0|0|0|1|0|1|0|1|0|0|0|1|0|0|0,0.000133220482463999,0.742936987673687,0,0,0.742936987673687,0.742936987673687,0,0,binary_longitudinal,4000,2,5103002,3,2,0.33325
1|0|0|1|0|1|0|1|0|1|0|0|0|1|0|0|0,8.97526486889509e-05,1.32453268141232,0,0,1.32453268141232,1.32453268141232,0,2,binary_longitudinal,4000,2,5103002,3,2,0.33325
0|0|0|0|0|1|0|1|0|0|0|1|0|1|0|0|0,0.0053825217146946,0.37432396695972,0,0,0.37432396695972,0.37432396695972,0,19,binary_longitudinal,4000,2,5103002,3,2,0.33325
1|0|0|1|0|1|0|1|0|0|0|1|0|1|0|0|0,0.00491547716863156,0.618031601450549,0,0,0.618031601450549,0.618031601450549,0,12,binary_longitudinal,4000,2,5103002,3,2,0.33325
0|0|0|0|0|1|0|1|0|1|0|1|0|1|0|0|0,0.000781680922597538,0.865918646756558,0,0,0.865918646756558,0.865918646756558,0,0,binary_longitudinal,4000,2,5103002,3,2,0.33325
1|0|0|1|0|1|0|1|0|1|0|1|0|1|0|0|0,0.000909695984198899,0.529443036702981,0,0,0.529443036702981,0.529443036702981,0,3,binary_longitudinal,4000,2,5103002,3,2,0.33325
0|0|0|0|0|1|0|0|1|0|1|0|1|0|0|0|0,0.0344639163118675,-0.350590900110217,0,0,-0.350590900110217,-0.350590900110217,0,81,binary_longitudinal,4000,2,5103002,3,2,0.33325
0|0|0|0|0|1|0|0|1|0|0|0|0|1|0|0|0,0.00136717346116248,-0.611717459867281,0,0,-0.611717459867281,-0.611717459867281,0,1,binary_longitudinal,4000,2,5103002,3,2,0.33325
1|0|0|1|0|1|0|0|1|0|0|0|0|1|0|0|0,0.00124040836290273,-0.256053557788825,0,0,-0.256053557788825,-0.256053557788825,0,5,binary_longitudinal,4000,2,5103002,3,2,0.33325
0|0|0|0|0|1|0|0|1|1|0|0|0|1|0|0|0,0.00491090003752682,-0.695447846103061,0,0,-0.695447846103061,-0.695447846103061,0,15,binary_longitudinal,4000,2,5103002,3,2,0.33325
1|0|0|1|0|1|0|0|1|1|0|0|0|1|0|0|0,0.00560017553489559,-0.361731731067431,0,0,-0.361731731067431,-0.361731731067431,0,15,binary_longitudinal,4000,2,5103002,3,2,0.33325
0|0|0|0|0|1|0|0|1|0|0|1|0|1|0|0|0,0.000163801874909593,0.141247967888076,0,0,0.141247967888076,0.141247967888076,0,1,binary_longitudinal,4000,2,5103002,3,2,0.33325
1|0|0|1|0|1|0|0|1|0|0|1|0|1|0|0|0,0.000256432670998698,-0.0893396924350004,0,0,-0.0893396924350004,-0.0893396924350004,0,1,binary_longitudinal,4000,2,5103002,3,2,0.33325
0|0|0|0|0|1|0|0|1|1|0|1|0|1|0|0|0,0.000787334840532057,0.0572982211879792,0,0,0.0572982211879792,0.0572982211879792,0,0,binary_longitudinal,4000,2,5103002,3,2,0.33325
1|0|0|1|0|1|0|0|1|1|0|1|0|1|0|0|0,0.00155092397212218,-0.21575377975962,0,0,-0.21575377975962,-0.21575377975962,0,1,binary_longitudinal,4000,2,5103002,3,2,0.33325
0|0|0|0|0|1|0|1|1|0|1|0|1|0|0|0|0,0.03382790207843,0.392699929220293,0,0,0.392699929220293,0.392699929220293,0,96,binary_longitudinal,4000,2,5103002,3,2,0.33325
0|0|0|0|0|1|0|1|1|0|0|0|0|1|0|0|0,0.000136086910311564,0.199074600870911,0,0,0.199074600870911,0.199074600870911,0,2,binary_longitudinal,4000,2,5103002,3,2,0.33325
1|0|0|1|0|1|0|1|1|0|0|0|0|1|0|0|0,6.68813542546445e-05,1.17419515259991,0,0,1.17419515259991,1.17419515259991,0,0,binary_longitudinal,4000,2,5103002,3,2,0.33325
0|0|0|0|0|1|0|1|1|1|0|0|0|1|0|0|0,0.00054052661655963,0.342248469674745,0,0,0.342248469674745,0.342248469674745,0,2,binary_longitudinal,4000,2,5103002,3,2,0.33325
1|0|0|1|0|1|0|1|1|1|0|0|0|1|0|0|0,0.000338154825418245,0.676756806300095,0,0,0.676756806300095,0.676756806300095,0,2,binary_longitudinal,4000,2,5103002,3,2,0.33325
0|0|0|0|0|1|0|1|1|0|0|1|0|1|0|0|0,0.000596721571497624,0.35337649614675,0,0,0.35337649614675,0.35337649614675,0,1,binary_longitudinal,4000,2,5103002,3,2,0.33325
1|0|0|1|0|1|0|1|1|0|0|1|0|1|0|0|0,0.000506027202239947,0.783650297823867,0,0,0.783650297823867,0.783650297823867,0,1,binary_longitudinal,4000,2,5103002,3,2,0.33325
0|0|0|0|0|1|0|1|1|1|0|1|0|1|0|0|0,0.003171579448641,0.106787029662841,0,0,0.106787029662841,0.106787029662841,0,7,binary_longitudinal,4000,2,5103002,3,2,0.33325
1|0|0|1|0|1|0|1|1|1|0|1|0|1|0|0|0,0.003427398424603,0.487441649752985,0,0,0.487441649752985,0.487441649752985,0,9,binary_longitudinal,4000,2,5103002,3,2,0.33325
0|0|0|0|0|1|0|0|0|0|1|0|1|0|0|1|0,0.0045037236163738,-0.345597817241131,0,0,-0.345597817241131,-0.345597817241131,0,12,binary_longitudinal,4000,2,5103002,3,2,0.33325
0|0|0|0|0|1|0|0|0|0|0|0|0|1|0|1|0,0.00647075396855543,-0.346573299493153,0,0,-0.346573299493153,-0.346573299493153,0,17,binary_longitudinal,4000,2,5103002,3,2,0.33325
1|0|0|1|0|1|0|0|0|0|0|0|0|1|0|1|0,0.00625820931663394,-0.0261282147107013,0,0,-0.0261282147107013,-0.0261282147107013,0,15,binary_longitudinal,4000,2,5103002,3,2,0.33325
0|0|0|0|0|1|0|0|0|1|0|0|0|1|0|1|0,0.000734391765715058,-0.330607500606999,0,0,-0.330607500606999,-0.330607500606999,0,3,binary_longitudinal,4000,2,5103002,3,2,0.33325
1|0|0|1|0|1|0|0|0|1|0|0|0|1|0|1|0,0.000901817479084268,-0.140954624607132,0,0,-0.140954624607132,-0.140954624607132,0,5,binary_longitudinal,4000,2,5103002,3,2,0.33325
0|0|0|0|0|1|0|0|0|0|0|1|0|1|0|1|0,0.000965390594166642,-0.136960844514629,0,0,-0.136960844514629,-0.136960844514629,0,3,binary_longitudinal,4000,2,5103002,3,2,0.33325
1|0|0|1|0|1|0|0|0|0|0|1|0|1|0|1|0,0.00160054881746757,0.148088490170808,0,0,0.148088490170808,0.148088490170808,0,7,binary_longitudinal,4000,2,5103002,3,2,0.33325
0|0|0|0|0|1|0|0|0|1|0|1|0|1|0|1|0,0.000146570757254649,0.399379166695433,0,0,0.399379166695433,0.399379166695433,0,0,binary_longitudinal,4000,2,5103002,3,2,0.33325
1|0|0|1|0|1|0|0|0|1|0|1|0|1|0|1|0,0.000307447410782635,0.670166704624468,0,0,0.670166704624468,0.670166704624468,0,0,binary_longitudinal,4000,2,5103002,3,2,0.33325
0|0|0|0|0|1|0|1|0|0|1|0|1|0|0|1|0,0.00460822765981663,0.39644764961682,0,0,0.39644764961682,0.39644764961682,0,9,binary_longitudinal,4000,2,5103002,3,2,0.33325
0|0|0|0|0|1|0|1|0|0|0|0|0|1|0|1|0,0.000826584838221285,0.322092976465547,0,0,0.322092976465547,0.322092976465547,0,2,binary_longitudinal,4000,2,5103002,3,2,0.33325
1|0|0|1|0|1|0|1|0|0|0|0|0|1|0|1|0,0.000431085462366796,2.71932531235763,0,0,2.71932531235763,2.71932531235763,0,2,binary_longitudinal,4000,2,5103002,3,2,0.33325
0|0|0|0|0|1|0|1|0|1|0|0|0|1|0|1|0,0.000103734591715575,0.934018019014083,0,0,0.934018019014083,0.934018019014083,0,0,binary_longitudinal,4000,2,5103002,3,2,0.33325
1|0|0|1|0|1|0|1|0|1|0|0|0|1|0|1|0,6.9567359153476e-05,1.34787974377802,0,0,1.34787974377802,1.34787974377802,0,0,binary_longitudinal,4000,2,5103002,3,2,0.33325
0|0|0|0|0|1|0|1|0|0|0|1|0|1|0|1|0,0.00451331603961828,0.577125257894906,0,0,0.577125257894906,0.577125257894906,0,15,binary_longitudinal,4000,2,5103002,3,2,0.33325
1|0|0|1|0|1|0|1|0|0|0|1|0|1|0|1|0,0.00403498897280325,0.824904009687361,0,0,0.824904009687361,0.824904009687361,0,12,binary_longitudinal,4000,2,5103002,3,2,0.33325
0|0|0|0|0|1|0|1|0|1|0|1|0|1|0|1|0,0.00075771043747166,0.60836382622881,0,0,0.60836382622881,0.60836382622881,0,3,binary_longitudinal,4000,2,5103002,3,2,0.33325
1|0|0|1|0|1|0|1|0|1|0|1|0|1|0|1|0,0.000867996239426118,1.1676319838617,0,0,1.1676319838617,1.1676319838617,0,0,binary_longitudinal,4000,2,5103002,3,2,0.33325
0|0|0|0|0|1|0|0|1|0|1|0|1|0|0|1|0,0.00456178239473009,-0.350590900110217,0,0,-0.350590900110217,-0.350590900110217,0,16,binary_longitudinal,4000,2,5103002,3,2,0.33325
0|0|0|0|0|1|0|0|1|0|0|0|0|1|0|1|0,0.000920620513340971,-0.326424317646833,0,0,-0.326424317646833,-0.326424317646833,0,4,binary_longitudinal,4000,2,5103002,3,2,0.33325
1|0|0|1|0|1|0|0|1|0|0|0|0|1|0|1|0,0.00082305941057957,-0.0471670506446546,0,0,-0.0471670506446546,-0.0471670506446546,0,10,binary_longitudinal,4000,2,5103002,3,2,0.33325
0|0|0|0|0|1|0|0|1|1|0|0|0|1|0|1|0,0.0038239631093253,-0.474590869622379,0,0,-0.474590869622379,-0.474590869622379,0,15,binary_longitudinal,4000,2,5103002,3,2,0.33325
1|0|0|1|0|1|0|0|1|1|0|0|0|1|0|1|0,0.00434070112079658,-0.167111119153746,0,0,-0.167111119153746,-0.167111119153746,0,13,binary_longitudinal,4000,2,5103002,3,2,0.33325
0|0|0|0|0|1|0|0|1|0|0|1|0|1|0|1|0,0.000137350050503412,-0.056125841560635,0,0,-0.056125841560635,-0.056125841560635,0,1,binary_longitudinal,4000,2,5103002,3,2,0.33325
1|0|0|1|0|1|0|0|1|0|0|1|0|1|0|1|0,0.000210498994146338,0.131173731185161,0,0,0.131173731185161,0.131173731185161,0,1,binary_longitudinal,4000,2,5103002,3,2,0.33325
0|0|0|0|0|1|0|0|1|1|0|1|0|1|0|1|0,0.000763190976279434,-0.13792814600879,0,0,-0.13792814600879,-0.13792814600879,0,3,binary_longitudinal,4000,2,5103002,3,2,0.33325
1|0|0|1|0|1|0|0|1|1|0|1|0|1|0|1|0,0.00147983084329361,-0.00498056541669267,0,0,-0.00498056541669267,-0.00498056541669267,0,6,binary_longitudinal,4000,2,5103002,3,2,0.33325
0|0|0|0|0|1|0|1|1|0|1|0|1|0|0|1|0,0.00447759699610509,0.392699929220293,0,0,0.392699929220293,0.392699929220293,0,13,binary_longitudinal,4000,2,5103002,3,2,0.33325
0|0|0|0|0|1|0|1|1|0|0|0|0|1|0|1|0,9.1637531585416e-05,0.888177262650965,0,0,0.888177262650965,0.888177262650965,0,0,binary_longitudinal,4000,2,5103002,3,2,0.33325
1|0|0|1|0|1|0|1|1|0|0|0|0|1|0|1|0,4.43783915506443e-05,1.36289259579649,0,0,1.36289259579649,1.36289259579649,0,0,binary_longitudinal,4000,2,5103002,3,2,0.33325
0|0|0|0|0|1|0|1|1|1|0|0|0|1|0|1|0,0.000420891043502768,0.88039645530788,0,0,0.88039645530788,0.88039645530788,0,0,binary_longitudinal,4000,2,5103002,3,2,0.33325
1|0|0|1|0|1|0|1|1|1|0|0|0|1|0|1|0,0.0002621041109425,1.1309845317689,0,0,1.1309845317689,1.1309845317689,0,0,binary_longitudinal,4000,2,5103002,3,2,0.33325
0|0|0|0|0|1|0|1|1|0|0|1|0|1|0|1|0,0.000500358973466633,0.580084055205376,0,0,0.580084055205376,0.580084055205376,0,3,binary_longitudinal,4000,2,5103002,3,2,0.33325
1|0|0|1|0|1|0|1|1|0|0|1|0|1|0|1|0,0.000415384734976828,1.4221826540624,0,0,1.4221826540624,1.4221826540624,0,0,binary_longitudinal,4000,2,5103002,3,2,0.33325
0|0|0|0|0|1|0|1|1|1|0|1|0|1|0|1|0,0.00307432199255961,0.431244670419133,0,0,0.431244670419133,0.431244670419133,0,9,binary_longitudinal,4000,2,5103002,3,2,0.33325
1|0|0|1|0|1|0|1|1|1|0|1|0|1|0|1|0,0.00327028919028398,0.619863861549875,0,0,0.619863861549875,0.619863861549875,0,8,binary_longitudinal,4000,2,5103002,3,2,0.33325
1|0|0|1|0|1|0|0|0|0|1|0|1|0|0|0|1,0.0237718769352928,0.199526140272222,0,0,0.199526140272222,0.199526140272222,0,76,binary_longitudinal,4000,2,5103002,3,2,0.33325
0|0|0|0|0|1|0|0|0|0|0|0|0|1|0|0|1,0.00559430936665823,0.450086713852437,0,0,0.450086713852437,0.450086713852437,0,15,binary_longitudinal,4000,2,5103002,3,2,0.33325
1|0|0|1|0|1|0|0|0|0|0|0|0|1|0|0|1,0.00682651936307502,0.770355442914143,0,0,0.770355442914143,0.770355442914143,0,10,binary_longitudinal,4000,2,5103002,3,2,0.33325
0|0|0|0|0|1|0|0|0|1|0|0|0|1|0|0|1,0.000751599975898745,0.460088709668154,0,0,0.460088709668154,0.460088709668154,0,1,binary_longitudinal,4000,2,5103002,3,2,0.33325
1|0|0|1|0|1|0|0|0|1|0|0|0|1|0|0|1,0.00114964419558553,0.684278213916046,0,0,0.684278213916046,0.684278213916046,0,2,binary_longitudinal,4000,2,5103002,3,2,0.33325
0|0|0|0|0|1|0|0|0|0|0|1|0|1|0|0|1,0.000605842398992,0.944067664214708,0,0,0.944067664214708,0.944067664214708,0,1,binary_longitudinal,4000,2,5103002,3,2,0.33325
1|0|0|1|0|1|0|0|0|0|0|1|0|1|0|0|1,0.00127936982661407,0.835563258569561,0,0,0.835563258569561,0.835563258569561,0,3,binary_longitudinal,4000,2,5103002,3,2,0.33325
0|0|0|0|0|1|0|0|0|1|0|1|0|1|0|0|1,0.000107126420582815,1.17276519969826,0,0,1.17276519969826,1.17276519969826,0,0,binary_longitudinal,4000,2,5103002,3,2,0.33325
1|0|0|1|0|1|0|0|0|1|0|1|0|1|0|0|1,0.000283949225328405,1.44817800094468,0,0,1.44817800094468,1.44817800094468,0,0,binary_longitudinal,4000,2,5103002,3,2,0.33325
1|0|0|1|0|1|0|1|0|0|1|0|1|0|0|0|1,0.0192242372302874,1.98546402693366,2.56831218549017,2.50849491317657,-0.582848158556505,-0.523030886242903,-0.0598172723136017,30,binary_longitudinal,4000,2,5103002,3,2,0.33325
0|0|0|0|0|1|0|1|0|0|0|0|0|1|0|0|1,0.000714626351932113,2.10496039647585,4.04495599823807,3.30315139848833,-1.93999560176222,-1.19819100201248,-0.74180459974974,1,binary_longitudinal,4000,2,5103002,3,2,0.33325
1|0|0|1|0|1|0|1|0|0|0|0|0|1|0|0|1,0.000470232474993328,3.02707176507772,4.32027717676126,3.3465068596114,-1.29320541168355,-0.319435094533686,-0.97377031714986,0,binary_longitudinal,4000,2,5103002,3,2,0.33325
0|0|0|0|0|1|0|1|0|1|0|0|0|1|0|0|1,0.000106165292522552,1.88565899212485,3.46090765294227,2.34972607707242,-1.57524866081742,-0.46406708494757,-1.11118157586985,1,binary_longitudinal,4000,2,5103002,3,2,0.33325
1|0|0|1|0|1|0|1|0|1|0|0|0|1|0|0|1,8.8685030516618e-05,6.12109648381596,3.75666759404159,7.23996068003942,2.36442888977437,-1.11886419622346,3.48329308599783,1,binary_longitudinal,4000,2,5103002,3,2,0.33325
0|0|0|0|0|1|0|1|0|0|0|1|0|1|0|0|1,0.00283238539237251,3.08090057188188,4.44657366271764,3.88804221409713,-1.36567309083576,-0.807141642215252,-0.558531448620507,11,binary_longitudinal,4000,2,5103002,3,2,0.33325
1|0|0|1|0|1|0|1|0|0|0|1|0|1|0|0|1,0.00322529565245802,3.58466415328157,4.68834070124724,5.12306342706269,-1.10367654796568,-1.53839927378112,0.434722725815448,6,binary_longitudinal,4000,2,5103002,3,2,0.33325
0|0|0|0|0|1|0|1|0|1|0|1|0|1|0|0|1,0.000553799465356878,2.40528379275948,3.80006362148138,3.56315300149716,-1.3947798287219,-1.15786920873768,-0.23691061998422,2,binary_longitudinal,4000,2,5103002,3,2,0.33325
1|0|0|1|0|1|0|1|0|1|0|1|0|1|0|0|1,0.000801655343740288,2.77644505224369,4.06724522783076,3.77439026198207,-1.29080017558707,-0.997945209738381,-0.292854965848687,2,binary_longitudinal,4000,2,5103002,3,2,0.33325
1|0|0|1|0|1|0|0|1|0|1|0|1|0|0|0|1,0.0270632684173845,0.198542133754983,0,0,0.198542133754983,0.198542133754983,0,67,binary_longitudinal,4000,2,5103002,3,2,0.33325
0|0|0|0|0|1|0|0|1|0|0|0|0|1|0|0|1,0.000795925171309036,0.4714412284084,0,0,0.4714412284084,0.4714412284084,0,1,binary_longitudinal,4000,2,5103002,3,2,0.33325
1|0|0|1|0|1|0|0|1|0|0|0|0|1|0|0|1,0.000897801706368077,0.75169475873046,0,0,0.75169475873046,0.75169475873046,0,6,binary_longitudinal,4000,2,5103002,3,2,0.33325
0|0|0|0|0|1|0|0|1|1|0|0|0|1|0|0|1,0.00391356591261363,0.352943371969414,0,0,0.352943371969414,0.352943371969414,0,9,binary_longitudinal,4000,2,5103002,3,2,0.33325
1|0|0|1|0|1|0|0|1|1|0|0|0|1|0|0|1,0.00553356079698374,0.661782664636898,0,0,0.661782664636898,0.661782664636898,0,15,binary_longitudinal,4000,2,5103002,3,2,0.33325
0|0|0|0|0|1|0|0|1|0|0|1|0|1|0|0|1,8.61956648443329e-05,1.13983475527743,0,0,1.13983475527743,1.13983475527743,0,0,binary_longitudinal,4000,2,5103002,3,2,0.33325
1|0|0|1|0|1|0|0|1|0|0|1|0|1|0|0|1,0.000168258573999348,0.823038866411987,0,0,0.823038866411987,0.823038866411987,0,0,binary_longitudinal,4000,2,5103002,3,2,0.33325
0|0|0|0|0|1|0|0|1|1|0|1|0|1|0|0|1,0.000557805110932701,1.1298602553502,0,0,1.1298602553502,1.1298602553502,0,0,binary_longitudinal,4000,2,5103002,3,2,0.33325
1|0|0|1|0|1|0|0|1|1|0|1|0|1|0|0|1,0.00136672746893738,0.778698680779298,0,0,0.778698680779298,0.778698680779298,0,2,binary_longitudinal,4000,2,5103002,3,2,0.33325
1|0|0|1|0|1|0|1|1|0|1|0|1|0|0|0|1,0.0208522659592542,1.99925276194781,2.56831218549017,2.53919292670788,-0.569059423542357,-0.539940164760072,-0.0291192587822855,52,binary_longitudinal,4000,2,5103002,3,2,0.33325
0|0|0|0|0|1|0|1|1|0|0|0|0|1|0|0|1,7.92254973341505e-05,1.20951300215337,4.04495599823807,4.11366067728617,-2.83544299608469,-2.9041476751328,0.0687046790481044,0,binary_longitudinal,4000,2,5103002,3,2,0.33325
1|0|0|1|0|1|0|1|1|0|0|0|0|1|0|0|1,4.84084078839255e-05,2.16397977947296,4.32027717676126,2.08226894193304,-2.1562973972883,0.0817108375399238,-2.23800823482822,0,binary_longitudinal,4000,2,5103002,3,2,0.33325
0|0|0|0|0|1|0|1|1|1|0|0|0|1|0|0|1,0.00043075332938226,2.74299460813258,3.46090765294227,2.78387951976956,-0.71791304480969,-0.040884911636978,-0.677028133172712,1,binary_longitudinal,4000,2,5103002,3,2,0.33325
1|0|0|1|0|1|0|1|1|1|0|0|0|1|0|0|1,0.000334132434525585,2.69336530904579,3.75666759404159,3.29687219015136,-1.0633022849958,-0.603506881105576,-0.459795403890229,1,binary_longitudinal,4000,2,5103002,3,2,0.33325
0|0|0|0|0|1|0|1|1|0|0|1|0|1|0|0|1,0.000314006250603549,1.69608571814239,4.44657366271764,10.0848352994387,-2.75048794457525,-8.38874958129632,5.63826163672107,0,binary_longitudinal,4000,2,5103002,3,2,0.33325
1|0|0|1|0|1|0|1|1|0|0|1|0|1|0|0|1,0.000332030295212288,2.05724584753655,4.68834070124724,7.53110195209662,-2.63109485371069,-5.47385610456007,2.84276125084938,0,binary_longitudinal,4000,2,5103002,3,2,0.33325
0|0|0|0|0|1|0|1|1|1|0|1|0|1|0|0|1,0.00224697693421715,2.75566315476491,3.80006362148138,3.83023519855135,-1.04440046671646,-1.07457204378644,0.0301715770699766,4,binary_longitudinal,4000,2,5103002,3,2,0.33325
1|0|0|1|0|1|0|1|1|1|0|1|0|1|0|0|1,0.0030203412018243,3.20136218633109,4.06724522783076,3.72737606216461,-0.865883041499668,-0.52601387583352,-0.339869165666148,6,binary_longitudinal,4000,2,5103002,3,2,0.33325
1|0|0|1|0|1|0|0|0|0|1|0|1|0|0|1|1,0.0038037502158215,0.199526140272222,0,0,0.199526140272222,0.199526140272222,0,9,binary_longitudinal,4000,2,5103002,3,2,0.33325
0|0|0|0|0|1|0|0|0|0|0|0|0|1|0|1|1,0.00471910206753389,0.671553965240563,0,0,0.671553965240563,0.671553965240563,0,22,binary_longitudinal,4000,2,5103002,3,2,0.33325
1|0|0|1|0|1|0|0|0|0|0|0|0|1|0|1|1,0.00572509049605818,0.962605155875219,0,0,0.962605155875219,0.962605155875219,0,14,binary_longitudinal,4000,2,5103002,3,2,0.33325
0|0|0|0|0|1|0|0|0|1|0|0|0|1|0|1|1,0.00073666848632591,0.614010433316371,0,0,0.614010433316371,0.614010433316371,0,2,binary_longitudinal,4000,2,5103002,3,2,0.33325
1|0|0|1|0|1|0|0|0|1|0|0|0|1|0|1|1,0.00113623191298732,0.866688250836938,0,0,0.866688250836938,0.866688250836938,0,3,binary_longitudinal,4000,2,5103002,3,2,0.33325
0|0|0|0|0|1|0|0|0|0|0|1|0|1|0|1|1,0.000640610494039707,0.831480977243721,0,0,0.831480977243721,0.831480977243721,0,1,binary_longitudinal,4000,2,5103002,3,2,0.33325
1|0|0|1|0|1|0|0|0|0|0|1|0|1|0|1|1,0.00133449796837521,1.0347709325471,0,0,1.0347709325471,1.0347709325471,0,3,binary_longitudinal,4000,2,5103002,3,2,0.33325
0|0|0|0|0|1|0|0|0|1|0|1|0|1|0|1|1,0.000130891106123724,1.38743765177439,0,0,1.38743765177439,1.38743765177439,0,0,binary_longitudinal,4000,2,5103002,3,2,0.33325
1|0|0|1|0|1|0|0|0|1|0|1|0|1|0|1|1,0.000345828331483746,1.64110566011483,0,0,1.64110566011483,1.64110566011483,0,0,binary_longitudinal,4000,2,5103002,3,2,0.33325
1|0|0|1|0|1|0|1|0|0|1|0|1|0|0|1|1,0.00307608005513212,1.98546402693366,2.56831218549017,2.50849491317657,-0.582848158556505,-0.523030886242903,-0.0598172723136017,11,binary_longitudinal,4000,2,5103002,3,2,0.33325
0|0|0|0|0|1|0|1|0|0|0|0|0|1|0|1|1,0.000602825920750167,1.9953476737023,3.98787091084841,6.63628141076898,-1.99252323714611,-4.64093373706668,2.64841049992057,1,binary_longitudinal,4000,2,5103002,3,2,0.33325
1|0|0|1|0|1|0|1|0|0|0|0|0|1|0|1|1,0.000394362533868145,17.121230853223,4.27064593570551,5.48460632488669,12.8505849175175,11.6366245283363,1.21396038918118,1,binary_longitudinal,4000,2,5103002,3,2,0.33325
0|0|0|0|0|1|0|1|0|1|0|0|0|1|0|1|1,0.000104056183942018,1.9832613932759,3.43054336836202,6.60481432307476,-1.44728197508612,-4.62155292979886,3.17427095471274,1,binary_longitudinal,4000,2,5103002,3,2,0.33325
1|0|0|1|0|1|0|1|0|1|0|0|0|1|0|1|1,8.76503898024846e-05,3.5484245028995,3.73306194682013,8.89080920051391,-0.184637443920628,-5.34238469761441,5.15774725369378,0,binary_longitudinal,4000,2,5103002,3,2,0.33325
0|0|0|0|0|1|0|1|0|0|0|1|0|1|0|1|1,0.00299493037882045,3.56454619165012,4.35192338799567,4.86389618361216,-0.787377196345548,-1.29934999196205,0.511972795616498,7,binary_longitudinal,4000,2,5103002,3,2,0.33325
1|0|0|1|0|1|0|1|0|0|0|1|0|1|0|1|1,0.00336427388396819,3.50347853605147,4.60666251129372,3.97127186904645,-1.10318397524225,-0.467793332994986,-0.635390642247268,7,binary_longitudinal,4000,2,5103002,3,2,0.33325
0|0|0|0|0|1|0|1|0|1|0|1|0|1|0|1|1,0.000676653100112234,2.06916972935737,3.74570382918115,10.358780977499,-1.67653409982378,-8.28961124814167,6.61307714831789,0,binary_longitudinal,4000,2,5103002,3,2,0.33325
1|0|0|1|0|1|0|1|0|1|0|1|0|1|0|1|1,0.000976354591670722,2.50107006312558,4.02554498442964,4.28334370372033,-1.52447492130406,-1.78227364059475,0.257798719290689,2,binary_longitudinal,4000,2,5103002,3,2,0.33325
1|0|0|1|0|1|0|0|1|0|1|0|1|0|0|1|1,0.00433040745430704,0.198542133754983,0,0,0.198542133754983,0.198542133754983,0,8,binary_longitudinal,4000,2,5103002,3,2,0.33325
0|0|0|0|0|1|0|0|1|0|0|0|0|1|0|1|1,0.00067140586538038,1.0603870275963,0,0,1.0603870275963,1.0603870275963,0,0,binary_longitudinal,4000,2,5103002,3,2,0.33325
1|0|0|1|0|1|0|0|1|0|0|0|0|1|0|1|1,0.000752945350785231,0.940454818926872,0,0,0.940454818926872,0.940454818926872,0,1,binary_longitudinal,4000,2,5103002,3,2,0.33325
0|0|0|0|0|1|0|0|1|1|0|0|0|1|0|1|1,0.00383581794761813,0.560797789818746,0,0,0.560797789818746,0.560797789818746,0,7,binary_longitudinal,4000,2,5103002,3,2,0.33325
1|0|0|1|0|1|0|0|1|1|0|0|0|1|0|1|1,0.00546900370926171,0.841896564228733,0,0,0.841896564228733,0.841896564228733,0,14,binary_longitudinal,4000,2,5103002,3,2,0.33325
0|0|0|0|0|1|0|0|1|0|0|1|0|1|0|1|1,9.1142263288077e-05,1.21322695402863,0,0,1.21322695402863,1.21322695402863,0,0,binary_longitudinal,4000,2,5103002,3,2,0.33325
1|0|0|1|0|1|0|0|1|0|0|1|0|1|0|1|1,0.000175508848569691,1.01900209760138,0,0,1.01900209760138,1.01900209760138,0,2,binary_longitudinal,4000,2,5103002,3,2,0.33325
0|0|0|0|0|1|0|0|1|1|0|1|0|1|0|1|1,0.000681547349143487,1.23827140253154,0,0,1.23827140253154,1.23827140253154,0,0,binary_longitudinal,4000,2,5103002,3,2,0.33325
1|0|0|1|0|1|0|0|1|1|0|1|0|1|0|1|1,0.00166456900746591,0.969548618542601,0,0,0.969548618542601,0.969548618542601,0,4,binary_longitudinal,4000,2,5103002,3,2,0.33325
1|0|0|1|0|1|0|1|1|0|1|0|1|0|0|1|1,0.00333658176671457,1.99925276194781,2.56831218549017,2.53919292670788,-0.569059423542357,-0.539940164760072,-0.0291192587822855,12,binary_longitudinal,4000,2,5103002,3,2,0.33325
0|0|0|0|0|1|0|1|1|0|0|0|0|1|0|1|1,6.68309855188298e-05,1.873786918046,3.98787091084841,2.30262308625884,-2.1140839928024,-0.428836168212834,-1.68524782458957,0,binary_longitudinal,4000,2,5103002,3,2,0.33325
1|0|0|1|0|1|0|1|1|0|0|0|0|1|0|1|1,4.05979242371518e-05,2.33419936729592,4.27064593570551,2.05834788604433,-1.93644656840959,0.275851481251585,-2.21229804966117,0,binary_longitudinal,4000,2,5103002,3,2,0.33325
0|0|0|0|0|1|0|1|1|1|0|0|0|1|0|1|1,0.000422195866566426,4.90851052651054,3.43054336836202,3.23501238912827,1.47796715814852,1.67349813738227,-0.195530979233749,1,binary_longitudinal,4000,2,5103002,3,2,0.33325
1|0|0|1|0|1|0|1|1|1|0|0|0|1|0|1|1,0.000330234290513469,2.43241771980011,3.73306194682013,2.55460070418305,-1.30064422702002,-0.12218298438294,-1.17846124263708,1,binary_longitudinal,4000,2,5103002,3,2,0.33325
0|0|0|0|0|1|0|1|1|0|0|1|0|1|0|1|1,0.000332026447249942,1.89070620307593,4.35192338799567,49.1906053114994,-2.46121718491973,-47.2998991084234,44.8386819235037,0,binary_longitudinal,4000,2,5103002,3,2,0.33325
1|0|0|1|0|1|0|1|1|0|0|1|0|1|0|1|1,0.000346337505529963,2.36942768492958,4.60666251129372,3.80352000019262,-2.23723482636414,-1.43409231526303,-0.803142511101104,0,binary_longitudinal,4000,2,5103002,3,2,0.33325
0|0|0|0|0|1|0|1|1|1|0|1|0|1|0|1|1,0.00274544127166849,2.74750460202427,3.74570382918115,3.3320257831839,-0.998199227156878,-0.584521181159623,-0.413678045997255,7,binary_longitudinal,4000,2,5103002,3,2,0.33325
1|0|0|1|0|1|0|1|1|1|0|1|0|1|0|1|1,0.00367854343370882,3.1569452411296,4.02554498442964,3.60066846516423,-0.868599743300044,-0.443723224034629,-0.424876519265415,9,binary_longitudinal,4000,2,5103002,3,2,0.33325
