cell,probability,measured_probability,equation_error,bridge_remainder,adjoint,selected_true_adjoint,training_n,measured_training_n,mechanism,n,replicate,seed,fold,horizon,fold_weight
0|0|0|0|0|1|0|0|0,0.14774860007019,0.0772198093951091,-0.00770037197748976,3.08002909756553e-05,-0.260281405016265,-0.287353367522815,375,199,binary_longitudinal,4000,2,5103002,1,1,0.3335
1|0|0|1|0|1|0|0|0,0.156475508795044,0.0887586649201277,-0.00342417267841397,1.291719824385e-05,-0.154854659330921,-0.178962943103262,392,228,binary_longitudinal,4000,2,5103002,1,1,0.3335
0|0|0|0|0|1|0|1|0,0.120966322601684,0.0488009874952616,0.0360438571808914,0.000370250821544693,2.19888670214055,2.28380480682567,336,125,binary_longitudinal,4000,2,5103002,1,1,0.3335
1|0|0|1|0|1|0|1|0,0.0997731894470607,0.0450108046895905,0.0241875246428313,0.000721077095937956,2.34166223501719,2.64045936429348,297,138,binary_longitudinal,4000,2,5103002,1,1,0.3335
0|0|0|0|0|1|0|0|1,0.127168398586049,0.0557304012690114,-0.0852361977382103,0.000818398359382242,-0.182636104958171,-0.258138630607905,323,162,binary_longitudinal,4000,2,5103002,1,1,0.3335
1|0|0|1|0|1|0|0|1,0.148844108179566,0.0717513684201675,-0.0630350335821767,-5.74694298503389e-05,-0.17070075848983,-0.164575516490278,392,199,binary_longitudinal,4000,2,5103002,1,1,0.3335
0|0|0|0|0|1|0|1|1,0.104116678742077,0.0339970337182249,-0.0548467106471487,-0.00014532872163967,2.25835523025614,2.28380480682567,263,90,binary_longitudinal,4000,2,5103002,1,1,0.3335
1|0|0|1|0|1|0|1|1,0.0949071935783283,0.0355071873337786,-0.0440558261260846,-0.00106824596027764,2.38497238104251,2.64045936429348,288,108,binary_longitudinal,4000,2,5103002,1,1,0.3335
0|0|0|0|0|1|0|0|0|0|1|0|1|0|0|0|0,0.0705287906750812,0.0385290103082156,-0.00272176538205376,-1.20755140353022e-05,-0.0629054833578751,0,176,106,binary_longitudinal,4000,2,5103002,1,2,0.3335
0|0|0|0|0|1|0|0|0|0|0|0|0|1|0|0|0,0.0180748527816066,0.00944669990766242,0.0111163934001879,9.75136325446178e-05,-0.485318289808406,0,42,20,binary_longitudinal,4000,2,5103002,1,2,0.3335
1|0|0|1|0|1|0|0|0|0|0|0|0|1|0|0|0,0.0189820879945186,0.0102265592570805,0.109251370741576,0.000637171152260472,-0.30724528583053,0,44,19,binary_longitudinal,4000,2,5103002,1,2,0.3335
0|0|0|0|0|1|0|0|0|1|0|0|0|1|0|0|0,0.00179818220588617,0.000931210800829468,0.13716713019927,9.86525214800045e-05,-0.3999672589749,0,5,2,binary_longitudinal,4000,2,5103002,1,2,0.3335
1|0|0|1|0|1|0|0|0|1|0|0|0|1|0|0|0,0.00238359434193912,0.00127066418633163,0.243226839891859,0.000132961960158594,-0.229341984326337,0,5,4,binary_longitudinal,4000,2,5103002,1,2,0.3335
0|0|0|0|0|1|0|0|0|0|0|1|0|1|0|0|0,0.00215565950065452,0.00119083323950375,0.0042907717125495,2.34909040916647e-06,-0.253971018374562,0,6,5,binary_longitudinal,4000,2,5103002,1,2,0.3335
1|0|0|1|0|1|0|0|0|0|0|1|0|1|0|0|0,0.00400181874163921,0.00226997880687825,0.0924891531102553,2.22379949406849e-05,-0.0600824191181422,0,10,6,binary_longitudinal,4000,2,5103002,1,2,0.3335
0|0|0|0|0|1|0|0|0|1|0|1|0|1|0|0|0,0.000296423068996605,0.000162315937725412,0.118799487043251,-2.17260517972488e-05,0.616956076138693,0,0,0,binary_longitudinal,4000,2,5103002,1,2,0.3335
1|0|0|1|0|1|0|0|0|1|0|1|0|1|0|0|0,0.000693760730200661,0.000389568441668807,0.21387073944889,-0.000117893382220632,0.794563009807454,0,0,0,binary_longitudinal,4000,2,5103002,1,2,0.3335
0|0|0|0|0|1|0|1|0|0|1|0|1|0|0|0|0,0.0721653351064229,0.0394230343891828,0.011928957947585,-0.00018600913709735,0.216074311486387,0,211,108,binary_longitudinal,4000,2,5103002,1,2,0.3335
0|0|0|0|0|1|0|1|0|0|0|0|0|1|0|0|0,0.00230891165619347,0.00120673710557463,0.0220579653228321,-6.2151493562234e-05,0.582006696351752,-0.638327563181795,3,0,binary_longitudinal,4000,2,5103002,1,2,0.3335
1|0|0|1|0|1|0|1|0|0|0|0|0|1|0|0|0,0.00130754689812861,0.00070443809126716,0.123217735602761,7.85392256643048e-05,-1.16715091222728,-0.679671681671697,1,1,binary_longitudinal,4000,2,5103002,1,2,0.3335
0|0|0|0|0|1|0|1|0|1|0|0|0|1|0|0|0,0.000253997533286871,0.000131535750718996,0.152331065940032,-5.58895935387013e-05,0.653698162807425,-0.790786620321217,0,0,binary_longitudinal,4000,2,5103002,1,2,0.3335
1|0|0|1|0|1|0|1|0|1|0|0|0|1|0|0|0,0.000183873530406896,9.80206681109709e-05,0.262226876997179,-4.38821298574497e-05,0.0566248454627649,-0.853479694592254,3,2,binary_longitudinal,4000,2,5103002,1,2,0.3335
0|0|0|0|0|1|0|1|0|0|0|1|0|1|0|0|0,0.0100779649802349,0.0055672872646977,0.0139084328701619,3.93732658436156e-05,-0.717314080775171,-0.436414949846251,24,12,binary_longitudinal,4000,2,5103002,1,2,0.3335
1|0|0|1|0|1|0|1|0|0|0|1|0|1|0|0|0,0.0100885985590994,0.0057226242363185,0.105257916744961,-0.000789757363840355,0.284084915617042,-0.459632707523292,38,19,binary_longitudinal,4000,2,5103002,1,2,0.3335
0|0|0|0|0|1|0|1|0|1|0|1|0|1|0|0|0,0.00153238515985756,0.000839106534524254,0.13300442406182,-0.000288125620032445,0.895941246907605,-0.517728138299926,1,0,binary_longitudinal,4000,2,5103002,1,2,0.3335
1|0|0|1|0|1|0|1|0|1|0|1|0|1|0|0|0,0.00195864945924502,0.00109984319434287,0.232132517550172,-0.000382947853220826,0.289876350663908,-0.552385132542596,7,5,binary_longitudinal,4000,2,5103002,1,2,0.3335
0|0|0|0|0|1|0|0|1|0|1|0|1|0|0|0|0,0.0714379973170373,0.0390256987065976,-0.00121474245923129,-1.12070310980062e-05,-0.129144850590877,0,161,90,binary_longitudinal,4000,2,5103002,1,2,0.3335
0|0|0|0|0|1|0|0|1|0|0|0|0|1|0|0|0,0.00257158289856599,0.00134402045891907,0.0189223151281502,3.38471935561789e-05,-0.695581247455731,0,5,3,binary_longitudinal,4000,2,5103002,1,2,0.3335
1|0|0|1|0|1|0|0|1|0|0|0|0|1|0|0|0,0.00249646270456503,0.00134496393593254,0.120042922412549,0.000110628085276286,-0.369150748844587,0,7,5,binary_longitudinal,4000,2,5103002,1,2,0.3335
0|0|0|0|0|1|0|0|1|1|0|0|0|1|0|0|0,0.00936309847164306,0.00484879585477104,0.147772374242394,0.000662350791132947,-0.478712995544538,0,24,11,binary_longitudinal,4000,2,5103002,1,2,0.3335
1|0|0|1|0|1|0|0|1|1|0|0|0|1|0|0|0,0.0114729098421175,0.00611606404365375,0.256597378736141,0.00089392071632761,-0.303649944250467,0,35,20,binary_longitudinal,4000,2,5103002,1,2,0.3335
0|0|0|0|0|1|0|0|1|0|0|1|0|1|0|0|0,0.000306694454112269,0.000169424693564757,0.0139564344285682,-2.05018009551304e-06,0.47897363729584,0,0,0,binary_longitudinal,4000,2,5103002,1,2,0.3335
1|0|0|1|0|1|0|0|1|0|0|1|0|1|0|0|0,0.000526306233635443,0.000298540257170918,0.104520315501419,5.69699557666741e-06,-0.103563484994747,0,1,1,binary_longitudinal,4000,2,5103002,1,2,0.3335
0|0|0|0|0|1|0|0|1|1|0|1|0|1|0|0|0,0.00154346894057606,0.000845175813366001,0.131205713311845,-0.000111516260280858,0.550665103751513,0,3,0,binary_longitudinal,4000,2,5103002,1,2,0.3335
1|0|0|1|0|1|0|0|1|1|0|1|0|1|0|0|0,0.0033392654821955,0.00187510245764571,0.228278282342798,4.60678661262191e-05,-0.0604341685941526,0,9,6,binary_longitudinal,4000,2,5103002,1,2,0.3335
0|0|0|0|0|1|0|1|1|0|1|0|1|0|0|0|0,0.0701196450238517,0.0383054990745351,0.0132411951991546,-0.000139076581704482,0.149791479756616,0,173,105,binary_longitudinal,4000,2,5103002,1,2,0.3335
0|0|0|0|0|1|0|1|1|0|0|0|0|1|0|0|0,0.000255972472562728,0.000133782286480538,0.0299999975972137,-3.02482056215836e-06,-0.244428331994774,-0.638327563181795,1,1,binary_longitudinal,4000,2,5103002,1,2,0.3335
1|0|0|1|0|1|0|1|1|0|0|0|0|1|0|0|0,0.000134606321209248,7.2518867293286e-05,0.134695886710943,-2.48936474950648e-05,0.693322657633333,-0.679671681671697,0,0,binary_longitudinal,4000,2,5103002,1,2,0.3335
0|0|0|0|0|1|0|1|1|1|0|0|0|1|0|0|0,0.0010305654561726,0.000533691013406915,0.163073487609883,-0.000231616361965225,0.587407190420245,-0.790786620321217,1,0,binary_longitudinal,4000,2,5103002,1,2,0.3335
1|0|0|1|0|1|0|1|1|1|0|0|0|1|0|0|0,0.00069276753925408,0.000369305668374393,0.276358328420262,-0.000163662563251767,0.00136901738680023,-0.853479694592254,2,2,binary_longitudinal,4000,2,5103002,1,2,0.3335
0|0|0|0|0|1|0|1|1|0|0|1|0|1|0|0|0,0.0011172716840298,0.000617205202628265,0.0241895637192033,-1.17356285303531e-05,-0.00218524789459377,-0.436414949846251,2,1,binary_longitudinal,4000,2,5103002,1,2,0.3335
1|0|0|1|0|1|0|1|1|0|0|1|0|1|0|0|0,0.00103857776737559,0.000589119516260705,0.118486884065447,-5.68543367759766e-05,0.00238040071545884,-0.459632707523292,4,3,binary_longitudinal,4000,2,5103002,1,2,0.3335
0|0|0|0|0|1|0|1|1|1|0|1|0|1|0|0|0,0.00621747459853129,0.00340457719151438,0.146193927467864,0.000330247787473611,-0.881054210265319,-0.517728138299926,19,10,binary_longitudinal,4000,2,5103002,1,2,0.3335
1|0|0|1|0|1|0|1|1|1|0|1|0|1|0|0|0,0.0073794676326703,0.00414380287159417,0.247992513306697,-0.00071785736504691,-0.16012464998678,-0.552385132542596,18,9,binary_longitudinal,4000,2,5103002,1,2,0.3335
1|0|0|1|0|1|0|0|0|0|1|0|1|0|0|0|0,0.0677168438749167,0.0275756271511143,-0.0307539958875799,0.00023925431013855,0.114884518895726,0,164,65,binary_longitudinal,4000,2,5103002,1,2,0.3335
1|0|0|1|0|1|0|1|0|0|1|0|1|0|0|0|0,0.0547623847574702,0.0223003172854196,-0.0124880231154812,-0.000321120404605899,2.09875136139109,2.56831218549017,159,65,binary_longitudinal,4000,2,5103002,1,2,0.3335
1|0|0|1|0|1|0|0|1|0|1|0|1|0|0|0|0,0.077092739759399,0.0313936758716915,-0.0300163503146404,0.000112210044159291,0.0484909137447905,0,193,83,binary_longitudinal,4000,2,5103002,1,2,0.3335
1|0|0|1|0|1|0|1|1|0|1|0|1|0|0|0|0,0.0594000062445497,0.0241888477259688,-0.0112022049625184,-0.000333444013837147,2.06720235799356,2.56831218549017,180,63,binary_longitudinal,4000,2,5103002,1,2,0.3335
0|0|0|0|0|1|0|0|0|0|0|0|0|1|0|1|0,0.0147984378296584,0.00597007798486643,-0.09818657001499,0.000618336556817756,0.425556239035497,0,45,16,binary_longitudinal,4000,2,5103002,1,2,0.3335
1|0|0|1|0|1|0|0|0|0|0|0|0|1|0|1|0,0.0180563206388479,0.00756877811799122,-0.00171827160539225,1.86861396339536e-05,0.602280106081236,0,40,19,binary_longitudinal,4000,2,5103002,1,2,0.3335
0|0|0|0|0|1|0|0|0|1|0|0|0|1|0|1|0,0.00230891165619347,0.000918772519290758,0.0276306226423987,-3.16280663894503e-05,0.49576361951111,0,8,4,binary_longitudinal,4000,2,5103002,1,2,0.3335
1|0|0|1|0|1|0|0|0|1|0|0|0|1|0|1|0,0.00355590490846276,0.00146792550265715,0.132462624089582,-0.000330793506954161,0.702285147234499,0,6,1,binary_longitudinal,4000,2,5103002,1,2,0.3335
0|0|0|0|0|1|0|0|0|0|0|1|0|1|0|1|0,0.00118305101741584,0.000513735623266811,-0.102116651087466,0.000175822566600629,1.4553738871696,0,1,0,binary_longitudinal,4000,2,5103002,1,2,0.3335
1|0|0|1|0|1|0|0|0|0|0|1|0|1|0|1|0,0.00255167228735678,0.00115113913461689,-0.0123254336897705,2.74511243728289e-05,0.872836764879007,0,3,1,binary_longitudinal,4000,2,5103002,1,2,0.3335
0|0|0|0|0|1|0|0|0|1|0|1|0|1|0|1|0,0.000255133699881773,0.000109358598585585,0.013253365673458,-5.16358858163312e-06,1.52706535362527,0,0,0,binary_longitudinal,4000,2,5103002,1,2,0.3335
1|0|0|1|0|1|0|0|0|1|0|1|0|1|0|1|0,0.000693760730200661,0.000308489119111484,0.110546225838403,-7.24383545089922e-05,0.944528231334682,0,1,1,binary_longitudinal,4000,2,5103002,1,2,0.3335
0|0|0|0|0|1|0|1|0|0|0|0|0|1|0|1|0,0.00189037697906581,0.000762627658116777,-0.0865463573336674,-0.000484322196861612,2.11294051506146,5.073250296982,7,4,binary_longitudinal,4000,2,5103002,1,2,0.3335
1|0|0|1|0|1|0|1|0|0|0|0|0|1|0|1|0,0.00124377708341457,0.000521361630694204,0.0129239246296675,5.2227970881277e-05,2.16717472415207,5.41629797513063,4,2,binary_longitudinal,4000,2,5103002,1,2,0.3335
0|0|0|0|0|1|0|1|0|1|0|0|0|1|0|1|0,0.000326139288516333,0.000129778813730731,0.0442882196457862,2.6165399763206e-05,2.25094339615177,4.06243377876373,2,1,binary_longitudinal,4000,2,5103002,1,2,0.3335
1|0|0|1|0|1|0|1|0|1|0|0|0|1|0|1|0,0.000274307073903501,0.000113237659529057,0.152949509916538,0.000111978157777875,1.74141437396276,4.41041220692192,0,0,binary_longitudinal,4000,2,5103002,1,2,0.3335
0|0|0|0|0|1|0|1|0|0|0|1|0|1|0|1|0,0.00553090444930101,0.00240177524270881,-0.0916012259012385,-0.000852175161298303,4.76314741903233,6.44516848176493,16,13,binary_longitudinal,4000,2,5103002,1,2,0.3335
1|0|0|1|0|1|0|1|0|0|0|1|0|1|0|1|0,0.00643277445169266,0.00290202564498509,0.00131199071019576,-7.21473697980939e-06,7.63637691876108,6.78152396060656,21,6,binary_longitudinal,4000,2,5103002,1,2,0.3335
0|0|0|0|0|1|0|1|0|1|0|1|0|1|0|1|0,0.00131893613004479,0.000565338906120325,0.0290264470676457,6.76645899863932e-05,3.16977097653576,4.93720743510318,4,2,binary_longitudinal,4000,2,5103002,1,2,0.3335
1|0|0|1|0|1|0|1|0|1|0|1|0|1|0|1|0,0.00195864945924502,0.000870937226665913,0.130323115800508,-0.00438860989349188,22.4738056254927,5.28091872858696,3,2,binary_longitudinal,4000,2,5103002,1,2,0.3335
0|0|0|0|0|1|0|0|1|0|0|0|0|1|0|1|0,0.00210543400314539,0.000849387302595954,-0.0936861892000459,0.000164914729589945,0.836069230464426,0,3,1,binary_longitudinal,4000,2,5103002,1,2,0.3335
1|0|0|1|0|1|0|0|1|0|0|0|0|1|0|1|0,0.00237470878175089,0.000995421172641769,0.00548343004850894,-7.01273929945906e-06,0.538548757555878,0,9,6,binary_longitudinal,4000,2,5103002,1,2,0.3335
0|0|0|0|0|1|0|0|1|1|0|0|0|1|0|1|0,0.0120224564165398,0.00478402997371419,0.0337820745880395,-0.000176025173382196,0.433406332924887,0,32,9,binary_longitudinal,4000,2,5103002,1,2,0.3335
1|0|0|1|0|1|0|0|1|1|0|0|0|1|0|1|0,0.0171155702562825,0.00706553822964255,0.141109609030108,-0.00147053231799817,0.608872853265024,0,41,12,binary_longitudinal,4000,2,5103002,1,2,0.3335
0|0|0|0|0|1|0|0|1|0|0|1|0|1|0|1|0,0.000168317485142319,7.30912588412044e-05,-0.0952720813189277,2.22752740740727e-05,1.38908291478242,0,0,0,binary_longitudinal,4000,2,5103002,1,2,0.3335
1|0|0|1|0|1|0|0|1|0|0|1|0|1|0|1|0,0.000335587670939985,0.000151394088899292,-0.00319305659982667,1.67878717689183e-06,1.56668984845118,0,1,0,binary_longitudinal,4000,2,5103002,1,2,0.3335
0|0|0|0|0|1|0|0|1|1|0|1|0|1|0|1|0,0.00132847602851815,0.0005694280167638,0.0218899942861226,-2.03745629402576e-05,0.700630325278748,0,3,1,binary_longitudinal,4000,2,5103002,1,2,0.3335
1|0|0|1|0|1|0|0|1|1|0|1|0|1|0|1|0,0.0033392654821955,0.00148484487841208,0.12117367851013,-0.00034885389692674,0.86215298934238,0,11,3,binary_longitudinal,4000,2,5103002,1,2,0.3335
0|0|0|0|0|1|0|1|1|0|0|0|0|1|0|1|0,0.000209572535228515,8.45470578180131e-05,-0.0817572750032565,-6.24952746039016e-05,1.42582500145115,5.073250296982,0,0,binary_longitudinal,4000,2,5103002,1,2,0.3335
1|0|0|1|0|1|0|1|1|0|0|0|0|1|0|1|0,0.000128041493458031,5.36719342364256e-05,0.0209492897148373,1.0227549286568e-05,1.60343193511991,5.41629797513063,0,0,binary_longitudinal,4000,2,5103002,1,2,0.3335
0|0|0|0|0|1|0|1|1|1|0|0|0|1|0|1|0,0.00132327223928601,0.00052656244587578,0.0507093073514993,7.90784946450059e-05,2.88395568687863,4.06243377876373,2,1,binary_longitudinal,4000,2,5103002,1,2,0.3335
1|0|0|1|0|1|0|1|1|1|0|0|0|1|0|1|0,0.0010334877247834,0.000426637670844948,0.162437476322087,0.000264657365012101,2.83391782273673,4.41041220692192,6,3,binary_longitudinal,4000,2,5103002,1,2,0.3335
0|0|0|0|0|1|0|1|1|0|0|1|0|1|0|1|0,0.00061317170087392,0.000266267592251527,-0.0840453030468238,-0.000246184054020529,1.66806808555133,6.44516848176493,1,0,binary_longitudinal,4000,2,5103002,1,2,0.3335
1|0|0|1|0|1|0|1|1|0|0|1|0|1|0|1|0,0.000662226422127165,0.000298751040353058,0.0117145191215256,4.07037708620207e-05,1.53461323888095,6.78152396060656,2,1,binary_longitudinal,4000,2,5103002,1,2,0.3335
0|0|0|0|0|1|0|1|1|1|0|1|0|1|0|1|0,0.00535142998017606,0.00229379687329478,0.0385225396220132,-0.00016214715157828,5.72375423055152,4.93720743510318,10,6,binary_longitudinal,4000,2,5103002,1,2,0.3335
1|0|0|1|0|1|0|1|1|1|0|1|0|1|0|1|0,0.0073794676326703,0.00328136974379586,0.142437669039818,0.000724440464289005,4.59170676084744,5.28091872858696,26,10,binary_longitudinal,4000,2,5103002,1,2,0.3335
0|0|0|0|0|1|0|0|0|0|0|0|0|1|0|0|1,0.0155571699618374,0.00681778912232467,-0.0899122408123565,-0.000591325920288999,-0.422744044974775,0,41,23,binary_longitudinal,4000,2,5103002,1,2,0.3335
1|0|0|1|0|1|0|0|0|0|0|0|0|1|0|0|1,0.0133764513277299,0.00607611017960799,0.00676805202646071,2.2277626292547e-05,-0.246073197320078,0,50,27,binary_longitudinal,4000,2,5103002,1,2,0.3335
0|0|0|0|0|1|0|0|0|1|0|0|0|1|0|0|1,0.00154770976767183,0.00067229647042492,0.0343937712638889,1.79047769955167e-05,-0.336356321398333,0,7,2,binary_longitudinal,4000,2,5103002,1,2,0.3335
1|0|0|1|0|1|0|0|0|1|0|0|0|1|0|0|1,0.00167969054348541,0.000757592678403671,0.14228373204077,4.01840376075347e-05,-0.168139226973389,0,8,5,binary_longitudinal,4000,2,5103002,1,2,0.3335
0|0|0|0|0|1|0|0|0|0|0|1|0|1|0|0|1,0.00250451902352297,0.0011695626175131,-0.0938059301430419,-3.83407005035819e-05,-0.163194461094668,0,6,4,binary_longitudinal,4000,2,5103002,1,2,0.3335
1|0|0|1|0|1|0|0|0|0|0|1|0|1|0|0|1,0.00380664773856564,0.00183502180688343,-0.00571230192187988,-2.75411594025145e-08,-0.00126656760315104,0,12,6,binary_longitudinal,4000,2,5103002,1,2,0.3335
0|0|0|0|0|1|0|0|0|1|0|1|0|1|0|0|1,0.000344394471894864,0.000159480113138475,0.0203728179930149,-4.77505273805781e-06,0.680567013715257,0,2,0,binary_longitudinal,4000,2,5103002,1,2,0.3335
1|0|0|1|0|1|0|0|0|1|0|1|0|1|0|0|1,0.000659925620129969,0.000315987873219904,0.118532206989474,-6.71284602829349e-05,0.858173947384018,0,0,0,binary_longitudinal,4000,2,5103002,1,2,0.3335
0|0|0|0|0|1|0|1|0|0|0|0|0|1|0|0|1,0.00198729867934651,0.000870915684028343,-0.0797330642413426,8.56572202719007e-05,-0.0328468737968372,-0.573429866020089,6,2,binary_longitudinal,4000,2,5103002,1,2,0.3335
1|0|0|1|0|1|0|1|0|0|0|0|0|1|0|0|1,0.00092141272585988,0.000418541891720673,0.0196301082487509,-1.23653955438897e-05,0.0630805116377329,-0.620565229297335,3,1,binary_longitudinal,4000,2,5103002,1,2,0.3335
0|0|0|0|0|1|0|1|0|1|0|0|0|1|0|0|1,0.000218617702892299,9.4963482880894e-05,0.0489865486352747,-1.53586728532172e-05,0.717309100383989,-0.716830807089494,0,0,binary_longitudinal,4000,2,5103002,1,2,0.3335
1|0|0|1|0|1|0|1|0|1|0|0|0|1|0|0|1,0.000129573486892272,5.84416727030717e-05,0.160390656056403,-3.50604037700206e-05,0.89491603405275,-0.792109684668437,0,0,binary_longitudinal,4000,2,5103002,1,2,0.3335
0|0|0|0|0|1|0|1|0|0|0|1|0|1|0|0|1,0.0117089248110534,0.00546784457281404,-0.084684675359081,0.000490999508128097,0.100628077317686,-0.394547495774881,35,22,binary_longitudinal,4000,2,5103002,1,2,0.3335
1|0|0|1|0|1|0|1|0|0|0|1|0|1|0|0|1,0.00959657180139088,0.00462609617077685,0.00628419743204741,-1.24702496813604e-05,-0.215900980598863,-0.42268130443532,23,12,binary_longitudinal,4000,2,5103002,1,2,0.3335
0|0|0|0|0|1|0|1|0|1|0|1|0|1|0|0|1,0.00178037755177117,0.000824446489583448,0.0342308046344602,-8.72001508675607e-05,0.959552184484169,-0.471277754067175,2,0,binary_longitudinal,4000,2,5103002,1,2,0.3335
1|0|0|1|0|1|0|1|0|1|0|1|0|1|0|0|1,0.00186312499791628,0.000892107970468636,0.136181145594116,-0.000323926523191292,0.761493127382229,-0.515202977734318,7,2,binary_longitudinal,4000,2,5103002,1,2,0.3335
0|0|0|0|0|1|0|0|1|0|0|0|0|1|0|0|1,0.00221338191283401,0.000969994617651372,-0.0829544340027549,-8.81844203283331e-05,-0.48028154971401,0,9,3,binary_longitudinal,4000,2,5103002,1,2,0.3335
1|0|0|1|0|1|0|0|1|0|0|0|0|1|0|0|1,0.00175922753433395,0.000799110322141563,0.0165713356338115,8.82232007875499e-06,-0.3026239411595,0,8,4,binary_longitudinal,4000,2,5103002,1,2,0.3335
0|0|0|0|0|1|0|0|1|1|0|0|0|1|0|0|1,0.00805889353859645,0.00350063415938677,0.0438258511373634,0.00014740043438507,-0.417342857749859,0,36,19,binary_longitudinal,4000,2,5103002,1,2,0.3335
1|0|0|1|0|1|0|0|1|1|0|0|0|1|0|0|1,0.00808482292015682,0.0036465065986449,0.154504547382977,0.00028748061311142,-0.230142477601618,0,20,7,binary_longitudinal,4000,2,5103002,1,2,0.3335
0|0|0|0|0|1|0|0|1|0|0|1|0|1|0|0|1,0.000356328118842492,0.000166398435568968,-0.0848335336350117,-6.57651275485188e-06,-0.217559481086938,0,2,1,binary_longitudinal,4000,2,5103002,1,2,0.3335
1|0|0|1|0|1|0|0|1|0|0|1|0|1|0|0|1,0.000500637975732181,0.000241336121941425,0.00561447881858236,4.04195752483041e-08,-0.0143799874780144,0,2,1,binary_longitudinal,4000,2,5103002,1,2,0.3335
0|0|0|0|0|1|0|0|1|1|0|1|0|1|0|0|1,0.00179325506774882,0.000830409731948398,0.0318962010676154,9.60256012160843e-06,-0.167882724182068,0,6,4,binary_longitudinal,4000,2,5103002,1,2,0.3335
1|0|0|1|0|1|0|0|1|1|0|1|0|1|0|0|1,0.00317640758288393,0.00152093849060958,0.132207311840233,-1.00855572624178e-05,0.0240164161630022,0,7,2,binary_longitudinal,4000,2,5103002,1,2,0.3335
0|0|0|0|0|1|0|1|1|0|0|0|0|1|0|0|1,0.000220317548879984,9.65521744569139e-05,-0.0725829759175942,1.84340793146754e-05,0.579326661541136,-0.573429866020089,0,0,binary_longitudinal,4000,2,5103002,1,2,0.3335
1|0|0|1|0|1|0|1|1|0|0|0|0|1|0|0|1,9.48554713570082e-05,4.30870849811289e-05,0.0301124503394299,-3.93459214123966e-06,0.756933595209897,-0.620565229297335,0,0,binary_longitudinal,4000,2,5103002,1,2,0.3335
0|0|0|0|0|1|0|1|1|1|0|0|0|1|0|0|1,0.000887015908355885,0.000385303289321141,0.0586103575059888,-7.11121674680625e-05,0.651018127996809,-0.716830807089494,0,0,binary_longitudinal,4000,2,5103002,1,2,0.3335
1|0|0|1|0|1|0|1|1|1|0|0|0|1|0|0|1,0.000488185033856091,0.000220186634252392,0.17334457802141,-7.28268233908815e-05,0.0684810057062301,-0.792109684668437,1,1,binary_longitudinal,4000,2,5103002,1,2,0.3335
0|0|0|0|0|1|0|1|1|0|0|1|0|1|0|0|1,0.00129808450093651,0.000606180704721871,-0.0750827955333203,0.000118527423608731,0.821569745641316,-0.394547495774881,2,0,binary_longitudinal,4000,2,5103002,1,2,0.3335
1|0|0|1|0|1|0|1|1|0|0|1|0|1|0|0|1,0.000987925731959918,0.000476236674951914,0.0187652147937657,-2.635931124504e-05,0.999176679310077,-0.42268130443532,0,0,binary_longitudinal,4000,2,5103002,1,2,0.3335
0|0|0|0|0|1|0|1|1|1|0|1|0|1|0|0|1,0.00722367489186694,0.00334509576385473,0.0465562605816549,-0.000156473584287534,-0.00600807764205051,-0.471277754067175,25,7,binary_longitudinal,4000,2,5103002,1,2,0.3335
1|0|0|1|0|1|0|1|1|1|0|1|0|1|0|0|1,0.00701956674934661,0.00336113328592145,0.151271431724582,-4.96854189697273e-05,-0.468412041946957,-0.515202977734318,23,6,binary_longitudinal,4000,2,5103002,1,2,0.3335
0|0|0|0|0|1|0|0|0|0|0|0|0|1|0|1|1,0.0127371334786173,0.00415903351487802,-0.207454867960227,0.00129975071286412,0.491886308424997,0,29,10,binary_longitudinal,4000,2,5103002,1,2,0.3335
1|0|0|1|0|1|0|0|0|0|0|0|0|1|0|1|1,0.0127240740983383,0.00436993278589122,-0.112818660160563,0.000963043987810354,0.670870966319134,0,32,12,binary_longitudinal,4000,2,5103002,1,2,0.3335
0|0|0|0|0|1|0|0|0|1|0|0|0|1|0|1|1,0.00198729867934651,0.00064351834084725,-0.0834934758264868,0.000102063325027695,0.615111756533746,0,4,1,binary_longitudinal,4000,2,5103002,1,2,0.3335
1|0|0|1|0|1|0|0|0|1|0|0|0|1|0|1|1,0.00250580383716602,0.000854995192729968,0.0228524202880941,-4.38580301875907e-05,0.765896084811072,0,11,1,binary_longitudinal,4000,2,5103002,1,2,0.3335
0|0|0|0|0|1|0|0|0|0|0|1|0|1|0|1|1,0.00137450918292826,0.000489024210768986,-0.207859667329793,0.000227165245439197,0.79510414007565,0,2,1,binary_longitudinal,4000,2,5103002,1,2,0.3335
1|0|0|1|0|1|0|0|0|0|0|1|0|1|0|1|1,0.00242722576141681,0.000908086695671506,-0.118221508237673,0.000263878201517342,0.919595520176316,0,6,3,binary_longitudinal,4000,2,5103002,1,2,0.3335
0|0|0|0|0|1|0|0|0|1|0|1|0|1|0|1|1,0.000296423068996605,0.000104641218689834,-0.0929631135910017,4.38333303388652e-05,1.59067629120183,0,1,0,binary_longitudinal,4000,2,5103002,1,2,0.3335
1|0|0|1|0|1|0|0|0|1|0|1|0|1|0|1|1,0.000659925620129969,0.00024539714495916,0.00738871979965856,-8.62215872252248e-06,1.76828322487059,0,0,0,binary_longitudinal,4000,2,5103002,1,2,0.3335
0|0|0|0|0|1|0|1|0|0|0|0|0|1|0|1|1,0.00162706254433225,0.00053128183543344,-0.196581724744091,-0.00042893029692918,3.73221770016118,5.07325029698199,4,1,binary_longitudinal,4000,2,5103002,1,2,0.3335
1|0|0|1|0|1|0|1|0|0|0|0|0|1|0|1|1,0.000876474896947328,0.000301014938971548,-0.0993103654429303,-0.000109565235511423,4.15755020397731,5.41629797513062,5,1,binary_longitudinal,4000,2,5103002,1,2,0.3335
0|0|0|0|0|1|0|1|0|1|0|0|0|1|0|1|1,0.000280710687051601,9.08985033135226e-05,-0.0675434241577094,-4.61682840411616e-05,1.62741837787057,4.06243377876374,0,0,binary_longitudinal,4000,2,5103002,1,2,0.3335
1|0|0|1|0|1|0|1|0|1|0|0|0|1|0|1|1,0.000193300927905388,6.59554278184302e-05,0.0422719053853574,2.12891335834879e-05,1.80502531153933,4.41041220692192,0,0,binary_longitudinal,4000,2,5103002,1,2,0.3335
0|0|0|0|0|1|0|1|0|0|0|1|0|1|0|1|1,0.00642599418245614,0.00228624644528529,-0.197888078498511,-0.000864063754590745,5.76567416551262,6.44516848176493,15,6,binary_longitudinal,4000,2,5103002,1,2,0.3335
1|0|0|1|0|1|0|1|0|0|0|1|0|1|0|1|1,0.0061190443396265,0.00228928962578057,-0.105451827298214,-0.00110641254686406,5.06685856921459,6.78152396060657,18,10,binary_longitudinal,4000,2,5103002,1,2,0.3335
0|0|0|0|0|1|0|1|0|1|0|1|0|1|0|1|1,0.00153238515985756,0.000540951995310283,-0.0777322716076519,-0.00022172364065251,3.07579460071954,4.93720743510318,6,1,binary_longitudinal,4000,2,5103002,1,2,0.3335
1|0|0|1|0|1|0|1|0|1|0|1|0|1|0|1|1,0.00186312499791628,0.000692813767558609,0.0263053067945548,0.000158481444264051,2.04726839563951,5.28091872858696,5,0,binary_longitudinal,4000,2,5103002,1,2,0.3335
0|0|0|0|0|1|0|0|1|0|0|0|0|1|0|1|1,0.00181216384034378,0.000591722632026464,-0.203828090280352,0.000160960510134697,0.435770517245389,0,5,2,binary_longitudinal,4000,2,5103002,1,2,0.3335
1|0|0|1|0|1|0|0|1|0|0|0|0|1|0|1|1,0.00167342899505029,0.000574719399919737,-0.106704381174553,0.000109526030351115,0.613377450914148,0,8,2,binary_longitudinal,4000,2,5103002,1,2,0.3335
0|0|0|0|0|1|0|0|1|1|0|0|0|1|0|1|1,0.0103478241339385,0.00335078701921188,-0.0785457508115428,0.000405269281756713,0.498622592263331,0,32,7,binary_longitudinal,4000,2,5103002,1,2,0.3335
1|0|0|1|0|1|0|0|1|1|0|0|0|1|0|1|1,0.0120611385083462,0.00411533228999642,0.030232812037345,-0.000245222539199698,0.672501931852804,0,28,8,binary_longitudinal,4000,2,5103002,1,2,0.3335
0|0|0|0|0|1|0|0|1|0|0|1|0|1|0|1|1,0.000195557017888255,6.95754655704849e-05,-0.20183969259454,5.73395236441813e-05,1.45269385235898,0,0,0,binary_longitudinal,4000,2,5103002,1,2,0.3335
1|0|0|1|0|1|0|0|1|0|0|1|0|1|0|1|1,0.000319220867097777,0.00011942861970244,-0.109993631542692,2.95852293670152e-05,0.842589662819231,0,4,2,binary_longitudinal,4000,2,5103002,1,2,0.3335
0|0|0|0|0|1|0|0|1|1|0|1|0|1|0|1|1,0.00154346894057606,0.000544864714809481,-0.085364915496404,0.000200850106695056,1.52438531881465,0,2,0,binary_longitudinal,4000,2,5103002,1,2,0.3335
1|0|0|1|0|1|0|0|1|1|0|1|0|1|0|1|1,0.00317640758288393,0.0011811654651517,0.0170538382262608,-4.99632284065369e-05,0.922342306999405,0,8,3,binary_longitudinal,4000,2,5103002,1,2,0.3335
0|0|0|0|0|1|0|1|1|0|0|0|0|1|0|1|1,0.000180380752710804,5.88994059944953e-05,-0.192655566258647,-0.000124542408790659,1.48943593902771,5.07325029698199,0,0,binary_longitudinal,4000,2,5103002,1,2,0.3335
1|0|0|1|0|1|0|1|1|0|0|0|0|1|0|1|1,9.02293154296708e-05,3.09881914155257e-05,-0.0924442057123503,-3.12732019155046e-05,1.66704287269647,5.41629797513062,0,0,binary_longitudinal,4000,2,5103002,1,2,0.3335
0|0|0|0|0|1|0|1|1|1|0|0|0|1|0|1|1,0.00113895097133532,0.000368810107407248,-0.0623186225050571,-0.000116186133307247,2.42549881829257,4.06243377876374,6,2,binary_longitudinal,4000,2,5103002,1,2,0.3335
1|0|0|1|0|1|0|1|1|1|0|0|0|1|0|1|1,0.000728286490525357,0.000248495687928066,0.0504131762791744,9.80912813702012e-05,1.73873433915215,4.41041220692192,2,0,binary_longitudinal,4000,2,5103002,1,2,0.3335
0|0|0|0|0|1|0|1|1|0|0|1|0|1|0|1|1,0.000712403878747265,0.000253459743216084,-0.191195395291988,-0.000642016580446454,1.73167902312789,6.44516848176493,0,0,binary_longitudinal,4000,2,5103002,1,2,0.3335
1|0|0|1|0|1|0|1|1|0|0|1|0|1|0|1|1,0.00062992925840919,0.000235672506393348,-0.0960614343407969,-0.000294828418308488,1.90928595679665,6.78152396060657,0,0,binary_longitudinal,4000,2,5103002,1,2,0.3335
0|0|0|0|0|1|0|1|1|1|0|1|0|1|0|1|1,0.00621747459853129,0.00219484981842237,-0.0693090782335537,-0.000146236298520083,4.5978549427862,4.93720743510318,21,8,binary_longitudinal,4000,2,5103002,1,2,0.3335
1|0|0|1|0|1|0|1|1|1|0|1|0|1|0|1|1,0.00701956674934661,0.00261026634910864,0.037366637422689,0.000211659930893755,4.47397300592236,5.28091872858696,24,14,binary_longitudinal,4000,2,5103002,1,2,0.3335
0|0|0|0|0|1|0|0|0,0.14774860007019,0.0772198093951091,0.0738526250556618,0.00101570901522315,-0.380438430277222,-0.287353367522815,395,197,binary_longitudinal,4000,2,5103002,2,1,0.33325
1|0|0|1|0|1|0|0|0,0.156475508795044,0.0887586649201277,0.0115978005322118,-1.72406217104535e-05,-0.169462783199829,-0.178962943103262,399,218,binary_longitudinal,4000,2,5103002,2,1,0.33325
0|0|0|0|0|1|0|1|0,0.120966322601684,0.0488009874952616,0.0222243113226238,0.000354975933409278,2.15176462323728,2.28380480682567,375,153,binary_longitudinal,4000,2,5103002,2,1,0.33325
1|0|0|1|0|1|0|1|0,0.0997731894470607,0.0450108046895905,-0.0387033230267847,-0.000703808530861844,2.45819892344481,2.64045936429348,272,131,binary_longitudinal,4000,2,5103002,2,1,0.33325
0|0|0|0|0|1|0|0|1,0.127168398586049,0.0557304012690114,-0.0110793446969372,2.97160778467051e-05,-0.237047580141105,-0.258138630607905,344,151,binary_longitudinal,4000,2,5103002,2,1,0.33325
1|0|0|1|0|1|0|0|1,0.148844108179566,0.0717513684201675,-0.0738867492472001,0.000451531791918372,-0.12351824105901,-0.164575516490278,357,201,binary_longitudinal,4000,2,5103002,2,1,0.33325
0|0|0|0|0|1|0|1|1,0.104116678742077,0.0339970337182249,-0.0725894913188294,4.08528550520237e-05,2.28921021325878,2.28380480682567,264,89,binary_longitudinal,4000,2,5103002,2,1,0.33325
1|0|0|1|0|1|0|1|1,0.0949071935783283,0.0355071873337786,-0.13280023491206,-0.00245014239907043,2.4460606666706,2.64045936429348,261,104,binary_longitudinal,4000,2,5103002,2,1,0.33325
0|0|0|0|0|1|0|0|0|0|1|0|1|0|0|0|0,0.0705287906750812,0.0385290103082156,0.000577810160568458,1.43708838095683e-05,-0.352640238318468,0,198,114,binary_longitudinal,4000,2,5103002,2,2,0.33325
0|0|0|0|0|1|0|0|0|0|0|0|0|1|0|0|0,0.0180748527816066,0.00944669990766242,0.0241434401646675,0.000476745211752771,-1.09247729302434,0,51,24,binary_longitudinal,4000,2,5103002,2,2,0.33325
1|0|0|1|0|1|0|0|0|0|0|0|0|1|0|0|0,0.0189820879945186,0.0102265592570805,0.0340211714460121,0.000420490163841607,-0.651122338652347,0,54,23,binary_longitudinal,4000,2,5103002,2,2,0.33325
0|0|0|0|0|1|0|0|0|1|0|0|0|1|0|0|0,0.00179818220588617,0.000931210800829468,0.117673868306599,0.000252995746121076,-1.19563740406003,0,4,2,binary_longitudinal,4000,2,5103002,2,2,0.33325
1|0|0|1|0|1|0|0|0|1|0|0|0|1|0|0|0,0.00238359434193912,0.00127066418633163,0.119359906716059,0.000238723759847742,-0.839082820414962,0,4,2,binary_longitudinal,4000,2,5103002,2,2,0.33325
0|0|0|0|0|1|0|0|0|0|0|1|0|1|0|0|0,0.00215565950065452,0.00119083323950375,0.038535603895333,2.2332173811144e-05,-0.268836769200919,0,9,6,binary_longitudinal,4000,2,5103002,2,2,0.33325
1|0|0|1|0|1|0|0|0|0|0|1|0|1|0|0|0,0.00400181874163921,0.00226997880687825,0.0486710069211788,-2.06974743904873e-05,0.106264843982952,0,11,9,binary_longitudinal,4000,2,5103002,2,2,0.33325
0|0|0|0|0|1|0|0|0|1|0|1|0|1|0|0|0,0.000296423068996605,0.000162315937725412,0.12683267216627,1.39322195382246e-05,-0.370575896062015,0,0,0,binary_longitudinal,4000,2,5103002,2,2,0.33325
1|0|0|1|0|1|0|0|0|1|0|1|0|1|0|0|0,0.000693760730200661,0.000389568441668807,0.129108954082219,6.25298969989946e-06,-0.0698106428323973,0,0,0,binary_longitudinal,4000,2,5103002,2,2,0.33325
0|0|0|0|0|1|0|1|0|0|1|0|1|0|0|0|0,0.0721653351064229,0.0394230343891828,0.0324578892027384,-0.0016464493792239,0.70290960302727,0,222,113,binary_longitudinal,4000,2,5103002,2,2,0.33325
0|0|0|0|0|1|0|1|0|0|0|0|0|1|0|0|0,0.00230891165619347,0.00120673710557463,0.056821556698029,-8.45222316553559e-05,0.00591662806569633,-0.638327563181795,8,3,binary_longitudinal,4000,2,5103002,2,2,0.33325
1|0|0|1|0|1|0|1|0|0|0|0|0|1|0|0|0,0.00130754689812861,0.00070443809126716,0.0660431464905645,-0.000100311729948555,0.481955295265195,-0.679671681671697,1,0,binary_longitudinal,4000,2,5103002,2,2,0.33325
0|0|0|0|0|1|0|1|0|1|0|0|0|1|0|0|0,0.000253997533286871,0.000131535750718996,0.156620243937702,-2.64494312456315e-05,-0.125913244185229,-0.790786620321217,0,0,binary_longitudinal,4000,2,5103002,2,2,0.33325
1|0|0|1|0|1|0|1|0|1|0|0|0|1|0|0|0,0.000183873530406896,9.80206681109709e-05,0.156998439175583,-3.21825109563047e-05,0.261341909401951,-0.853479694592254,0,0,binary_longitudinal,4000,2,5103002,2,2,0.33325
0|0|0|0|0|1|0|1|0|0|0|1|0|1|0|0|0,0.0100779649802349,0.0055672872646977,0.0687041732729077,-0.000857215910796284,0.80162386383163,-0.436414949846251,28,15,binary_longitudinal,4000,2,5103002,2,2,0.33325
1|0|0|1|0|1|0|1|0|0|0|1|0|1|0|0|0,0.0100885985590994,0.0057226242363185,0.0783739279774069,-0.0013139555193676,1.2021652044079,-0.459632707523292,36,17,binary_longitudinal,4000,2,5103002,2,2,0.33325
0|0|0|0|0|1|0|1|0|1|0|1|0|1|0|0|0,0.00153238515985756,0.000839106534524254,0.163179991891555,-0.000298363744868191,0.675466257251901,-0.517728138299926,1,0,binary_longitudinal,4000,2,5103002,2,2,0.33325
1|0|0|1|0|1|0|1|0|1|0|1|0|1|0|0|0,0.00195864945924502,0.00109984319434287,0.164410646042708,-0.000499286459059752,0.998084037504309,-0.552385132542596,5,3,binary_longitudinal,4000,2,5103002,2,2,0.33325
0|0|0|0|0|1|0|0|1|0|1|0|1|0|0|0|0,0.0714379973170373,0.0390256987065976,-0.000842440809074495,-2.41640571964873e-05,-0.401514457190116,0,193,93,binary_longitudinal,4000,2,5103002,2,2,0.33325
0|0|0|0|0|1|0|0|1|0|0|0|0|1|0|0|0,0.00257158289856599,0.00134402045891907,0.0235709347201625,7.13135600134563e-05,-1.17650772511329,0,6,4,binary_longitudinal,4000,2,5103002,2,2,0.33325
1|0|0|1|0|1|0|0|1|0|0|0|0|1|0|0|0,0.00249646270456503,0.00134496393593254,0.0353906622613469,6.56185118629037e-05,-0.742698599496127,0,12,9,binary_longitudinal,4000,2,5103002,2,2,0.33325
0|0|0|0|0|1|0|0|1|1|0|0|0|1|0|0|0,0.00936309847164306,0.00484879585477104,0.11804846388744,0.00140601949530138,-1.2720711743143,0,27,19,binary_longitudinal,4000,2,5103002,2,2,0.33325
1|0|0|1|0|1|0|0|1|1|0|0|0|1|0|0|0,0.0114729098421175,0.00611606404365375,0.12187204365955,0.00129812808984935,-0.928410135451803,0,26,13,binary_longitudinal,4000,2,5103002,2,2,0.33325
0|0|0|0|0|1|0|0|1|0|0|1|0|1|0|0|0,0.000306694454112269,0.000169424693564757,0.0397921283795912,4.18651715729997e-06,-0.343043965082418,0,1,0,binary_longitudinal,4000,2,5103002,2,2,0.33325
1|0|0|1|0|1|0|0|1|0|0|1|0|1|0|0|0,0.000526306233635443,0.000298540257170918,0.0517203317227404,-6.75932839953161e-07,0.0248315444028428,0,3,2,binary_longitudinal,4000,2,5103002,2,2,0.33325
0|0|0|0|0|1|0|0|1|1|0|1|0|1|0|0|0,0.00154346894057606,0.000845175813366001,0.129249322618846,8.66168057952226e-05,-0.4341861779104,0,0,0,binary_longitudinal,4000,2,5103002,2,2,0.33325
1|0|0|1|0|1|0|0|1|1|0|1|0|1|0|0|0,0.0033392654821955,0.00187510245764571,0.133446156111341,6.50442969359107e-05,-0.145966168072088,0,12,6,binary_longitudinal,4000,2,5103002,2,2,0.33325
0|0|0|0|0|1|0|1|1|0|1|0|1|0|0|0|0,0.0701196450238517,0.0383054990745351,0.0305631987090291,-0.00139325560988754,0.650118143529668,0,175,102,binary_longitudinal,4000,2,5103002,2,2,0.33325
0|0|0|0|0|1|0|1|1|0|0|0|0|1|0|0|0,0.000255972472562728,0.000133782286480538,0.0559026269011838,-7.98923970178589e-06,-0.08001169433511,-0.638327563181795,1,0,binary_longitudinal,4000,2,5103002,2,2,0.33325
1|0|0|1|0|1|0|1|1|0|0|0|0|1|0|0|0,0.000134606321209248,7.2518867293286e-05,0.0673632891973734,-9.79252332793441e-06,0.400283854268706,-0.679671681671697,0,0,binary_longitudinal,4000,2,5103002,2,2,0.33325
0|0|0|0|0|1|0|1|1|1|0|0|0|1|0|0|0,0.0010305654561726,0.000533691013406915,0.156500549936377,-9.51115892039052e-05,-0.201071872139755,-0.790786620321217,1,1,binary_longitudinal,4000,2,5103002,2,2,0.33325
1|0|0|1|0|1|0|1|1|1|0|0|0|1|0|0|0,0.00069276753925408,0.000369305668374393,0.159292173567138,-0.000114445877678806,0.183614458565841,-0.853479694592254,2,2,binary_longitudinal,4000,2,5103002,2,2,0.33325
0|0|0|0|0|1|0|1|1|0|0|1|0|1|0|0|0,0.0011172716840298,0.000617205202628265,0.0698517899833318,-9.07369077741988e-05,0.726231428337612,-0.436414949846251,2,1,binary_longitudinal,4000,2,5103002,2,2,0.33325
1|0|0|1|0|1|0|1|1|0|0|1|0|1|0|0|0,0.00103857776737559,0.000589119516260705,0.0815873862450384,-0.000134680720362853,1.12980454988623,-0.459632707523292,3,2,binary_longitudinal,4000,2,5103002,2,2,0.33325
0|0|0|0|0|1|0|1|1|1|0|1|0|1|0|0|0,0.00621747459853129,0.00340457719151438,0.165349775436804,-0.00116330478628352,0.613827429443448,-0.517728138299926,12,4,binary_longitudinal,4000,2,5103002,2,2,0.33325
1|0|0|1|0|1|0|1|1|1|0|1|0|1|0|0|0,0.0073794676326703,0.00414380287159417,0.168767995127514,-0.00184969723890414,0.932816865552518,-0.552385132542596,22,13,binary_longitudinal,4000,2,5103002,2,2,0.33325
1|0|0|1|0|1|0|0|0|0|1|0|1|0|0|0|0,0.0677168438749167,0.0275756271511143,-0.0456687778394877,0.00109821423505752,0.355116597457619,0,181,78,binary_longitudinal,4000,2,5103002,2,2,0.33325
1|0|0|1|0|1|0|1|0|0|1|0|1|0|0|0|0,0.0547623847574702,0.0223003172854196,-0.00767934011558975,-0.000465496349406296,1.46140801333301,2.56831218549017,141,62,binary_longitudinal,4000,2,5103002,2,2,0.33325
1|0|0|1|0|1|0|0|1|0|1|0|1|0|0|0|0,0.077092739759399,0.0313936758716915,-0.048515946946493,0.00116981973359897,0.312767018816419,0,156,68,binary_longitudinal,4000,2,5103002,2,2,0.33325
1|0|0|1|0|1|0|1|1|0|1|0|1|0|0|0|0,0.0594000062445497,0.0241888477259688,-0.0107155663483392,-0.000725452245074609,1.42856846332962,2.56831218549017,157,59,binary_longitudinal,4000,2,5103002,2,2,0.33325
0|0|0|0|0|1|0|0|0|0|0|0|0|1|0|1|0,0.0147984378296584,0.00597007798486643,-0.0212122995534012,0.000472217462109457,1.50431372885049,0,36,9,binary_longitudinal,4000,2,5103002,2,2,0.33325
1|0|0|1|0|1|0|0|0|0|0|0|0|1|0|1|0,0.0180563206388479,0.00756877811799122,-0.0197904364394067,0.000657038242300734,1.83867943202848,0,42,21,binary_longitudinal,4000,2,5103002,2,2,0.33325
0|0|0|0|0|1|0|0|0|1|0|0|0|1|0|1|0,0.00230891165619347,0.000918772519290758,0.0817894462615879,-0.000258850633434926,1.37070705462496,0,3,2,binary_longitudinal,4000,2,5103002,2,2,0.33325
1|0|0|1|0|1|0|0|0|1|0|0|0|1|0|1|0,0.00355590490846276,0.00146792550265715,0.0736326685197915,-0.000428314735081873,1.63584570031335,0,4,1,binary_longitudinal,4000,2,5103002,2,2,0.33325
0|0|0|0|0|1|0|0|0|0|0|1|0|1|0|1|0,0.00118305101741584,0.000513735623266811,-0.0102143817334179,2.80507651876021e-05,2.32128868796654,0,1,0,binary_longitudinal,4000,2,5103002,2,2,0.33325
1|0|0|1|0|1|0|0|0|0|0|1|0|1|0|1|0,0.00255167228735678,0.00115113913461689,-0.00697532934332696,4.61338867058845e-05,2.59197274152477,0,9,4,binary_longitudinal,4000,2,5103002,2,2,0.33325
0|0|0|0|0|1|0|0|0|1|0|1|0|1|0|1|0,0.000255133699881773,0.000109358598585585,0.087622094941407,-4.89905241321532e-05,2.1914452568891,0,0,0,binary_longitudinal,4000,2,5103002,2,2,0.33325
1|0|0|1|0|1|0|0|0|1|0|1|0|1|0|1|0,0.000693760730200661,0.000308489119111484,0.0814772316974272,-0.00013575664154406,2.40167981149501,0,1,1,binary_longitudinal,4000,2,5103002,2,2,0.33325
0|0|0|0|0|1|0|1|0|0|0|0|0|1|0|1|0,0.00189037697906581,0.000762627658116777,0.0162437617040644,7.69514061022333e-05,2.56724762148061,5.073250296982,8,4,binary_longitudinal,4000,2,5103002,2,2,0.33325
1|0|0|1|0|1|0|1|0|0|0|0|0|1|0|1|0,0.00124377708341457,0.000521361630694204,0.0165903910959523,5.13609989694214e-05,2.9272441545033,5.41629797513063,3,1,binary_longitudinal,4000,2,5103002,2,2,0.33325
0|0|0|0|0|1|0|1|0|1|0|0|0|1|0|1|0,0.000326139288516333,0.000129778813730731,0.1272966404529,6.85995756132892e-05,2.41008635592705,4.06243377876373,2,1,binary_longitudinal,4000,2,5103002,2,2,0.33325
1|0|0|1|0|1|0|1|0|1|0|0|0|1|0|1|0,0.000274307073903501,0.000113237659529057,0.117318053379909,5.51344309662986e-05,2.69716102168463,4.41041220692192,1,1,binary_longitudinal,4000,2,5103002,2,2,0.33325
0|0|0|0|0|1|0|1|0|0|0|1|0|1|0|1|0,0.00553090444930101,0.00240177524270881,0.0248149538473334,0.000422449991167701,3.36718930212679,6.44516848176493,19,13,binary_longitudinal,4000,2,5103002,2,2,0.33325
1|0|0|1|0|1|0|1|0|0|0|1|0|1|0|1|0,0.00643277445169266,0.00290202564498509,0.0270664853893138,0.00054448317344938,3.65433393032374,6.78152396060656,19,7,binary_longitudinal,4000,2,5103002,2,2,0.33325
0|0|0|0|0|1|0|1|0|1|0|1|0|1|0|1|0,0.00131893613004479,0.000565338906120325,0.130505148033783,0.000296065594188969,3.21717541378869,4.93720743510318,3,2,binary_longitudinal,4000,2,5103002,2,2,0.33325
1|0|0|1|0|1|0|1|0|1|0|1|0|1|0|1|0,0.00195864945924502,0.000870937226665913,0.122665597615176,0.000442164418790432,3.44055232824084,5.28091872858696,3,1,binary_longitudinal,4000,2,5103002,2,2,0.33325
0|0|0|0|0|1|0|0|1|0|0|0|0|1|0|1|0,0.00210543400314539,0.000849387302595954,-0.0255161178078915,7.57971732669271e-05,1.41090177037667,0,4,2,binary_longitudinal,4000,2,5103002,2,2,0.33325
1|0|0|1|0|1|0|0|1|0|0|0|0|1|0|1|0,0.00237470878175089,0.000995421172641769,-0.0219650281393212,9.08055850155911e-05,1.74088642370012,0,3,2,binary_longitudinal,4000,2,5103002,2,2,0.33325
0|0|0|0|0|1|0|0|1|1|0|0|0|1|0|1|0,0.0120224564165398,0.00478402997371419,0.077736788405944,-0.00120609828565803,1.29051451747389,0,33,12,binary_longitudinal,4000,2,5103002,2,2,0.33325
1|0|0|1|0|1|0|0|1|1|0|0|0|1|0|1|0,0.0171155702562825,0.00706553822964255,0.0718753334656492,-0.00190130112054938,1.54553789509786,0,44,14,binary_longitudinal,4000,2,5103002,2,2,0.33325
0|0|0|0|0|1|0|0|1|0|0|1|0|1|0|1|0,0.000168317485142319,7.30912588412044e-05,-0.0124776729031803,4.69896355483515e-06,2.23737739730147,0,0,0,binary_longitudinal,4000,2,5103002,2,2,0.33325
1|0|0|1|0|1|0|0|1|0|0|1|0|1|0|1|0,0.000335587670939985,0.000151394088899292,-0.0072195703119768,6.06605658942433e-06,2.50373932165424,0,1,1,binary_longitudinal,4000,2,5103002,2,2,0.33325
0|0|0|0|0|1|0|0|1|1|0|1|0|1|0|1|0,0.00132847602851815,0.0005694280167638,0.085739368261259,-0.000241914078423211,2.1238661429261,0,4,1,binary_longitudinal,4000,2,5103002,2,2,0.33325
1|0|0|1|0|1|0|0|1|1|0|1|0|1|0|1|0,0.0033392654821955,0.00148484487841208,0.081766305690817,-0.000634536846657788,2.32397537331632,0,8,3,binary_longitudinal,4000,2,5103002,2,2,0.33325
0|0|0|0|0|1|0|1|1|0|0|0|0|1|0|1|0,0.000209572535228515,8.45470578180131e-05,0.0116351715359418,6.34026468789345e-06,2.47308934934313,5.073250296982,1,1,binary_longitudinal,4000,2,5103002,2,2,0.33325
1|0|0|1|0|1|0|1|1|0|0|0|0|1|0|1|0,0.000128041493458031,5.36719342364256e-05,0.0143756205458212,4.7443298421756e-06,2.83880468577538,5.41629797513063,0,0,binary_longitudinal,4000,2,5103002,2,2,0.33325
0|0|0|0|0|1|0|1|1|1|0|0|0|1|0|1|0,0.00132327223928601,0.00052656244587578,0.122677325194804,0.000280872741373389,2.33223463307613,4.06243377876373,4,0,binary_longitudinal,4000,2,5103002,2,2,0.33325
1|0|0|1|0|1|0|1|1|1|0|0|0|1|0|1|0,0.0010334877247834,0.000426637670844948,0.115235969004807,0.000213471188933486,2.6179670020776,4.41041220692192,3,1,binary_longitudinal,4000,2,5103002,2,2,0.33325
0|0|0|0|0|1|0|1|1|0|0|1|0|1|0|1|0,0.00061317170087392,0.000266267592251527,0.0224017235404525,4.34360164215231e-05,3.28298946664426,6.44516848176493,1,0,binary_longitudinal,4000,2,5103002,2,2,0.33325
1|0|0|1|0|1|0|1|1|0|0|1|0|1|0|1|0,0.000662226422127165,0.000298751040353058,0.026928611493194,5.71884364961503e-05,3.57460667904482,6.78152396060656,2,1,binary_longitudinal,4000,2,5103002,2,2,0.33325
0|0|0|0|0|1|0|1|1|1|0|1|0|1|0|1|0,0.00535142998017606,0.00229379687329478,0.1283343426809,0.00122570755744815,3.15247085118366,4.93720743510318,18,7,binary_longitudinal,4000,2,5103002,2,2,0.33325
1|0|0|1|0|1|0|1|1|1|0|1|0|1|0|1|0,0.0073794676326703,0.00328136974379586,0.122895113140596,0.00173002462749257,3.37329533537702,5.28091872858696,21,7,binary_longitudinal,4000,2,5103002,2,2,0.33325
0|0|0|0|0|1|0|0|0|0|0|0|0|1|0|0|1,0.0155571699618374,0.00681778912232467,-0.0884904379225251,-0.00147521585306979,-1.07158994542881,0,39,23,binary_longitudinal,4000,2,5103002,2,2,0.33325
1|0|0|1|0|1|0|0|0|0|0|0|0|1|0|0|1,0.0133764513277299,0.00607611017960799,-0.0770065488676508,-0.000671013370106704,-0.651422266998182,0,42,20,binary_longitudinal,4000,2,5103002,2,2,0.33325
0|0|0|0|0|1|0|0|0|1|0|0|0|1|0|0|1,0.00154770976767183,0.00067229647042492,-0.00227184660943508,-4.16965849072975e-06,-1.18585600585757,0,4,1,binary_longitudinal,4000,2,5103002,2,2,0.33325
1|0|0|1|0|1|0|0|0|1|0|0|0|1|0|0|1,0.00167969054348541,0.000757592678403671,0.00389593488464533,5.4946018690185e-06,-0.839644142754876,0,4,2,binary_longitudinal,4000,2,5103002,2,2,0.33325
0|0|0|0|0|1|0|0|0|0|0|1|0|1|0|0|1,0.00250451902352297,0.0011695626175131,-0.0729937574955848,-4.71619222189219e-05,-0.257977269953085,0,3,3,binary_longitudinal,4000,2,5103002,2,2,0.33325
1|0|0|1|0|1|0|0|0|0|0|1|0|1|0|0|1,0.00380664773856564,0.00183502180688343,-0.0613478321038086,2.29494606753174e-05,0.0982721762780191,0,9,5,binary_longitudinal,4000,2,5103002,2,2,0.33325
0|0|0|0|0|1|0|0|0|1|0|1|0|1|0|0|1,0.000344394471894864,0.000159480113138475,0.00911105530444692,1.17952754943243e-06,-0.375909441996162,0,0,0,binary_longitudinal,4000,2,5103002,2,2,0.33325
1|0|0|1|0|1|0|0|0|1|0|1|0|1|0|0|1,0.000659925620129969,0.000315987873219904,0.0156748520570908,8.65415985405292e-07,-0.0836616591663011,0,0,0,binary_longitudinal,4000,2,5103002,2,2,0.33325
0|0|0|0|0|1|0|1|0|0|0|0|0|1|0|0|1,0.00198729867934651,0.000870915684028343,-0.0588212304972186,6.65374429474945e-05,-0.00422466795047293,-0.573429866020089,8,4,binary_longitudinal,4000,2,5103002,2,2,0.33325
1|0|0|1|0|1|0|1|0|0|0|0|0|1|0|0|1,0.00092141272585988,0.000418541891720673,-0.0480881706004201,4.71132422775091e-05,0.442721836752345,-0.620565229297335,4,1,binary_longitudinal,4000,2,5103002,2,2,0.33325
0|0|0|0|0|1|0|1|0|1|0|0|0|1|0|0|1,0.000218617702892299,9.4963482880894e-05,0.0335248733372179,-4.17853883191838e-06,-0.146703332677666,-0.716830807089494,1,0,binary_longitudinal,4000,2,5103002,2,2,0.33325
1|0|0|1|0|1|0|1|0|1|0|0|0|1|0|0|1,0.000129573486892272,5.84416727030717e-05,0.0384269237770003,-5.05574037415699e-06,0.223280588305202,-0.792109684668437,1,0,binary_longitudinal,4000,2,5103002,2,2,0.33325
0|0|0|0|0|1|0|1|0|0|0|1|0|1|0|0|1,0.0117089248110534,0.00546784457281404,-0.0454392215208214,0.000627828887342128,0.785483445241206,-0.394547495774881,41,21,binary_longitudinal,4000,2,5103002,2,2,0.33325
1|0|0|1|0|1|0|1|0|0|0|1|0|1|0|0|1,0.00959657180139088,0.00462609617077685,-0.0343754937743911,0.00052220861827624,1.16031161657823,-0.42268130443532,20,11,binary_longitudinal,4000,2,5103002,2,2,0.33325
0|0|0|0|0|1|0|1|0|1|0|1|0|1|0|0|1,0.00178037755177117,0.000824446489583448,0.0427225588752703,-8.47535795377904e-05,0.642987742790575,-0.471277754067175,8,3,binary_longitudinal,4000,2,5103002,2,2,0.33325
1|0|0|1|0|1|0|1|0|1|0|1|0|1|0|0|1,0.00186312499791628,0.000892107970468636,0.048236698086134,-0.000131784153216559,0.95116722086354,-0.515202977734318,4,2,binary_longitudinal,4000,2,5103002,2,2,0.33325
0|0|0|0|0|1|0|0|1|0|0|0|0|1|0|0|1,0.00221338191283401,0.000969994617651372,-0.089391041675166,-0.000227645721747552,-1.15055964653209,0,6,5,binary_longitudinal,4000,2,5103002,2,2,0.33325
1|0|0|1|0|1|0|0|1|0|0|0|0|1|0|0|1,0.00175922753433395,0.000799110322141563,-0.0760797771177783,-9.86086687189152e-05,-0.736756286520119,0,8,2,binary_longitudinal,4000,2,5103002,2,2,0.33325
0|0|0|0|0|1|0|0|1|1|0|0|0|1|0|0|1,0.00805889353859645,0.00350063415938677,-0.00273979663339881,-2.77752015740192e-05,-1.25795027142287,0,27,14,binary_longitudinal,4000,2,5103002,2,2,0.33325
1|0|0|1|0|1|0|0|1|1|0|0|0|1|0|0|1,0.00808482292015682,0.0036465065986449,0.00540461703669534,4.03232336313559e-05,-0.922826195751679,0,21,12,binary_longitudinal,4000,2,5103002,2,2,0.33325
0|0|0|0|0|1|0|0|1|0|0|1|0|1|0|0|1,0.000356328118842492,0.000166398435568968,-0.0723584156386716,-8.54376259496043e-06,-0.33136758913423,0,1,1,binary_longitudinal,4000,2,5103002,2,2,0.33325
1|0|0|1|0|1|0|0|1|0|0|1|0|1|0|0|1,0.000500637975732181,0.000241336121941425,-0.0590332712064531,5.69762063138456e-07,0.0192784844610723,0,1,0,binary_longitudinal,4000,2,5103002,2,2,0.33325
0|0|0|0|0|1|0|0|1|1|0|1|0|1|0|0|1,0.00179325506774882,0.000830409731948398,0.0103121943551413,8.12532716603358e-06,-0.439387502788973,0,6,5,binary_longitudinal,4000,2,5103002,2,2,0.33325
1|0|0|1|0|1|0|0|1|1|0|1|0|1|0|0|1,0.00317640758288393,0.00152093849060958,0.0186727651793206,9.34203034841648e-06,-0.157505750327908,0,6,3,binary_longitudinal,4000,2,5103002,2,2,0.33325
0|0|0|0|0|1|0|1|1|0|0|0|0|1|0|0|1,0.000220317548879984,9.65521744569139e-05,-0.0600476660362729,6.43847805482496e-06,-0.0867560322503381,-0.573429866020089,0,0,binary_longitudinal,4000,2,5103002,2,2,0.33325
1|0|0|1|0|1|0|1|1|0|0|0|0|1|0|0|1,9.48554713570082e-05,4.30870849811289e-05,-0.0472712714788194,4.41686853717073e-06,0.364476894487085,-0.620565229297335,0,0,binary_longitudinal,4000,2,5103002,2,2,0.33325
0|0|0|0|0|1|0|1|1|1|0|0|0|1|0|0|1,0.000887015908355885,0.000385303289321141,0.0325583337711308,-1.43679052675767e-05,-0.21932302775507,-0.716830807089494,2,1,binary_longitudinal,4000,2,5103002,2,2,0.33325
1|0|0|1|0|1|0|1|1|1|0|0|0|1|0|0|1,0.000488185033856091,0.000220186634252392,0.0396392520988123,-1.82095103835803e-05,0.148887568420934,-0.792109684668437,1,1,binary_longitudinal,4000,2,5103002,2,2,0.33325
0|0|0|0|0|1|0|1|1|0|0|1|0|1|0|0|1,0.00129808450093651,0.000606180704721871,-0.0449436174419783,6.43879131851232e-05,0.7091075677249,-0.394547495774881,5,2,binary_longitudinal,4000,2,5103002,2,2,0.33325
1|0|0|1|0|1|0|1|1|0|0|1|0|1|0|0|1,0.000987925731959918,0.000476236674951914,-0.032009392508307,4.77606205482099e-05,1.08763611544499,-0.42268130443532,1,0,binary_longitudinal,4000,2,5103002,2,2,0.33325
0|0|0|0|0|1|0|1|1|1|0|1|0|1|0|0|1,0.00722367489186694,0.00334509576385473,0.0436376679716472,-0.000331247277974025,0.5795525599737,-0.471277754067175,19,4,binary_longitudinal,4000,2,5103002,2,2,0.33325
1|0|0|1|0|1|0|1|1|1|0|1|0|1|0|0|1,0.00701956674934661,0.00336113328592145,0.0511531700984454,-0.000502937724975311,0.885452588653656,-0.515202977734318,21,7,binary_longitudinal,4000,2,5103002,2,2,0.33325
0|0|0|0|0|1|0|0|0|0|0|0|0|1|0|1|1,0.0127371334786173,0.00415903351487802,-0.148711575939921,0.00286946104592803,1.51489962258472,0,37,12,binary_longitudinal,4000,2,5103002,2,2,0.33325
1|0|0|1|0|1|0|0|0|0|0|0|0|1|0|1|1,0.0127240740983383,0.00436993278589122,-0.142670911947534,0.00332336774715685,1.83069828203485,0,24,13,binary_longitudinal,4000,2,5103002,2,2,0.33325
0|0|0|0|0|1|0|0|0|1|0|0|0|1|0|1|1,0.00198729867934651,0.00064351834084725,-0.0528993195933028,0.000143501117786687,1.36502955302072,0,7,0,binary_longitudinal,4000,2,5103002,2,2,0.33325
1|0|0|1|0|1|0|0|0|1|0|0|0|1|0|1|1,0.00250580383716602,0.000854995192729968,-0.0528460353078954,0.000214780102884066,1.62193918252971,0,11,2,binary_longitudinal,4000,2,5103002,2,2,0.33325
0|0|0|0|0|1|0|0|0|0|0|1|0|1|0|1|1,0.00137450918292826,0.000489024210768986,-0.136207239294159,0.000435464010152554,2.32597172699662,0,2,0,binary_longitudinal,4000,2,5103002,2,2,0.33325
1|0|0|1|0|1|0|0|0|0|0|1|0|1|0|1|1,0.00242722576141681,0.000908086695671506,-0.12812971625915,0.000802250010125214,2.57958411544626,0,3,1,binary_longitudinal,4000,2,5103002,2,2,0.33325
0|0|0|0|0|1|0|0|0|1|0|1|0|1|0|1|1,0.000296423068996605,0.000104641218689834,-0.0443485493065099,2.85798862676396e-05,2.17404775072553,0,1,0,binary_longitudinal,4000,2,5103002,2,2,0.33325
1|0|0|1|0|1|0|0|0|1|0|1|0|1|0|1|1,0.000659925620129969,0.00024539714495916,-0.0421850684157925,6.61821259841716e-05,2.37731629404695,0,0,0,binary_longitudinal,4000,2,5103002,2,2,0.33325
0|0|0|0|0|1|0|1|0|0|0|0|0|1|0|1|1,0.00162706254433225,0.00053128183543344,-0.115570931020851,-0.000473893885590136,2.55308953303631,5.07325029698199,6,1,binary_longitudinal,4000,2,5103002,2,2,0.33325
1|0|0|1|0|1|0|1|0|0|0|0|0|1|0|1|1,0.000876474896947328,0.000301014938971548,-0.110513565816297,-0.000244952721253657,2.88742395689439,5.41629797513062,5,2,binary_longitudinal,4000,2,5103002,2,2,0.33325
0|0|0|0|0|1|0|1|0|1|0|0|0|1|0|1|1,0.000280710687051601,9.08985033135226e-05,-0.0120243441590562,-5.68140255237131e-06,2.37923573853397,4.06243377876374,0,0,binary_longitudinal,4000,2,5103002,2,2,0.33325
1|0|0|1|0|1|0|1|0|1|0|0|0|1|0|1|1,0.000193300927905388,6.59554278184302e-05,-0.0135444025843706,-4.60386324500238e-06,2.65196788395802,4.41041220692192,0,0,binary_longitudinal,4000,2,5103002,2,2,0.33325
0|0|0|0|0|1|0|1|0|0|0|1|0|1|0|1|1,0.00642599418245614,0.00228624644528529,-0.105007206996389,-0.00208810736867877,3.35064779180233,6.44516848176493,15,6,binary_longitudinal,4000,2,5103002,2,2,0.33325
1|0|0|1|0|1|0|1|0|0|0|1|0|1|0|1|1,0.0061190443396265,0.00228928962578057,-0.0978416081786115,-0.00189607096403687,3.61452876143588,6.78152396060657,21,9,binary_longitudinal,4000,2,5103002,2,2,0.33325
0|0|0|0|0|1|0|1|0|1|0|1|0|1|0|1|1,0.00153238515985756,0.000540951995310283,-0.00562677615511575,-1.51727299621543e-05,3.17751748922428,4.93720743510318,5,1,binary_longitudinal,4000,2,5103002,2,2,0.33325
1|0|0|1|0|1|0|1|0|1|0|1|0|1|0|1|1,0.00186312499791628,0.000692813767558609,-0.00493509555035166,-1.73983672408767e-05,3.38870174980985,5.28091872858696,8,0,binary_longitudinal,4000,2,5103002,2,2,0.33325
0|0|0|0|0|1|0|0|1|0|0|0|0|1|0|1|1,0.00181216384034378,0.000591722632026464,-0.153039122298979,0.000394421912560807,1.42220142048441,0,5,2,binary_longitudinal,4000,2,5103002,2,2,0.33325
1|0|0|1|0|1|0|0|1|0|0|0|0|1|0|1|1,0.00167342899505029,0.000574719399919737,-0.145066971862553,0.000421255847916946,1.73528218253386,0,8,2,binary_longitudinal,4000,2,5103002,2,2,0.33325
0|0|0|0|0|1|0|0|1|1|0|0|0|1|0|1|1,0.0103478241339385,0.00335078701921188,-0.0573527487835878,0.000762541575640333,1.28487314165503,0,28,9,binary_longitudinal,4000,2,5103002,2,2,0.33325
1|0|0|1|0|1|0|0|1|1|0|0|0|1|0|1|1,0.0120611385083462,0.00411533228999642,-0.0552403924472821,0.00102196999508831,1.53388600492434,0,34,13,binary_longitudinal,4000,2,5103002,2,2,0.33325
0|0|0|0|0|1|0|0|1|0|0|1|0|1|0|1|1,0.000195557017888255,6.95754655704849e-05,-0.138812078536541,6.07600867217257e-05,2.23829704741458,0,0,0,binary_longitudinal,4000,2,5103002,2,2,0.33325
1|0|0|1|0|1|0|0|1|0|0|1|0|1|0|1|1,0.000319220867097777,0.00011942861970244,-0.128897411861583,0.000102445804209122,2.4897669971663,0,2,1,binary_longitudinal,4000,2,5103002,2,2,0.33325
0|0|0|0|0|1|0|0|1|1|0|1|0|1|0|1|1,0.00154346894057606,0.000544864714809481,-0.0470264146274508,0.000152577472577664,2.10208684019546,0,3,0,binary_longitudinal,4000,2,5103002,2,2,0.33325
1|0|0|1|0|1|0|0|1|1|0|1|0|1|0|1|1,0.00317640758288393,0.0011811654651517,-0.0428756327171622,0.000312952600024121,2.29790355979181,0,12,5,binary_longitudinal,4000,2,5103002,2,2,0.33325
0|0|0|0|0|1|0|1|1|0|0|0|0|1|0|1|1,0.000180380752710804,5.88994059944953e-05,-0.120176228612191,-5.66989507352721e-05,2.45768084599297,5.07325029698199,0,0,binary_longitudinal,4000,2,5103002,2,2,0.33325
1|0|0|1|0|1|0|1|1|0|0|0|0|1|0|1|1,9.02293154296708e-05,3.09881914155257e-05,-0.11301145403315,-2.6693749606704e-05,2.7984799286084,5.41629797513062,0,0,binary_longitudinal,4000,2,5103002,2,2,0.33325
0|0|0|0|0|1|0|1|1|1|0|0|0|1|0|1|1,0.00113895097133532,0.000368810107407248,-0.0170429402044221,-3.42233298629665e-05,2.29935095827127,4.06243377876374,4,1,binary_longitudinal,4000,2,5103002,2,2,0.33325
1|0|0|1|0|1|0|1|1|1|0|0|0|1|0|1|1,0.000728286490525357,0.000248495687928066,-0.0163230787319599,-2.18528964405055e-05,2.57216176833484,4.41041220692192,2,0,binary_longitudinal,4000,2,5103002,2,2,0.33325
0|0|0|0|0|1|0|1|1|0|0|1|0|1|0|1|1,0.000712403878747265,0.000253459743216084,-0.107787002890175,-0.000244540368141066,3.26054648771176,6.44516848176493,0,0,binary_longitudinal,4000,2,5103002,2,2,0.33325
1|0|0|1|0|1|0|1|1|0|0|1|0|1|0|1|1,0.00062992925840919,0.000235672506393348,-0.098623335454768,-0.000201982056333852,3.53034165651978,6.78152396060657,1,0,binary_longitudinal,4000,2,5103002,2,2,0.33325
0|0|0|0|0|1|0|1|1|1|0|1|0|1|0|1|1,0.00621747459853129,0.00219484981842237,-0.00862711798449997,-9.82135006405502e-05,3.10619440953609,4.93720743510318,19,7,binary_longitudinal,4000,2,5103002,2,2,0.33325
1|0|0|1|0|1|0|1|1|1|0|1|0|1|0|1|1,0.00701956674934661,0.00261026634910864,-0.00574950392209285,-7.92672560704895e-05,3.3168660039999,5.28091872858696,25,14,binary_longitudinal,4000,2,5103002,2,2,0.33325
0|0|0|0|0|1|0|0|0,0.14774860007019,0.0772198093951091,0.035783006812048,4.50335017044808e-05,-0.295871325875621,-0.287353367522815,402,212,binary_longitudinal,4000,2,5103002,3,1,0.33325
1|0|0|1|0|1|0|0|0,0.156475508795044,0.0887586649201277,2.81256201692316e-07,-1.27177409694238e-09,-0.150065361729699,-0.178962943103262,385,206,binary_longitudinal,4000,2,5103002,3,1,0.33325
0|0|0|0|0|1|0|1|0,0.120966322601684,0.0488009874952616,0.123279605963172,0.00192678443447974,2.15460037416328,2.28380480682567,369,132,binary_longitudinal,4000,2,5103002,3,1,0.33325
1|0|0|1|0|1|0|1|0,0.0997731894470607,0.0450108046895905,0.0463775090151493,0.000563124029292356,2.51876154794496,2.64045936429348,255,121,binary_longitudinal,4000,2,5103002,3,1,0.33325
0|0|0|0|0|1|0|0|1,0.127168398586049,0.0557304012690114,-0.0277776806861169,0.000304487499158531,-0.171941207304448,-0.258138630607905,331,149,binary_longitudinal,4000,2,5103002,3,1,0.33325
1|0|0|1|0|1|0|0|1,0.148844108179566,0.0717513684201675,-0.0617981421733544,0.000357215310310603,-0.125740544424179,-0.164575516490278,399,222,binary_longitudinal,4000,2,5103002,3,1,0.33325
0|0|0|0|0|1|0|1|1,0.104116678742077,0.0339970337182249,0.0505693027321293,0.000352948193256338,2.21676948608238,2.28380480682567,267,81,binary_longitudinal,4000,2,5103002,3,1,0.33325
1|0|0|1|0|1|0|1|1,0.0949071935783283,0.0355071873337786,-0.0225515855427246,-0.00029076789258965,2.50460605062132,2.64045936429348,259,88,binary_longitudinal,4000,2,5103002,3,1,0.33325
0|0|0|0|0|1|0|0|0|0|1|0|1|0|0|0|0,0.0705287906750812,0.0385290103082156,0.0337495706171561,0.000822632152677908,-0.345597817241131,0,190,98,binary_longitudinal,4000,2,5103002,3,2,0.33325
0|0|0|0|0|1|0|0|0|0|0|0|0|1|0|0|0,0.0180748527816066,0.00944669990766242,0.00340894144605248,4.90420319602191e-05,-0.795928664708995,0,47,24,binary_longitudinal,4000,2,5103002,3,2,0.33325
1|0|0|1|0|1|0|0|0|0|0|0|0|1|0|0|0,0.0189820879945186,0.0102265592570805,0.0980143265784044,0.000791784996248336,-0.425572665266568,0,42,18,binary_longitudinal,4000,2,5103002,3,2,0.33325
0|0|0|0|0|1|0|0|0|1|0|0|0|1|0|0|0,0.00179818220588617,0.000931210800829468,0.13556643322572,6.79591795839734e-05,-0.278780415963443,0,1,0,binary_longitudinal,4000,2,5103002,3,2,0.33325
1|0|0|1|0|1|0|0|0|1|0|0|0|1|0|0|0,0.00238359434193912,0.00127066418633163,0.244576200919048,0.000345454975299824,-0.592577164211135,0,7,4,binary_longitudinal,4000,2,5103002,3,2,0.33325
0|0|0|0|0|1|0|0|0|0|0|1|0|1|0|0|0,0.00215565950065452,0.00119083323950375,0.0194856246788428,2.25853945791287e-05,-0.53769151929887,0,5,3,binary_longitudinal,4000,2,5103002,3,2,0.33325
1|0|0|1|0|1|0|0|0|0|0|1|0|1|0|0|0,0.00400181874163921,0.00226997880687825,0.105263824521508,8.52026061918903e-05,-0.202262942192588,0,15,11,binary_longitudinal,4000,2,5103002,3,2,0.33325
0|0|0|0|0|1|0|0|0|1|0|1|0|1|0|0|0,0.000296423068996605,0.000162315937725412,0.14438290372645,7.64505401598725e-07,-0.017862933731457,0,0,0,binary_longitudinal,4000,2,5103002,3,2,0.33325
1|0|0|1|0|1|0|0|0|1|0|1|0|1|0|0|0,0.000693760730200661,0.000389568441668807,0.24265304657951,-4.92899260078469e-05,0.29279435847653,0,0,0,binary_longitudinal,4000,2,5103002,3,2,0.33325
0|0|0|0|0|1|0|1|0|0|1|0|1|0|0|0|0,0.0721653351064229,0.0394230343891828,0.0645234569250398,-0.00184600174530138,0.39644764961682,0,237,125,binary_longitudinal,4000,2,5103002,3,2,0.33325
0|0|0|0|0|1|0|1|0|0|0|0|0|1|0|0|0,0.00230891165619347,0.00120673710557463,0.0273792183658355,2.16494021841888e-05,-0.980793630572979,-0.638327563181795,5,3,binary_longitudinal,4000,2,5103002,3,2,0.33325
1|0|0|1|0|1|0|1|0|0|0|0|0|1|0|0|0,0.00130754689812861,0.00070443809126716,0.127586783167921,-0.000172405005874245,0.353772225440674,-0.679671681671697,2,1,binary_longitudinal,4000,2,5103002,3,2,0.33325
0|0|0|0|0|1|0|1|0|1|0|0|0|1|0|0|0,0.000253997533286871,0.000131535750718996,0.166988394925377,-5.26828854257106e-05,0.451305377409711,-0.790786620321217,0,0,binary_longitudinal,4000,2,5103002,3,2,0.33325
1|0|0|1|0|1|0|1|0|1|0|0|0|1|0|0|0,0.000183873530406896,9.80206681109709e-05,0.282306694782183,-5.3209899863313e-05,0.171586826407674,-0.853479694592254,3,2,binary_longitudinal,4000,2,5103002,3,2,0.33325
0|0|0|0|0|1|0|1|0|0|0|1|0|1|0|0|0,0.0100779649802349,0.0055672872646977,0.0424345454733519,-0.000216551629459174,0.0699563192503638,-0.436414949846251,26,17,binary_longitudinal,4000,2,5103002,3,2,0.33325
1|0|0|1|0|1|0|1|0|0|0|1|0|1|0|0|0,0.0100885985590994,0.0057226242363185,0.133558906922075,-0.00100981958963754,0.289812858008114,-0.459632707523292,32,12,binary_longitudinal,4000,2,5103002,3,2,0.33325
0|0|0|0|0|1|0|1|0|1|0|1|0|1|0|0|0,0.00153238515985756,0.000839106534524254,0.174901703386954,-0.000327209339659587,0.703125817654837,-0.517728138299926,2,0,binary_longitudinal,4000,2,5103002,3,2,0.33325
1|0|0|1|0|1|0|1|0|1|0|1|0|1|0|0|0,0.00195864945924502,0.00109984319434287,0.279249262959905,-0.00036804540768737,0.120518155845485,-0.552385132542596,4,2,binary_longitudinal,4000,2,5103002,3,2,0.33325
0|0|0|0|0|1|0|0|1|0|1|0|1|0|0|0|0,0.0714379973170373,0.0390256987065976,0.0131734379345885,0.000329935494992951,-0.350590900110217,0,182,97,binary_longitudinal,4000,2,5103002,3,2,0.33325
0|0|0|0|0|1|0|0|1|0|0|0|0|1|0|0|0,0.00257158289856599,0.00134402045891907,-0.01214404802034,-2.57408820813759e-05,-0.824250881509757,0,1,1,binary_longitudinal,4000,2,5103002,3,2,0.33325
1|0|0|1|0|1|0|0|1|0|0|0|0|1|0|0|0,0.00249646270456503,0.00134496393593254,0.0826072811660183,9.10586600864562e-05,-0.441547921246275,0,13,8,binary_longitudinal,4000,2,5103002,3,2,0.33325
0|0|0|0|0|1|0|0|1|1|0|0|0|1|0|0|0,0.00936309847164306,0.00484879585477104,0.115035927118612,0.00104197639278054,-0.967397123598292,0,25,12,binary_longitudinal,4000,2,5103002,3,2,0.33325
1|0|0|1|0|1|0|0|1|1|0|0|0|1|0|0|0,0.0114729098421175,0.00611606404365375,0.223807022902996,0.00158098517215384,-0.615716094167587,0,33,15,binary_longitudinal,4000,2,5103002,3,2,0.33325
0|0|0|0|0|1|0|0|1|0|0|1|0|1|0|0|0,0.000306694454112269,0.000169424693564757,0.00661547704773197,-1.9032420452037e-07,0.0938052042655719,0,1,0,binary_longitudinal,4000,2,5103002,3,2,0.33325
1|0|0|1|0|1|0|0|1|0|0|1|0|1|0|0|0,0.000526306233635443,0.000298540257170918,0.0922270808416892,1.04325837035581e-05,-0.214928942245687,0,2,1,binary_longitudinal,4000,2,5103002,3,2,0.33325
0|0|0|0|0|1|0|0|1|1|0|1|0|1|0|0|0,0.00154346894057606,0.000845175813366001,0.127010206997226,8.74186256970043e-06,-0.044593078628732,0,3,0,binary_longitudinal,4000,2,5103002,3,2,0.33325
1|0|0|1|0|1|0|0|1|1|0|1|0|1|0|0|0,0.0033392654821955,0.00187510245764571,0.224556279996124,0.000284941498378549,-0.379996459612993,0,11,4,binary_longitudinal,4000,2,5103002,3,2,0.33325
0|0|0|0|0|1|0|1|1|0|1|0|1|0|0|0|0,0.0701196450238517,0.0383054990745351,0.0419034498721448,-0.00115385254243373,0.392699929220293,0,186,109,binary_longitudinal,4000,2,5103002,3,2,0.33325
0|0|0|0|0|1|0|1|1|0|0|0|0|1|0|0|0,0.000255972472562728,0.000133782286480538,0.0103470571976339,-1.47663538331553e-06,-0.0808040894380316,-0.638327563181795,2,1,binary_longitudinal,4000,2,5103002,3,2,0.33325
1|0|0|1|0|1|0|1|1|0|0|0|0|1|0|0|0,0.000134606321209248,7.2518867293286e-05,0.110607460392324,-2.49205391532515e-05,0.994143713597443,-0.679671681671697,0,0,binary_longitudinal,4000,2,5103002,3,2,0.33325
0|0|0|0|0|1|0|1|1|1|0|0|0|1|0|0|0,0.0010305654561726,0.000533691013406915,0.144503923892522,-8.29743483915935e-05,-0.233615459547928,-0.790786620321217,2,1,binary_longitudinal,4000,2,5103002,3,2,0.33325
1|0|0|1|0|1|0|1|1|1|0|0|0|1|0|0|0,0.00069276753925408,0.000369305668374393,0.259383954602837,-0.000180744601883281,0.152373728722514,-0.853479694592254,2,2,binary_longitudinal,4000,2,5103002,3,2,0.33325
0|0|0|0|0|1|0|1|1|0|0|1|0|1|0|0|0,0.0011172716840298,0.000617205202628265,0.0284672097536757,-1.92998354919864e-05,0.170391116163473,-0.436414949846251,2,2,binary_longitudinal,4000,2,5103002,3,2,0.33325
1|0|0|1|0|1|0|1|1|0|0|1|0|1|0|0|0,0.00103857776737559,0.000589119516260705,0.119358692801791,-0.000125143793927396,0.549890347979997,-0.459632707523292,1,1,binary_longitudinal,4000,2,5103002,3,2,0.33325
0|0|0|0|0|1|0|1|1|1|0|1|0|1|0|0|0,0.00621747459853129,0.00340457719151438,0.156022990182818,-0.000189883839657026,-0.321985522140963,-0.517728138299926,15,10,binary_longitudinal,4000,2,5103002,3,2,0.33325
1|0|0|1|0|1|0|1|1|1|0|1|0|1|0|0|0,0.0073794676326703,0.00414380287159417,0.259504102290466,-0.00124542511873762,0.0979666887535311,-0.552385132542596,22,12,binary_longitudinal,4000,2,5103002,3,2,0.33325
1|0|0|1|0|1|0|0|0|0|1|0|1|0|0|0|0,0.0677168438749167,0.0275756271511143,-0.0272889531176497,0.000368708699844991,0.199526140272222,0,179,85,binary_longitudinal,4000,2,5103002,3,2,0.33325
1|0|0|1|0|1|0|1|0|0|1|0|1|0|0|0|0,0.0547623847574702,0.0223003172854196,0.0100852768045568,0.000321903429416014,1.98546402693366,2.56831218549017,134,41,binary_longitudinal,4000,2,5103002,3,2,0.33325
1|0|0|1|0|1|0|0|1|0|1|0|1|0|0|0|0,0.077092739759399,0.0313936758716915,-0.0516490785937149,0.000790548908383733,0.198542133754983,0,177,75,binary_longitudinal,4000,2,5103002,3,2,0.33325
1|0|0|1|0|1|0|1|1|0|1|0|1|0|0|0|0,0.0594000062445497,0.0241888477259688,-0.0162239664042319,-0.00054840467524422,1.99925276194781,2.56831218549017,171,64,binary_longitudinal,4000,2,5103002,3,2,0.33325
0|0|0|0|0|1|0|0|0|0|0|0|0|1|0|1|0,0.0147984378296584,0.00597007798486643,-0.130121218738727,0.00131141928234134,0.68104776238884,0,45,19,binary_longitudinal,4000,2,5103002,3,2,0.33325
1|0|0|1|0|1|0|0|0|0|0|0|0|1|0|1|0,0.0180563206388479,0.00756877811799122,-0.0363373588572329,0.000659422971146672,1.00503562377865,0,40,20,binary_longitudinal,4000,2,5103002,3,2,0.33325
0|0|0|0|0|1|0|0|0|1|0|0|0|1|0|1|0,0.00230891165619347,0.000918772519290758,-0.00395553102384159,4.95930758002905e-06,0.543011382251462,0,7,2,binary_longitudinal,4000,2,5103002,3,2,0.33325
1|0|0|1|0|1|0|0|0|1|0|0|0|1|0|1|0,0.00355590490846276,0.00146792550265715,0.104459993084172,-0.000313866637980485,0.844977265210988,0,6,2,binary_longitudinal,4000,2,5103002,3,2,0.33325
0|0|0|0|0|1|0|0|0|0|0|1|0|1|0|1|0,0.00118305101741584,0.000513735623266811,-0.107737255226395,0.000200087521315365,1.56982276876773,0,2,0,binary_longitudinal,4000,2,5103002,3,2,0.33325
1|0|0|1|0|1|0|0|0|0|0|1|0|1|0|1|0,0.00255167228735678,0.00115113913461689,-0.0189640285813214,5.87634809066642e-05,1.214372756356,0,6,3,binary_longitudinal,4000,2,5103002,3,2,0.33325
0|0|0|0|0|1|0|0|0|1|0|1|0|1|0|1|0,0.000255133699881773,0.000109358598585585,0.0134047560586253,-4.924522396943e-06,1.43991672047972,0,0,0,binary_longitudinal,4000,2,5103002,3,2,0.33325
1|0|0|1|0|1|0|0|0|1|0|1|0|1|0|1|0,0.000693760730200661,0.000308489119111484,0.115380875599366,-0.000137762727574875,1.72102900284108,0,0,0,binary_longitudinal,4000,2,5103002,3,2,0.33325
0|0|0|0|0|1|0|1|0|0|0|0|0|1|0|1|0,0.00189037697906581,0.000762627658116777,-0.105807277825886,-0.000456385451020222,2.79150149996052,5.073250296982,7,4,binary_longitudinal,4000,2,5103002,3,2,0.33325
1|0|0|1|0|1|0|1|0|0|0|0|0|1|0|1|0,0.00124377708341457,0.000521361630694204,-0.00635929802689031,-2.89402902036294e-05,1.75739281557854,5.41629797513063,3,1,binary_longitudinal,4000,2,5103002,3,2,0.33325
0|0|0|0|0|1|0|1|0|1|0|0|0|1|0|1|0,0.000326139288516333,0.000129778813730731,0.0282930888011921,1.83561776562748e-05,2.07314070663134,4.06243377876373,2,2,binary_longitudinal,4000,2,5103002,3,2,0.33325
1|0|0|1|0|1|0|1|0|1|0|0|0|1|0|1|0,0.000274307073903501,0.000113237659529057,0.143196030782004,-0.000110883877119078,7.2333441978969,4.41041220692192,1,1,binary_longitudinal,4000,2,5103002,3,2,0.33325
0|0|0|0|0|1|0|1|0|0|0|1|0|1|0|1|0,0.00553090444930101,0.00240177524270881,-0.0840456031467794,-0.00105792267490863,4.16932300355508,6.44516848176493,17,10,binary_longitudinal,4000,2,5103002,3,2,0.33325
1|0|0|1|0|1|0|1|0|0|0|1|0|1|0|1|0,0.00643277445169266,0.00290202564498509,0.0101588505523164,0.000121123062940124,4.92806084039452,6.78152396060656,16,7,binary_longitudinal,4000,2,5103002,3,2,0.33325
0|0|0|0|0|1|0|1|0|1|0|1|0|1|0|1|0,0.00131893613004479,0.000565338906120325,0.0451681545427363,0.000120366893119897,2.91674426267325,4.93720743510318,3,2,binary_longitudinal,4000,2,5103002,3,2,0.33325
1|0|0|1|0|1|0|1|0|1|0|1|0|1|0|1|0,0.00195864945924502,0.000870937226665913,0.153413828384258,0.000532805960812391,3.50775903675436,5.28091872858696,4,3,binary_longitudinal,4000,2,5103002,3,2,0.33325
0|0|0|0|0|1|0|0|1|0|0|0|0|1|0|1|0,0.00210543400314539,0.000849387302595954,-0.147503316306322,0.000201435496196549,0.648623359754103,0,3,1,binary_longitudinal,4000,2,5103002,3,2,0.33325
1|0|0|1|0|1|0|0|1|0|0|0|0|1|0|1|0,0.00237470878175089,0.000995421172641769,-0.0542642713949822,0.000127091474474233,0.986261508311672,0,10,6,binary_longitudinal,4000,2,5103002,3,2,0.33325
0|0|0|0|0|1|0|0|1|1|0|0|0|1|0|1|0,0.0120224564165398,0.00478402997371419,-0.0268902922437544,0.000164572215760904,0.509058604819829,0,39,15,binary_longitudinal,4000,2,5103002,3,2,0.33325
1|0|0|1|0|1|0|0|1|1|0|0|0|1|0|1|0,0.0171155702562825,0.00706553822964255,0.0804189784013108,-0.0011325446156719,0.822821051528132,0,45,20,binary_longitudinal,4000,2,5103002,3,2,0.33325
0|0|0|0|0|1|0|0|1|0|0|1|0|1|0|1|0,0.000168317485142319,7.30912588412044e-05,-0.122638374387771,3.19105720191393e-05,1.54589136196818,0,0,0,binary_longitudinal,4000,2,5103002,3,2,0.33325
1|0|0|1|0|1|0|0|1|0|0|1|0|1|0|1|0,0.000335587670939985,0.000151394088899292,-0.0345827036731366,1.39563206864056e-05,1.2025579109651,0,2,1,binary_longitudinal,4000,2,5103002,3,2,0.33325
0|0|0|0|0|1|0|0|1|1|0|1|0|1|0|1|0,0.00132847602851815,0.0005694280167638,-0.00663887896608585,1.24916571162177e-05,1.41635324350827,0,3,0,binary_longitudinal,4000,2,5103002,3,2,0.33325
1|0|0|1|0|1|0|0|1|1|0|1|0|1|0|1|0,0.0033392654821955,0.00148484487841208,0.0939399275363285,-0.000330231322735765,1.05273023197045,0,7,2,binary_longitudinal,4000,2,5103002,3,2,0.33325
0|0|0|0|0|1|0|1|1|0|0|0|0|1|0|1|0,0.000209572535228515,8.45470578180131e-05,-0.124573142229337,-9.66708869630446e-05,1.37039349731333,5.073250296982,1,1,binary_longitudinal,4000,2,5103002,3,2,0.33325
1|0|0|1|0|1|0|1|1|0|0|0|0|1|0|1|0,0.000128041493458031,5.36719342364256e-05,-0.0257776140869965,-9.96899114479714e-06,2.39594457188582,5.41629797513063,0,0,binary_longitudinal,4000,2,5103002,3,2,0.33325
0|0|0|0|0|1|0|1|1|1|0|0|0|1|0|1|0,0.00132327223928601,0.00052656244587578,0.00345211343766756,5.49359012078738e-06,2.85983158029721,4.06243377876373,4,1,binary_longitudinal,4000,2,5103002,3,2,0.33325
1|0|0|1|0|1|0|1|1|1|0|0|0|1|0|1|0,0.0010334877247834,0.000426637670844948,0.117024595346147,0.000161029520418377,3.07896782723046,4.41041220692192,3,2,binary_longitudinal,4000,2,5103002,3,2,0.33325
0|0|0|0|0|1|0|1|1|0|0|1|0|1|0|1|0,0.00061317170087392,0.000266267592251527,-0.100024420659543,-0.000256729036996401,2.25928780571134,6.44516848176493,2,0,binary_longitudinal,4000,2,5103002,3,2,0.33325
1|0|0|1|0|1|0|1|1|0|0|1|0|1|0|1|0,0.000662226422127165,0.000298751040353058,-0.00662029005808962,-1.8330977388712e-05,2.60031281647959,6.78152396060656,0,0,binary_longitudinal,4000,2,5103002,3,2,0.33325
0|0|0|0|0|1|0|1|1|1|0|1|0|1|0|1|0,0.00535142998017606,0.00229379687329478,0.0236034765054032,0.00017419603511912,3.55811795868572,4.93720743510318,12,5,binary_longitudinal,4000,2,5103002,3,2,0.33325
1|0|0|1|0|1|0|1|1|1|0|1|0|1|0|1|0,0.0073794676326703,0.00328136974379586,0.130278334048325,0.0012137323514285,4.018435261638,5.28091872858696,25,7,binary_longitudinal,4000,2,5103002,3,2,0.33325
0|0|0|0|0|1|0|0|0|0|0|0|0|1|0|0|1,0.0155571699618374,0.00681778912232467,-0.0786904904942463,-0.000536166964310714,-0.437972863598456,0,44,20,binary_longitudinal,4000,2,5103002,3,2,0.33325
1|0|0|1|0|1|0|0|0|0|0|0|0|1|0|0|1,0.0133764513277299,0.00607611017960799,0.0171995167462048,2.34458826127559e-05,-0.101908269727444,0,36,13,binary_longitudinal,4000,2,5103002,3,2,0.33325
0|0|0|0|0|1|0|0|0|1|0|0|0|1|0|0|1,0.00154770976767183,0.00067229647042492,0.0582440129793217,5.33768278295285e-05,-0.592123021744795,0,7,3,binary_longitudinal,4000,2,5103002,3,2,0.33325
1|0|0|1|0|1|0|0|0|1|0|0|0|1|0|0|1,0.00167969054348541,0.000757592678403671,0.171574065092016,8.01677869722529e-05,-0.278175563716119,0,8,3,binary_longitudinal,4000,2,5103002,3,2,0.33325
0|0|0|0|0|1|0|0|0|0|0|1|0|1|0|0|1,0.00250451902352297,0.0011695626175131,-0.0637178678343375,-2.89744242046865e-05,-0.181563792057673,0,5,3,binary_longitudinal,4000,2,5103002,3,2,0.33325
1|0|0|1|0|1|0|0|0|0|0|1|0|1|0|0|1,0.00380664773856564,0.00183502180688343,0.023862961414879,-1.10040795425245e-05,0.121139755360153,0,11,7,binary_longitudinal,4000,2,5103002,3,2,0.33325
0|0|0|0|0|1|0|0|0|1|0|1|0|1|0|0|1,0.000344394471894864,0.000159480113138475,0.0665209634424445,-7.43480539009582e-06,0.324530039647129,0,2,0,binary_longitudinal,4000,2,5103002,3,2,0.33325
1|0|0|1|0|1|0|0|0|1|0|1|0|1|0|0|1,0.000659925620129969,0.000315987873219904,0.169620990536701,-6.81150802661948e-05,0.608511357510782,0,0,0,binary_longitudinal,4000,2,5103002,3,2,0.33325
0|0|0|0|0|1|0|1|0|0|0|0|0|1|0|0|1,0.00198729867934651,0.000870915684028343,-0.0541897504536171,9.19361673364427e-05,0.280271742655645,-0.573429866020089,8,2,binary_longitudinal,4000,2,5103002,3,2,0.33325
1|0|0|1|0|1|0|1|0|0|0|0|0|1|0|0|1,0.00092141272585988,0.000418541891720673,0.0471254519309801,-5.50490484475051e-05,0.647203636804967,-0.620565229297335,5,2,binary_longitudinal,4000,2,5103002,3,2,0.33325
0|0|0|0|0|1|0|1|0|1|0|0|0|1|0|0|1,0.000218617702892299,9.4963482880894e-05,0.0908925088025127,-2.9585542556528e-05,0.772071217358454,-0.716830807089494,1,0,binary_longitudinal,4000,2,5103002,3,2,0.33325
1|0|0|1|0|1|0|1|0|1|0|0|0|1|0|0|1,0.000129573486892272,5.84416727030717e-05,0.210439138847474,-5.19741472464236e-05,1.11398605444138,-0.792109684668437,1,0,binary_longitudinal,4000,2,5103002,3,2,0.33325
0|0|0|0|0|1|0|1|0|0|0|1|0|1|0|0|1,0.0117089248110534,0.00546784457281404,-0.0400293986351301,0.000342323455309662,0.335818548822305,-0.394547495774881,36,21,binary_longitudinal,4000,2,5103002,3,2,0.33325
1|0|0|1|0|1|0|1|0|0|0|1|0|1|0|0|1,0.00959657180139088,0.00462609617077685,0.0527836047058225,-0.000535647223666467,0.634778079264736,-0.42268130443532,19,13,binary_longitudinal,4000,2,5103002,3,2,0.33325
0|0|0|0|0|1|0|1|0|1|0|1|0|1|0|0|1,0.00178037755177117,0.000824446489583448,0.0984822609066737,-0.000147905946639641,0.372281346884971,-0.471277754067175,8,3,binary_longitudinal,4000,2,5103002,3,2,0.33325
1|0|0|1|0|1|0|1|0|1|0|1|0|1|0|0|1,0.00186312499791628,0.000892107970468636,0.207631291560601,-0.000670701524661318,1.21857904383074,-0.515202977734318,7,2,binary_longitudinal,4000,2,5103002,3,2,0.33325
0|0|0|0|0|1|0|0|1|0|0|0|0|1|0|0|1,0.00221338191283401,0.000969994617651372,-0.0951625958742827,-9.95996953902478e-05,-0.472863043517919,0,9,4,binary_longitudinal,4000,2,5103002,3,2,0.33325
1|0|0|1|0|1|0|0|1|0|0|0|0|1|0|0|1,0.00175922753433395,0.000799110322141563,0.000691515628220507,1.51039959474584e-07,-0.124156038560116,0,12,6,binary_longitudinal,4000,2,5103002,3,2,0.33325
0|0|0|0|0|1|0|0|1|1|0|0|0|1|0|0|1,0.00805889353859645,0.00350063415938677,0.0363514242103206,0.000184700998281444,-0.630481566312336,0,23,13,binary_longitudinal,4000,2,5103002,3,2,0.33325
1|0|0|1|0|1|0|0|1|1|0|0|0|1|0|0|1,0.00808482292015682,0.0036465065986449,0.149211962620123,0.000368871463509572,-0.305774245989816,0,21,9,binary_longitudinal,4000,2,5103002,3,2,0.33325
0|0|0|0|0|1|0|0|1|0|0|1|0|1|0|0|1,0.000356328118842492,0.000166398435568968,-0.0777213689259281,-5.83374031843057e-06,-0.21064762005189,0,3,2,binary_longitudinal,4000,2,5103002,3,2,0.33325
1|0|0|1|0|1|0|0|1|0|0|1|0|1|0|0|1,0.000500637975732181,0.000241336121941425,0.00945751359767315,-4.88693741599319e-07,0.103213383024729,0,1,1,binary_longitudinal,4000,2,5103002,3,2,0.33325
0|0|0|0|0|1|0|0|1|1|0|1|0|1|0|0|1,0.00179325506774882,0.000830409731948398,0.0474857302616103,3.0745125241319e-05,-0.361053100218649,0,6,3,binary_longitudinal,4000,2,5103002,3,2,0.33325
1|0|0|1|0|1|0|0|1|1|0|1|0|1|0|0|1,0.00317640758288393,0.00152093849060958,0.149568493003658,3.22235083307087e-05,-0.0678260429264705,0,9,3,binary_longitudinal,4000,2,5103002,3,2,0.33325
0|0|0|0|0|1|0|1|1|0|0|0|0|1|0|0|1,0.000220317548879984,9.65521744569139e-05,-0.0721711146839926,2.34640972853471e-05,0.902247262946713,-0.573429866020089,0,0,binary_longitudinal,4000,2,5103002,3,2,0.33325
1|0|0|1|0|1|0|1|1|0|0|0|0|1|0|0|1,9.48554713570082e-05,4.30870849811289e-05,0.0289705933067869,-5.22777529824329e-06,1.28181417881968,-0.620565229297335,0,0,binary_longitudinal,4000,2,5103002,3,2,0.33325
0|0|0|0|0|1|0|1|1|1|0|0|0|1|0|0|1,0.000887015908355885,0.000385303289321141,0.0669085028813386,-4.74587267158225e-05,0.0828254889838027,-0.716830807089494,2,1,binary_longitudinal,4000,2,5103002,3,2,0.33325
1|0|0|1|0|1|0|1|1|1|0|0|0|1|0|0|1,0.000488185033856091,0.000220186634252392,0.185715417247934,-0.00017069291357607,1.09059876545578,-0.792109684668437,0,0,binary_longitudinal,4000,2,5103002,3,2,0.33325
0|0|0|0|0|1|0|1|1|0|0|1|0|1|0|0|1,0.00129808450093651,0.000606180704721871,-0.0552069857396787,6.41673085608738e-05,0.500851954594405,-0.394547495774881,7,2,binary_longitudinal,4000,2,5103002,3,2,0.33325
1|0|0|1|0|1|0|1|1|0|0|1|0|1|0|0|1,0.000987925731959918,0.000476236674951914,0.0370944269185075,-7.034451813286e-05,1.49685926641656,-0.42268130443532,1,0,binary_longitudinal,4000,2,5103002,3,2,0.33325
0|0|0|0|0|1|0|1|1|1|0|1|0|1|0|0|1,0.00722367489186694,0.00334509576385473,0.0777864978085469,-0.000386265231487694,0.216143898659966,-0.471277754067175,14,5,binary_longitudinal,4000,2,5103002,3,2,0.33325
1|0|0|1|0|1|0|1|1|1|0|1|0|1|0|0|1,0.00701956674934661,0.00336113328592145,0.185722726215762,-0.00111455625456628,0.339719302045845,-0.515202977734318,14,7,binary_longitudinal,4000,2,5103002,3,2,0.33325
0|0|0|0|0|1|0|0|0|0|0|0|0|1|0|1|1,0.0127371334786173,0.00415903351487802,-0.218684501569791,0.00282612003458746,1.01461411229141,0,36,16,binary_longitudinal,4000,2,5103002,3,2,0.33325
1|0|0|1|0|1|0|0|0|0|0|0|0|1|0|1|1,0.0127240740983383,0.00436993278589122,-0.124269281545829,0.00206770660317527,1.30767234005123,0,24,11,binary_longitudinal,4000,2,5103002,3,2,0.33325
0|0|0|0|0|1|0|0|0|1|0|0|0|1|0|1|1,0.00198729867934651,0.00064351834084725,-0.0890784109166352,0.000152660521212371,0.862365027797489,0,9,1,binary_longitudinal,4000,2,5103002,3,2,0.33325
1|0|0|1|0|1|0|0|0|1|0|0|0|1|0|1|1,0.00250580383716602,0.000854995192729968,0.0227535608914876,-6.49446114351724e-05,1.13906020730898,0,8,3,binary_longitudinal,4000,2,5103002,3,2,0.33325
0|0|0|0|0|1|0|0|0|0|0|1|0|1|0|1|1,0.00137450918292826,0.000489024210768986,-0.196964880370709,0.000337745259297082,1.24753523217916,0,2,1,binary_longitudinal,4000,2,5103002,3,2,0.33325
1|0|0|1|0|1|0|0|0|0|0|1|0|1|0|1|1,0.00242722576141681,0.000908086695671506,-0.106596638641594,0.00039245377252299,1.51682271997264,0,3,2,binary_longitudinal,4000,2,5103002,3,2,0.33325
0|0|0|0|0|1|0|0|0|1|0|1|0|1|0|1|1,0.000296423068996605,0.000104641218689834,-0.0715396070156018,3.73354568428596e-05,1.76060901085588,0,0,0,binary_longitudinal,4000,2,5103002,3,2,0.33325
1|0|0|1|0|1|0|0|0|1|0|1|0|1|0|1|1,0.000659925620129969,0.00024539714495916,0.0348491383514263,-4.63675174209207e-05,2.01616842964939,0,0,0,binary_longitudinal,4000,2,5103002,3,2,0.33325
0|0|0|0|0|1|0|1|0|0|0|0|0|1|0|1|1,0.00162706254433225,0.00053128183543344,-0.194387921847569,-0.000856007080859307,2.36677646276475,5.07325029698199,2,0,binary_longitudinal,4000,2,5103002,3,2,0.33325
1|0|0|1|0|1|0|1|0|0|0|0|0|1|0|1|1,0.000876474896947328,0.000301014938971548,-0.0945816400413084,0.00186166185764346,27.8734396314187,5.41629797513062,2,1,binary_longitudinal,4000,2,5103002,3,2,0.33325
0|0|0|0|0|1|0|1|0|1|0|0|0|1|0|1|1,0.000280710687051601,9.08985033135226e-05,-0.056368579993647,-2.93446636098933e-05,2.20790706406791,4.06243377876374,0,0,binary_longitudinal,4000,2,5103002,3,2,0.33325
1|0|0|1|0|1|0|1|0|1|0|0|0|1|0|1|1,0.000193300927905388,6.59554278184302e-05,0.061757482252129,2.26936116401708e-05,2.50942104649647,4.41041220692192,0,0,binary_longitudinal,4000,2,5103002,3,2,0.33325
0|0|0|0|0|1|0|1|0|0|0|1|0|1|0|1|1,0.00642599418245614,0.00228624644528529,-0.17307782611412,-0.00143668595683329,5.15341367317386,6.44516848176493,14,4,binary_longitudinal,4000,2,5103002,3,2,0.33325
1|0|0|1|0|1|0|1|0|0|0|1|0|1|0|1|1,0.0061190443396265,0.00228928962578057,-0.0774887757965452,-0.000974830984231424,4.72560058474071,6.78152396060657,17,5,binary_longitudinal,4000,2,5103002,3,2,0.33325
0|0|0|0|0|1|0|1|0|1|0|1|0|1|0|1|1,0.00153238515985756,0.000540951995310283,-0.0391101777075103,-0.000149197480486637,2.44775540328517,4.93720743510318,1,0,binary_longitudinal,4000,2,5103002,3,2,0.33325
1|0|0|1|0|1|0|1|0|1|0|1|0|1|0|1|1,0.00186312499791628,0.000692813767558609,0.0734253200705377,0.0003496106008969,2.72529594288113,5.28091872858696,5,0,binary_longitudinal,4000,2,5103002,3,2,0.33325
0|0|0|0|0|1|0|0|1|0|0|0|0|1|0|1|1,0.00181216384034378,0.000591722632026464,-0.236466088334924,0.000699486203761697,1.63234827866041,0,0,0,binary_longitudinal,4000,2,5103002,3,2,0.33325
1|0|0|1|0|1|0|0|1|0|0|0|0|1|0|1|1,0.00167342899505029,0.000574719399919737,-0.142754487736716,0.000306711989531509,1.28390737507017,0,4,2,binary_longitudinal,4000,2,5103002,3,2,0.33325
0|0|0|0|0|1|0|0|1|1|0|0|0|1|0|1|1,0.0103478241339385,0.00335078701921188,-0.112719576863618,0.000962399637800197,0.825100902217962,0,30,6,binary_longitudinal,4000,2,5103002,3,2,0.33325
1|0|0|1|0|1|0|0|1|1|0|0|0|1|0|1|1,0.0120611385083462,0.00411533228999642,-0.00220301156536929,2.95858430584808e-05,1.1134708890359,0,40,13,binary_longitudinal,4000,2,5103002,3,2,0.33325
0|0|0|0|0|1|0|0|1|0|0|1|0|1|0|1|1,0.000195557017888255,6.95754655704849e-05,-0.212541518691986,7.79123005171383e-05,1.87451466560127,0,0,0,binary_longitudinal,4000,2,5103002,3,2,0.33325
1|0|0|1|0|1|0|0|1|0|0|1|0|1|0|1|1,0.000319220867097777,0.00011942861970244,-0.123089576315829,5.89662153966245e-05,1.50068901936096,0,2,1,binary_longitudinal,4000,2,5103002,3,2,0.33325
0|0|0|0|0|1|0|0|1|1|0|1|0|1|0|1|1,0.00154346894057606,0.000544864714809481,-0.0926429240015308,0.000248008668641136,1.73442974360592,0,3,0,binary_longitudinal,4000,2,5103002,3,2,0.33325
1|0|0|1|0|1|0|0|1|1|0|1|0|1|0|1|1,0.00317640758288393,0.0011811654651517,0.0121102580221029,-5.17397111933749e-05,1.34503745963535,0,10,4,binary_longitudinal,4000,2,5103002,3,2,0.33325
0|0|0|0|0|1|0|1|1|0|0|0|0|1|0|1|1,0.000180380752710804,5.88994059944953e-05,-0.213570229107609,-0.000105595190984917,2.33222381386047,5.07325029698199,0,0,binary_longitudinal,4000,2,5103002,3,2,0.33325
1|0|0|1|0|1|0|1|1|0|0|0|0|1|0|1|1,9.02293154296708e-05,3.09881914155257e-05,-0.114617352881819,-2.84431902566195e-05,2.66599670223471,5.41629797513062,0,0,binary_longitudinal,4000,2,5103002,3,2,0.33325
0|0|0|0|0|1|0|1|1|1|0|0|0|1|0|1|1,0.00113895097133532,0.000368810107407248,-0.0820163030536392,0.000227464286192843,6.49748443302909,4.06243377876374,2,1,binary_longitudinal,4000,2,5103002,3,2,0.33325
1|0|0|1|0|1|0|1|1|1|0|0|0|1|0|1|1,0.000728286490525357,0.000248495687928066,0.0345154731939357,4.83013066543477e-05,2.48890156649978,4.41041220692192,2,0,binary_longitudinal,4000,2,5103002,3,2,0.33325
0|0|0|0|0|1|0|1|1|0|0|1|0|1|0|1|1,0.000712403878747265,0.000253459743216084,-0.189802892780122,-0.000524133313753292,2.56891060603102,6.44516848176493,0,0,binary_longitudinal,4000,2,5103002,3,2,0.33325
1|0|0|1|0|1|0|1|1|0|0|1|0|1|0|1|1,0.00062992925840919,0.000235672506393348,-0.0952496041453501,-0.000234450488415849,2.87404919688794,6.78152396060657,1,0,binary_longitudinal,4000,2,5103002,3,2,0.33325
0|0|0|0|0|1|0|1|1|1|0|1|0|1|0|1|1,0.00621747459853129,0.00219484981842237,-0.061861095695406,-0.000565199091299951,3.46770663367804,4.93720743510318,16,7,binary_longitudinal,4000,2,5103002,3,2,0.33325
1|0|0|1|0|1|0|1|1|1|0|1|0|1|0|1|1,0.00701956674934661,0.00261026634910864,0.0488163996294763,0.000464515364177282,3.92534223467312,5.28091872858696,17,6,binary_longitudinal,4000,2,5103002,3,2,0.33325
