scale,loss,grid_round,selected,failed,failure,scored_rows,paired_rows,informative
1e-10,0.0355849193535236,0,FALSE,FALSE,"",2666,2361,TRUE
1.77827941003892e-10,0.0355528014948399,0,FALSE,FALSE,"",2666,2361,TRUE
3.16227766016838e-10,0.0355557076448047,0,FALSE,FALSE,"",2666,2361,TRUE
5.62341325190349e-10,0.0355174781825696,0,FALSE,FALSE,"",2666,2361,TRUE
1e-09,0.0353680044195328,0,FALSE,FALSE,"",2666,2361,TRUE
1.77827941003892e-09,0.0350672405209113,0,FALSE,FALSE,"",2666,2361,TRUE
3.16227766016838e-09,0.034603257937759,0,FALSE,FALSE,"",2666,2361,TRUE
5.62341325190349e-09,0.0338852014176414,0,FALSE,FALSE,"",2666,2361,TRUE
1e-08,0.032821102856359,0,FALSE,FALSE,"",2666,2361,TRUE
1.77827941003892e-08,0.0312588847513062,0,FALSE,FALSE,"",2666,2361,TRUE
3.16227766016838e-08,0.0289967074297555,0,FALSE,FALSE,"",2666,2361,TRUE
5.62341325190349e-08,0.0259586695607929,0,FALSE,FALSE,"",2666,2361,TRUE
1e-07,0.0221296993287595,0,FALSE,FALSE,"",2666,2361,TRUE
1.77827941003892e-07,0.0179335520998309,0,FALSE,FALSE,"",2666,2361,TRUE
3.16227766016838e-07,0.0145708732924565,0,FALSE,FALSE,"",2666,2361,TRUE
5.62341325190349e-07,0.0141634305005103,0,FALSE,FALSE,"",2666,2361,TRUE
1e-06,0.0160613090355791,0,FALSE,FALSE,"",2666,2361,TRUE
1.77827941003892e-06,0.017217976371586,0,FALSE,FALSE,"",2666,2361,TRUE
3.16227766016838e-06,0.0174800239630436,0,FALSE,FALSE,"",2666,2361,TRUE
5.62341325190349e-06,0.0167686761187704,0,FALSE,FALSE,"",2666,2361,TRUE
1e-05,0.0151946986260429,0,FALSE,FALSE,"",2666,2361,TRUE
1.77827941003892e-05,0.0131573166659751,0,FALSE,FALSE,"",2666,2361,TRUE
3.16227766016838e-05,0.0111544639902072,0,FALSE,FALSE,"",2666,2361,TRUE
5.62341325190349e-05,0.00956108509150318,0,FALSE,FALSE,"",2666,2361,TRUE
1e-04,0.00852304865596785,0,FALSE,FALSE,"",2666,2361,TRUE
0.000177827941003892,0.00803630973273713,0,TRUE,FALSE,"",2666,2361,TRUE
0.000316227766016838,0.0080522088331881,0,FALSE,FALSE,"",2666,2361,TRUE
0.000562341325190349,0.00854332894404493,0,FALSE,FALSE,"",2666,2361,TRUE
0.001,0.00948429570587037,0,FALSE,FALSE,"",2666,2361,TRUE
0.00177827941003892,0.0108051227644048,0,FALSE,FALSE,"",2666,2361,TRUE
0.00316227766016838,0.0123575779835146,0,FALSE,FALSE,"",2666,2361,TRUE
0.00562341325190349,0.0139631533337433,0,FALSE,FALSE,"",2666,2361,TRUE
0.01,0.015495455323259,0,FALSE,FALSE,"",2666,2361,TRUE
0.0177827941003892,0.0169540799329857,0,FALSE,FALSE,"",2666,2361,TRUE
0.0316227766016838,0.018508221045445,0,FALSE,FALSE,"",2666,2361,TRUE
0.0562341325190349,0.0205018289318793,0,FALSE,FALSE,"",2666,2361,TRUE
0.1,0.0232024317151903,0,FALSE,FALSE,"",2666,2361,TRUE
0.177827941003892,0.026504844767257,0,FALSE,FALSE,"",2666,2361,TRUE
0.316227766016838,0.0299225657882172,0,FALSE,FALSE,"",2666,2361,TRUE
0.562341325190349,0.0329151361024487,0,FALSE,FALSE,"",2666,2361,TRUE
1,0.0351855289171412,0,FALSE,FALSE,"",2666,2361,TRUE
