mechanism,outcome_time,conditioning_cell,probability,alternative_equation_error
binary_longitudinal,2,0|0|0|0|0|1|0|0|0,0.14774860007019,0.104423163609982
binary_longitudinal,2,1|0|0|1|0|1|0|0|0,0.156475508795044,-0.0801804623035643
binary_longitudinal,2,0|0|0|0|0|1|0|1|0,0.120966322601684,-0.0381886188005656
binary_longitudinal,2,1|0|0|1|0|1|0|1|0,0.0997731894470607,0.0174138883127579
binary_longitudinal,2,0|0|0|0|0|1|0|0|1,0.127168398586049,-0.0547273221552034
binary_longitudinal,2,1|0|0|1|0|1|0|0|1,0.148844108179566,0.0273943548276547
binary_longitudinal,2,0|0|0|0|0|1|0|1|1,0.104116678742077,-0.0369705755682901
binary_longitudinal,2,1|0|0|1|0|1|0|1|1,0.0949071935783283,0.0709256157458826
binary_longitudinal,3,0|0|0|0|0|1|0|0|0|0|1|0|1|0|0|0|0,0.0705287906750812,-0.0857593399078638
binary_longitudinal,3,0|0|0|0|0|1|0|0|0|0|0|0|0|1|0|0|0,0.0180748527816066,-0.0134430885194421
binary_longitudinal,3,1|0|0|1|0|1|0|0|0|0|0|0|0|1|0|0|0,0.0189820879945186,0.0135487833183905
binary_longitudinal,3,0|0|0|0|0|1|0|0|0|1|0|0|0|1|0|0|0,0.00179818220588617,0.00156884987516115
binary_longitudinal,3,1|0|0|1|0|1|0|0|0|1|0|0|0|1|0|0|0,0.00238359434193912,0.00549007629145026
binary_longitudinal,3,0|0|0|0|0|1|0|0|0|0|0|1|0|1|0|0|0,0.00215565950065452,-0.00547022736997271
binary_longitudinal,3,1|0|0|1|0|1|0|0|0|0|0|1|0|1|0|0|0,0.00400181874163921,-0.00364704813911132
binary_longitudinal,3,0|0|0|0|0|1|0|0|0|1|0|1|0|1|0|0|0,0.000296423068996605,-0.000243979386897797
binary_longitudinal,3,1|0|0|1|0|1|0|0|0|1|0|1|0|1|0|0|0,0.000693760730200661,0.000482262540945078
binary_longitudinal,3,0|0|0|0|0|1|0|1|0|0|1|0|1|0|0|0|0,0.0721653351064229,0.0346336630741255
binary_longitudinal,3,0|0|0|0|0|1|0|1|0|0|0|0|0|1|0|0|0,0.00230891165619347,0.00251296713189397
binary_longitudinal,3,1|0|0|1|0|1|0|1|0|0|0|0|0|1|0|0|0,0.00130754689812861,0.00323990088649606
binary_longitudinal,3,0|0|0|0|0|1|0|1|0|1|0|0|0|1|0|0|0,0.000253997533286871,0.00069041557027516
binary_longitudinal,3,1|0|0|1|0|1|0|1|0|1|0|0|0|1|0|0|0,0.000183873530406896,0.000753590309545693
binary_longitudinal,3,0|0|0|0|0|1|0|1|0|0|0|1|0|1|0|0|0,0.0100779649802349,-0.00605317529729954
binary_longitudinal,3,1|0|0|1|0|1|0|1|0|0|0|1|0|1|0|0|0,0.0100885985590994,0.0091832825575815
binary_longitudinal,3,0|0|0|0|0|1|0|1|0|1|0|1|0|1|0|0|0,0.00153238515985756,0.00167481145139248
binary_longitudinal,3,1|0|0|1|0|1|0|1|0|1|0|1|0|1|0|0|0,0.00195864945924502,0.00494593493700402
binary_longitudinal,3,0|0|0|0|0|1|0|0|1|0|1|0|1|0|0|0|0,0.0714379973170373,0.14886793804561
binary_longitudinal,3,0|0|0|0|0|1|0|0|1|0|0|0|0|1|0|0|0,0.00257158289856599,-0.00661344123300367
binary_longitudinal,3,1|0|0|1|0|1|0|0|1|0|0|0|0|1|0|0|0,0.00249646270456503,-0.00261214367720808
binary_longitudinal,3,0|0|0|0|0|1|0|0|1|1|0|0|0|1|0|0|0,0.00936309847164306,-0.00907387133928761
binary_longitudinal,3,1|0|0|1|0|1|0|0|1|1|0|0|0|1|0|0|0,0.0114729098421175,0.00587621077531653
binary_longitudinal,3,0|0|0|0|0|1|0|0|1|0|0|1|0|1|0|0|0,0.000306694454112269,-0.00137099300775978
binary_longitudinal,3,1|0|0|1|0|1|0|0|1|0|0|1|0|1|0|0|0,0.000526306233635443,-0.00143621276148498
binary_longitudinal,3,0|0|0|0|0|1|0|0|1|1|0|1|0|1|0|0|0,0.00154346894057606,-0.00422105261162276
binary_longitudinal,3,1|0|0|1|0|1|0|0|1|1|0|1|0|1|0|0|0,0.0033392654821955,-0.00377593218083239
binary_longitudinal,3,0|0|0|0|0|1|0|1|1|0|1|0|1|0|0|0|0,0.0701196450238517,-0.0849938695170799
binary_longitudinal,3,0|0|0|0|0|1|0|1|1|0|0|0|0|1|0|0|0,0.000255972472562728,-0.000189321523099473
binary_longitudinal,3,1|0|0|1|0|1|0|1|1|0|0|0|0|1|0|0|0,0.000134606321209248,9.66126216286334e-05
binary_longitudinal,3,0|0|0|0|0|1|0|1|1|1|0|0|0|1|0|0|0,0.0010305654561726,0.000903418093006092
binary_longitudinal,3,1|0|0|1|0|1|0|1|1|1|0|0|0|1|0|0|0,0.00069276753925408,0.00159843750573208
binary_longitudinal,3,0|0|0|0|0|1|0|1|1|0|0|1|0|1|0|0|0,0.0011172716840298,-0.00283032516957982
binary_longitudinal,3,1|0|0|1|0|1|0|1|1|0|0|1|0|1|0|0|0,0.00103857776737559,-0.000942242078228017
binary_longitudinal,3,0|0|0|0|0|1|0|1|1|1|0|1|0|1|0|0|0,0.00621747459853129,-0.00509062284945638
binary_longitudinal,3,1|0|0|1|0|1|0|1|1|1|0|1|0|1|0|0|0,0.0073794676326703,0.00516021389692267
binary_longitudinal,3,1|0|0|1|0|1|0|0|0|0|1|0|1|0|0|0|0,0.0677168438749167,0.00603342961151543
binary_longitudinal,3,1|0|0|1|0|1|0|1|0|0|1|0|1|0|0|0|0,0.0547623847574702,0.0544440714519026
binary_longitudinal,3,1|0|0|1|0|1|0|0|1|0|1|0|1|0|0|0|0,0.077092739759399,-0.0627497847332151
binary_longitudinal,3,1|0|0|1|0|1|0|1|1|0|1|0|1|0|0|0|0,0.0594000062445497,0.0054135694121038
binary_longitudinal,3,0|0|0|0|0|1|0|0|0|0|0|0|0|1|0|1|0,0.0147984378296584,-0.00824136013786037
binary_longitudinal,3,1|0|0|1|0|1|0|0|0|0|0|0|0|1|0|1|0,0.0180563206388479,0.00717448868632831
binary_longitudinal,3,0|0|0|0|0|1|0|0|0|1|0|0|0|1|0|1|0,0.00230891165619347,0.000912340600154549
binary_longitudinal,3,1|0|0|1|0|1|0|0|0|1|0|0|0|1|0|1|0,0.00355590490846276,0.00411892730917529
binary_longitudinal,3,0|0|0|0|0|1|0|0|0|0|0|1|0|1|0|1|0,0.00118305101741584,-0.00289883760542808
binary_longitudinal,3,1|0|0|1|0|1|0|0|0|0|0|1|0|1|0|1|0,0.00255167228735678,-0.00244381125554582
binary_longitudinal,3,0|0|0|0|0|1|0|0|0|1|0|1|0|1|0|1|0,0.000255133699881773,-0.000176120326685236
binary_longitudinal,3,1|0|0|1|0|1|0|0|0|1|0|1|0|1|0|1|0,0.000693760730200661,0.000307090791243692
binary_longitudinal,3,0|0|0|0|0|1|0|1|0|0|0|0|0|1|0|1|0,0.00189037697906581,0.00121537152529028
binary_longitudinal,3,1|0|0|1|0|1|0|1|0|0|0|0|0|1|0|1|0,0.00124377708341457,0.0019352622717872
binary_longitudinal,3,0|0|0|0|0|1|0|1|0|1|0|0|0|1|0|1|0,0.000326139288516333,0.000441959509930756
binary_longitudinal,3,1|0|0|1|0|1|0|1|0|1|0|0|0|1|0|1|0,0.000274307073903501,0.00057802539668117
binary_longitudinal,3,0|0|0|0|0|1|0|1|0|0|0|1|0|1|0|1|0,0.00553090444930101,-0.00362235571893987
binary_longitudinal,3,1|0|0|1|0|1|0|1|0|0|0|1|0|1|0|1|0,0.00643277445169266,0.00490798171779217
binary_longitudinal,3,0|0|0|0|0|1|0|1|0|1|0|1|0|1|0|1|0,0.00131893613004479,0.000948580961162904
binary_longitudinal,3,1|0|0|1|0|1|0|1|0|1|0|1|0|1|0|1|0,0.00195864945924502,0.00357519217629188
binary_longitudinal,3,0|0|0|0|0|1|0|0|1|0|0|0|0|1|0|1|0,0.00210543400314539,-0.00369300820065721
binary_longitudinal,3,1|0|0|1|0|1|0|0|1|0|0|0|0|1|0|1|0,0.00237470878175089,-0.00180161090247266
binary_longitudinal,3,0|0|0|0|0|1|0|0|1|1|0|0|0|1|0|1|0,0.0120224564165398,-0.00676484491390883
binary_longitudinal,3,1|0|0|1|0|1|0|0|1|1|0|0|0|1|0|1|0,0.0171155702562825,0.00362143431457174
binary_longitudinal,3,0|0|0|0|0|1|0|0|1|0|0|1|0|1|0|1|0,0.000168317485142319,-0.000713941684616581
binary_longitudinal,3,1|0|0|1|0|1|0|0|1|0|0|1|0|1|0|1|0,0.000335587670939985,-0.000897544658141625
binary_longitudinal,3,0|0|0|0|0|1|0|0|1|1|0|1|0|1|0|1|0,0.00132847602851815,-0.00278533239971857
binary_longitudinal,3,1|0|0|1|0|1|0|0|1|1|0|1|0|1|0|1|0,0.0033392654821955,-0.00312864607571917
binary_longitudinal,3,0|0|0|0|0|1|0|1|1|0|0|0|0|1|0|1|0,0.000209572535228515,-0.000116145860328931
binary_longitudinal,3,1|0|0|1|0|1|0|1|1|0|0|0|0|1|0|1|0,0.000128041493458031,5.12102448428919e-05
binary_longitudinal,3,0|0|0|0|0|1|0|1|1|1|0|0|0|1|0|1|0,0.00132327223928601,0.000525738872356296
binary_longitudinal,3,1|0|0|1|0|1|0|1|1|1|0|0|0|1|0|1|0,0.0010334877247834,0.00119933438816
binary_longitudinal,3,0|0|0|0|0|1|0|1|1|0|0|1|0|1|0|1|0,0.00061317170087392,-0.00149997780280886
binary_longitudinal,3,1|0|0|1|0|1|0|1|1|0|0|1|0|1|0|1|0,0.000662226422127165,-0.000631665808382365
binary_longitudinal,3,0|0|0|0|0|1|0|1|1|1|0|1|0|1|0|1|0,0.00535142998017606,-0.00367712649808449
binary_longitudinal,3,1|0|0|1|0|1|0|1|1|1|0|1|0|1|0|1|0,0.0073794676326703,0.00328948933466333
binary_longitudinal,3,0|0|0|0|0|1|0|0|0|0|0|0|0|1|0|0|1,0.0155571699618374,-0.00782369114117942
binary_longitudinal,3,1|0|0|1|0|1|0|0|0|0|0|0|0|1|0|0|1,0.0133764513277299,0.00941751964515403
binary_longitudinal,3,0|0|0|0|0|1|0|0|0|1|0|0|0|1|0|0|1,0.00154770976767183,0.00120512635880843
binary_longitudinal,3,1|0|0|1|0|1|0|0|0|1|0|0|0|1|0|0|1,0.00167969054348541,0.00409753627242648
binary_longitudinal,3,0|0|0|0|0|1|0|0|0|0|0|1|0|1|0|0|1,0.00250451902352297,-0.00398672937492772
binary_longitudinal,3,1|0|0|1|0|1|0|0|0|0|0|1|0|1|0|0|1,0.00380664773856564,-0.00253780672024462
binary_longitudinal,3,0|0|0|0|0|1|0|0|0|1|0|1|0|1|0|0|1,0.000344394471894864,-0.000187315670512556
binary_longitudinal,3,1|0|0|1|0|1|0|0|0|1|0|1|0|1|0|0|1,0.000659925620129969,0.000447897472626524
binary_longitudinal,3,0|0|0|0|0|1|0|1|0|0|0|0|0|1|0|0|1,0.00198729867934651,0.00170642084567385
binary_longitudinal,3,1|0|0|1|0|1|0|1|0|0|0|0|0|1|0|0|1,0.00092141272585988,0.00212373937378385
binary_longitudinal,3,0|0|0|0|0|1|0|1|0|1|0|0|0|1|0|0|1,0.000218617702892299,0.000504246077489112
binary_longitudinal,3,1|0|0|1|0|1|0|1|0|1|0|0|0|1|0|0|1,0.000129573486892272,0.000556223794107913
binary_longitudinal,3,0|0|0|0|0|1|0|1|0|0|0|1|0|1|0|0|1,0.0117089248110534,-0.00399429044387445
binary_longitudinal,3,1|0|0|1|0|1|0|1|0|0|0|1|0|1|0|0|1,0.00959657180139088,0.00739690503163848
binary_longitudinal,3,0|0|0|0|0|1|0|1|0|1|0|1|0|1|0|0|1,0.00178037755177117,0.0014994830172621
binary_longitudinal,3,1|0|0|1|0|1|0|1|0|1|0|1|0|1|0|0|1,0.00186312499791628,0.00431941122280644
binary_longitudinal,3,0|0|0|0|0|1|0|0|1|0|0|0|0|1|0|0|1,0.00221338191283401,-0.00411997581294166
binary_longitudinal,3,1|0|0|1|0|1|0|0|1|0|0|0|0|1|0|0|1,0.00175922753433395,-0.0015713264758539
binary_longitudinal,3,0|0|0|0|0|1|0|0|1|1|0|0|0|1|0|0|1,0.00805889353859645,-0.00601011383755279
binary_longitudinal,3,1|0|0|1|0|1|0|0|1|1|0|0|0|1|0|0|1,0.00808482292015682,0.00477300403918202
binary_longitudinal,3,0|0|0|0|0|1|0|0|1|0|0|1|0|1|0|0|1,0.000356328118842492,-0.00101185719746499
binary_longitudinal,3,1|0|0|1|0|1|0|0|1|0|0|1|0|1|0|0|1,0.000500637975732181,-0.00105179135202305
binary_longitudinal,3,0|0|0|0|0|1|0|0|1|1|0|1|0|1|0|0|1,0.00179325506774882,-0.00345542520854436
binary_longitudinal,3,1|0|0|1|0|1|0|0|1|1|0|1|0|1|0|0|1,0.00317640758288393,-0.00304063519769526
binary_longitudinal,3,0|0|0|0|0|1|0|1|1|0|0|0|0|1|0|0|1,0.000220317548879984,-0.000110121566420318
binary_longitudinal,3,1|0|0|1|0|1|0|1|1|0|0|0|0|1|0|0|1,9.48554713570082e-05,6.71239702301207e-05
binary_longitudinal,3,0|0|0|0|0|1|0|1|1|1|0|0|0|1|0|0|1,0.000887015908355885,0.00069373019233554
binary_longitudinal,3,1|0|0|1|0|1|0|1|1|1|0|0|0|1|0|0|1,0.000488185033856091,0.00119294620794186
binary_longitudinal,3,0|0|0|0|0|1|0|1|1|0|0|1|0|1|0|0|1,0.00129808450093651,-0.00206265104721581
binary_longitudinal,3,1|0|0|1|0|1|0|1|1|0|0|1|0|1|0|0|1,0.000987925731959918,-0.000655427747018655
binary_longitudinal,3,0|0|0|0|0|1|0|1|1|1|0|1|0|1|0|0|1,0.00722367489186694,-0.00390638265132104
binary_longitudinal,3,1|0|0|1|0|1|0|1|1|1|0|1|0|1|0|0|1,0.00701956674934661,0.00479018025405176
binary_longitudinal,3,0|0|0|0|0|1|0|0|0|0|0|0|0|1|0|1|1,0.0127371334786173,-0.00518669704119801
binary_longitudinal,3,1|0|0|1|0|1|0|0|0|0|0|0|0|1|0|1|1,0.0127240740983383,0.00551481248472507
binary_longitudinal,3,0|0|0|0|0|1|0|0|0|1|0|0|0|1|0|1|1,0.00198729867934651,0.00076682155696628
binary_longitudinal,3,1|0|0|1|0|1|0|0|0|1|0|0|0|1|0|1|1,0.00250580383716602,0.00339958476408841
binary_longitudinal,3,0|0|0|0|0|1|0|0|0|0|0|1|0|1|0|1|1,0.00137450918292826,-0.00229435207521
binary_longitudinal,3,1|0|0|1|0|1|0|0|0|0|0|1|0|1|0|1|1,0.00242722576141681,-0.00189369087607949
binary_longitudinal,3,0|0|0|0|0|1|0|0|0|1|0|1|0|1|0|1|1,0.000296423068996605,-0.000150054365435026
binary_longitudinal,3,1|0|0|1|0|1|0|0|0|1|0|1|0|1|0|1|1,0.000659925620129969,0.000318100381271114
binary_longitudinal,3,0|0|0|0|0|1|0|1|0|0|0|0|0|1|0|1|1,0.00162706254433225,0.000880418125290161
binary_longitudinal,3,1|0|0|1|0|1|0|1|0|0|0|0|0|1|0|1|1,0.000876474896947328,0.00138731160784933
binary_longitudinal,3,0|0|0|0|0|1|0|1|0|1|0|0|0|1|0|1|1,0.000280710687051601,0.000351244743700851
binary_longitudinal,3,1|0|0|1|0|1|0|1|0|1|0|0|0|1|0|1|1,0.000193300927905388,0.000471636402539444
binary_longitudinal,3,0|0|0|0|0|1|0|1|0|0|0|1|0|1|0|1|1,0.00642599418245614,-0.0026496640575373
binary_longitudinal,3,1|0|0|1|0|1|0|1|0|0|0|1|0|1|0|1|1,0.0061190443396265,0.00440589373707212
binary_longitudinal,3,0|0|0|0|0|1|0|1|0|1|0|1|0|1|0|1|1,0.00153238515985756,0.000932164951497283
binary_longitudinal,3,1|0|0|1|0|1|0|1|0|1|0|1|0|1|0|1|1,0.00186312499791628,0.00343857961196448
binary_longitudinal,3,0|0|0|0|0|1|0|0|1|0|0|0|0|1|0|1|1,0.00181216384034378,-0.00245257046630432
binary_longitudinal,3,1|0|0|1|0|1|0|0|1|0|0|0|0|1|0|1|1,0.00167342899505029,-0.00119384019310864
binary_longitudinal,3,0|0|0|0|0|1|0|0|1|1|0|0|0|1|0|1|1,0.0103478241339385,-0.0049420886223368
binary_longitudinal,3,1|0|0|1|0|1|0|0|1|1|0|0|0|1|0|1|1,0.0120611385083462,0.00332769300757985
binary_longitudinal,3,0|0|0|0|0|1|0|0|1|0|0|1|0|1|0|1|1,0.000195557017888255,-0.000571664678116868
binary_longitudinal,3,1|0|0|1|0|1|0|0|1|0|0|1|0|1|0|1|1,0.000319220867097777,-0.000726873488485547
binary_longitudinal,3,0|0|0|0|0|1|0|0|1|1|0|1|0|1|0|1|1,0.00154346894057606,-0.00249769089905882
binary_longitudinal,3,1|0|0|1|0|1|0|0|1|1|0|1|0|1|0|1|1,0.00317640758288393,-0.00279039759204081
binary_longitudinal,3,0|0|0|0|0|1|0|1|1|0|0|0|0|1|0|1|1,0.000180380752710804,-7.30674942130971e-05
binary_longitudinal,3,1|0|0|1|0|1|0|1|1|0|0|0|0|1|0|1|1,9.02293154296708e-05,3.93405061458463e-05
binary_longitudinal,3,0|0|0|0|0|1|0|1|1|1|0|0|0|1|0|1|1,0.00113895097133532,0.000441698214858288
binary_longitudinal,3,1|0|0|1|0|1|0|1|1|1|0|0|0|1|0|1|1,0.000728286490525357,0.000989832627988241
binary_longitudinal,3,0|0|0|0|0|1|0|1|1|0|0|1|0|1|0|1|1,0.000712403878747265,-0.00118713783180047
binary_longitudinal,3,1|0|0|1|0|1|0|1|1|0|0|1|0|1|0|1|1,0.00062992925840919,-0.000489333235201395
binary_longitudinal,3,0|0|0|0|0|1|0|1|1|1|0|1|0|1|0|1|1,0.00621747459853129,-0.00313177504999651
binary_longitudinal,3,1|0|0|1|0|1|0|1|1|1|0|1|0|1|0|1|1,0.00701956674934661,0.0034051735243088
discrete_dose,2,0|0|0|0|0|1|0|0|0,0.0712514690855105,-0.0740064331698063
discrete_dose,2,1|0|0|1|0|1|0|0|0,0.078387549004066,0.10495110967091
discrete_dose,2,0|0|0|0|0|1|0|1|0,0.0827823966282418,-0.0321091175927254
discrete_dose,2,1|0|0|1|0|1|0|1|0,0.0745645431271592,0.0217494893301431
discrete_dose,2,0|0|0|0|0|1|0|2|0,0.0644709953186023,0.00752547212118926
discrete_dose,2,1|0|0|1|0|1|0|2|0,0.0580709245767931,-0.0294779172477216
discrete_dose,2,0|0|0|0|0|1|0|3|0,0.0502100616395203,0.0220154818216585
discrete_dose,2,1|0|0|1|0|1|0|3|0,0.0452256815340869,-0.0397169838357653
discrete_dose,2,0|0|0|0|0|1|0|0|1,0.0613267077739023,-0.00367506034271681
discrete_dose,2,1|0|0|1|0|1|0|0|1,0.0745645431271591,-0.0251207884159711
discrete_dose,2,0|0|0|0|0|1|0|1|1,0.0712514690855104,0.0244350382271685
discrete_dose,2,1|0|0|1|0|1|0|1|1,0.0709279874470063,-0.0271578705172956
discrete_dose,2,0|0|0|0|0|1|0|2|1,0.0554906999187836,0.0460291896330913
discrete_dose,2,1|0|0|1|0|1|0|2|1,0.0552387721654073,-0.0262558049730178
discrete_dose,2,0|0|0|0|0|1|0|3|1,0.0432162005499289,0.0525432226433549
discrete_dose,2,1|0|0|1|0|1|0|3|1,0.043019999018322,-0.0253568526612201
discrete_dose,3,0|0|0|0|0|1|0|0|0|0|1|0|1|0|0|0|0,0.0340123692951178,-0.0601386340726455
discrete_dose,3,0|0|0|0|0|1|0|0|0|0|0|0|0|1|0|0|0,0.00420354465996152,-0.00330003548571589
discrete_dose,3,1|0|0|1|0|1|0|0|0|0|0|0|0|1|0|0|0,0.00461267037531881,0.00247134271677041
discrete_dose,3,0|0|0|0|0|1|0|0|0|1|0|0|0|1|0|0|0,0.000389888941052255,-0.00121135624431834
discrete_dose,3,1|0|0|1|0|1|0|0|0|1|0|0|0|1|0|0|0,0.000543041525053394,-0.000841292791383452
discrete_dose,3,0|0|0|0|0|1|0|0|0|0|0|1|0|1|0|0|0,0.000520404079326314,-0.000777231097923714
discrete_dose,3,1|0|0|1|0|1|0|0|0|0|0|1|0|1|0|0|0,0.00100428930927588,-0.000149948334800532
discrete_dose,3,0|0|0|0|0|1|0|0|0|1|0|1|0|1|0|0|0,6.54685048802593e-05,-0.000249534943456364
discrete_dose,3,1|0|0|1|0|1|0|0|0|1|0|1|0|1|0|0|0,0.000160143047798717,-0.00036092599469062
discrete_dose,3,0|0|0|0|0|1|0|1|0|0|1|0|1|0|0|0|0,0.0447899109255408,0.14886793804561
discrete_dose,3,0|0|0|0|0|1|0|1|0|0|0|0|0|1|0|0|0,0.00268589286761164,-0.000982784242435031
discrete_dose,3,1|0|0|1|0|1|0|1|0|0|0|0|0|1|0|0|0,0.00196390023995983,0.00183399490299019
discrete_dose,3,0|0|0|0|0|1|0|1|0|1|0|0|0|1|0|0|0,0.000309654570393583,-0.000819188995214049
discrete_dose,3,1|0|0|1|0|1|0|1|0|1|0|0|0|1|0|0|0,0.00028357343711388,-0.000314352782194494
discrete_dose,3,0|0|0|0|0|1|0|1|0|0|0|1|0|1|0|0|0,0.00201160997144684,-0.00216851877537716
discrete_dose,3,1|0|0|1|0|1|0|1|0|0|0|1|0|1|0|0|0,0.00258675864702349,0.000624800218559596
discrete_dose,3,0|0|0|0|0|1|0|1|0|1|0|1|0|1|0|0|0,0.000314556792644816,-0.00105713733448976
discrete_dose,3,1|0|0|1|0|1|0|1|0|1|0|1|0|1|0|0|0,0.000505906971305358,-0.000922765319588015
discrete_dose,3,0|0|0|0|0|1|0|2|0|0|1|0|1|0|0|0|0,0.0388813985793297,-0.0501947345945613
discrete_dose,3,0|0|0|0|0|1|0|2|0|0|0|0|0|1|0|0|0,0.000549674178742178,2.92691741154982e-05
discrete_dose,3,1|0|0|1|0|1|0|2|0|0|0|0|0|1|0|0|0,0.000336512942947367,0.000448213069761616
discrete_dose,3,0|0|0|0|0|1|0|2|0|1|0|0|0|1|0|0|0,8.0001275564788e-05,-0.000174727552205822
discrete_dose,3,1|0|0|1|0|1|0|2|0|1|0|0|0|1|0|0|0,6.29591762750604e-05,-4.20478098015487e-05
discrete_dose,3,0|0|0|0|0|1|0|2|0|0|0|1|0|1|0|0|0,0.00249052265950232,-0.00164994285260067
discrete_dose,3,1|0|0|1|0|1|0|2|0|0|0|1|0|1|0|0|0,0.00268144149928643,0.00169569984734674
discrete_dose,3,0|0|0|0|0|1|0|2|0|1|0|1|0|1|0|0|0,0.000491641519759723,-0.00143063437381685
discrete_dose,3,1|0|0|1|0|1|0|2|0|1|0|1|0|1|0|0|0,0.000679507448226446,-0.000947363815300917
discrete_dose,3,0|0|0|0|0|1|0|3|0|0|1|0|1|0|0|0|0,0.0315094930517083,-0.0331601350638033
discrete_dose,3,0|0|0|0|0|1|0|3|0|0|0|0|0|1|0|0|0,7.26614176195367e-05,3.43254296628626e-05
discrete_dose,3,1|0|0|1|0|1|0|3|0|0|0|0|0|1|0|0|0,4.16596616204748e-05,7.20718329250136e-05
discrete_dose,3,0|0|0|0|0|1|0|3|0|1|0|0|0|1|0|0|0,1.44923340792784e-05,-2.49648739154562e-05
discrete_dose,3,1|0|0|1|0|1|0|3|0|1|0|0|0|1|0|0|0,1.08149645313477e-05,-2.45689650080205e-06
discrete_dose,3,0|0|0|0|0|1|0|3|0|0|0|1|0|1|0|0|0,0.00199167785833815,-0.000491895798795827
discrete_dose,3,1|0|0|1|0|1|0|3|0|0|0|1|0|1|0|0|0,0.00200822495391373,0.00205487496712964
discrete_dose,3,0|0|0|0|0|1|0|3|0|1|0|1|0|1|0|0|0,0.000538790643463431,-0.00132494396258942
discrete_dose,3,1|0|0|1|0|1|0|3|0|1|0|1|0|1|0|0|0,0.000706139248561502,-0.000681001881206012
discrete_dose,3,0|0|0|0|0|1|0|0|1|0|1|0|1|0|0|0|0,0.0344508323933191,-0.0200431737020923
discrete_dose,3,0|0|0|0|0|1|0|0|1|0|0|0|0|1|0|0|0,0.000598055413868472,0.000776969605119637
discrete_dose,3,1|0|0|1|0|1|0|0|1|0|0|0|0|1|0|0|0,0.00060664346112823,0.00152583333409551
discrete_dose,3,0|0|0|0|0|1|0|0|1|1|0|0|0|1|0|0|0,0.0020301438508996,-0.00164944191953553
discrete_dose,3,1|0|0|1|0|1|0|0|1|1|0|0|0|1|0|0|0,0.00261381156509841,0.0016781859974917
discrete_dose,3,0|0|0|0|0|1|0|0|1|0|0|1|0|1|0|0|0,7.40400072359856e-05,4.23952973627184e-05
discrete_dose,3,1|0|0|1|0|1|0|0|1|0|0|1|0|1|0|0|0,0.00013208087571423,0.000236972936396018
discrete_dose,3,0|0|0|0|0|1|0|0|1|1|0|1|0|1|0|0|0,0.000340893184227136,-0.000535174188717402
discrete_dose,3,1|0|0|1|0|1|0|0|1|1|0|1|0|1|0|0|0,0.000770813521793267,-8.99271024278336e-05
discrete_dose,3,0|0|0|0|0|1|0|1|1|0|1|0|1|0|0|0|0,0.0445846694872666,-0.0153017190763979
discrete_dose,3,0|0|0|0|0|1|0|1|1|0|0|0|0|1|0|0|0,0.000297765675233586,0.000511654954191476
discrete_dose,3,1|0|0|1|0|1|0|1|1|0|0|0|0|1|0|0|0,0.000202175070661939,0.000588993969650398
discrete_dose,3,0|0|0|0|0|1|0|1|1|1|0|0|0|1|0|0|0,0.00125638741236582,-0.000441044725152828
discrete_dose,3,1|0|0|1|0|1|0|1|1|1|0|0|0|1|0|0|0,0.00106839995834352,0.00115678676112774
discrete_dose,3,0|0|0|0|0|1|0|1|1|0|0|1|0|1|0|0|0,0.000223012767440392,0.000220361784596834
discrete_dose,3,1|0|0|1|0|1|0|1|1|0|0|1|0|1|0|0|0,0.000266295660851925,0.000581854966007933
discrete_dose,3,0|0|0|0|0|1|0|1|1|1|0|1|0|1|0|0|0,0.00127627760911389,-0.0014282964410095
discrete_dose,3,1|0|0|1|0|1|0|1|1|1|0|1|0|1|0|0|0,0.00190607058464111,0.000596838506268682
discrete_dose,3,0|0|0|0|0|1|0|2|1|0|1|0|1|0|0|0|0,0.0375435951500442,-0.00392784815162528
discrete_dose,3,0|0|0|0|0|1|0|2|1|0|0|0|0|1|0|0|0,4.78356554440972e-05,0.000102247196342331
discrete_dose,3,1|0|0|1|0|1|0|2|1|0|0|0|0|1|0|0|0,2.7454609880748e-05,9.09123042363014e-05
discrete_dose,3,0|0|0|0|0|1|0|2|1|1|0|0|0|1|0|0|0,0.000254802355950676,2.81279966483083e-05
discrete_dose,3,1|0|0|1|0|1|0|2|1|1|0|0|0|1|0|0|0,0.000187989103333224,0.00028638464498254
discrete_dose,3,0|0|0|0|0|1|0|2|1|0|0|1|0|1|0|0|0,0.000216738912656018,0.000304220346112327
discrete_dose,3,1|0|0|1|0|1|0|2|1|0|0|1|0|1|0|0|0,0.000218767009780279,0.000563509217055058
discrete_dose,3,0|0|0|0|0|1|0|2|1|1|0|1|0|1|0|0|0,0.00156586775190226,-0.00104647672251601
discrete_dose,3,1|0|0|1|0|1|0|2|1|1|0|1|0|1|0|0|0,0.00202893372273896,0.00150732600160786
discrete_dose,3,0|0|0|0|0|1|0|3|1|0|1|0|1|0|0|0|0,0.0299086572901431,0.00400667917403363
discrete_dose,3,0|0|0|0|0|1|0|3|1|0|0|0|0|1|0|0|0,5.03517541734159e-06,1.28730426678381e-05
discrete_dose,3,1|0|0|1|0|1|0|3|1|0|0|0|0|1|0|0|0,2.74435569969999e-06,1.01800455127865e-05
discrete_dose,3,0|0|0|0|0|1|0|3|1|1|0|0|0|1|0|0|0,3.67543892415952e-05,2.10170728154324e-05
discrete_dose,3,1|0|0|1|0|1|0|3|1|1|0|0|0|1|0|0|0,2.60741341985584e-05,5.12120390279147e-05
discrete_dose,3,0|0|0|0|0|1|0|3|1|0|0|1|0|1|0|0|0,0.000138016126303479,0.000251070502338413
discrete_dose,3,1|0|0|1|0|1|0|3|1|0|0|1|0|1|0|0|0,0.000132293047619095,0.000392472148507794
discrete_dose,3,0|0|0|0|0|1|0|3|1|1|0|1|0|1|0|0|0,0.00136644110750244,-0.000297198518683928
discrete_dose,3,1|0|0|1|0|1|0|3|1|1|0|1|0|1|0|0|0,0.00170245306644269,0.00199647626840793
discrete_dose,3,1|0|0|1|0|1|0|0|0|0|1|0|1|0|0|0|0,0.0339232475326121,-0.0180130424412354
discrete_dose,3,1|0|0|1|0|1|0|1|0|0|1|0|1|0|0|0|0,0.0376646392861478,-0.0152037355784418
discrete_dose,3,1|0|0|1|0|1|0|2|0|0|1|0|1|0|0|0|0,0.0323167270827079,-0.00892999728028188
discrete_dose,3,1|0|0|1|0|1|0|3|0|0|1|0|1|0|0|0|0,0.0260489960763803,-0.00388114626648783
discrete_dose,3,1|0|0|1|0|1|0|0|1|0|1|0|1|0|0|0|0,0.0386201710560533,0.00394557360903214
discrete_dose,3,1|0|0|1|0|1|0|1|1|0|1|0|1|0|0|0|0,0.0417210106241467,0.00957484121312202
discrete_dose,3,1|0|0|1|0|1|0|2|1|0|1|0|1|0|0|0|0,0.0347158330496133,0.0123876572235624
discrete_dose,3,1|0|0|1|0|1|0|3|1|0|1|0|1|0|0|0|0,0.0274954412637132,0.0133122893164266
discrete_dose,3,0|0|0|0|0|1|0|0|0|0|0|0|0|1|0|1|0,0.00488382212678092,-0.00295765763043554
discrete_dose,3,1|0|0|1|0|1|0|0|0|0|0|0|0|1|0|1|0,0.00535915839246372,0.00200300096548611
discrete_dose,3,0|0|0|0|0|1|0|0|0|1|0|0|0|1|0|1|0,0.000611467577240109,-0.0011243800697085
discrete_dose,3,1|0|0|1|0|1|0|0|0|1|0|0|0|1|0|1|0,0.000851658640968403,-0.000873387097198197
discrete_dose,3,0|0|0|0|0|1|0|0|0|0|0|1|0|1|0|1|0,0.000495023672885394,-0.000684799920824708
discrete_dose,3,1|0|0|1|0|1|0|0|0|0|0|1|0|1|0|1|0,0.000955309541694711,-0.000191349521609041
discrete_dose,3,0|0|0|0|0|1|0|0|0|1|0|1|0|1|0|1|0,8.40632242587983e-05,-0.000236998991427928
discrete_dose,3,1|0|0|1|0|1|0|0|0|1|0|1|0|1|0|1|0,0.000205627743679392,-0.000383390028238062
discrete_dose,3,0|0|0|0|0|1|0|1|0|0|0|0|0|1|0|1|0,0.00312056230589087,-0.00093813043455615
discrete_dose,3,1|0|0|1|0|1|0|1|0|0|0|0|0|1|0|1|0,0.00228172654808762,0.00156003452857556
discrete_dose,3,0|0|0|0|0|1|0|1|0|1|0|0|0|1|0|1|0,0.00048563503604098,-0.000762746891840083
discrete_dose,3,1|0|0|1|0|1|0|1|0|1|0|0|0|1|0|1|0,0.000444731676907028,-0.000331593626955229
discrete_dose,3,0|0|0|0|0|1|0|1|0|0|0|1|0|1|0|1|0,0.00191350259545927,-0.00193534663922379
discrete_dose,3,1|0|0|1|0|1|0|1|0|0|0|1|0|1|0|1|0,0.0024606009391304,0.000441562294747788
discrete_dose,3,0|0|0|0|0|1|0|1|0|1|0|1|0|1|0|1|0,0.000403898916747719,-0.00100614380345332
discrete_dose,3,1|0|0|1|0|1|0|1|0|1|0|1|0|1|0|1|0,0.000649597409635596,-0.000986696004760645
discrete_dose,3,0|0|0|0|0|1|0|2|0|0|0|0|0|1|0|1|0,0.000638630283206209,2.77533418913123e-06
discrete_dose,3,1|0|0|1|0|1|0|2|0|0|0|0|0|1|0|1|0,0.00039097226023752,0.000388494653019933
discrete_dose,3,0|0|0|0|0|1|0|2|0|1|0|0|0|1|0|1|0,0.000125466975323014,-0.000163409815168381
discrete_dose,3,1|0|0|1|0|1|0|2|0|1|0|0|0|1|0|1|0,9.87396433406007e-05,-4.59825077645526e-05
discrete_dose,3,0|0|0|0|0|1|0|2|0|0|0|1|0|1|0|1|0,0.00236905843610438,-0.00151492628120986
discrete_dose,3,1|0|0|1|0|1|0|2|0|0|0|1|0|1|0|1|0,0.00255066605419856,0.00142635064026564
discrete_dose,3,0|0|0|0|0|1|0|2|0|1|0|1|0|1|0|1|0,0.000631280207270472,-0.00136537191925479
discrete_dose,3,1|0|0|1|0|1|0|2|0|1|0|1|0|1|0|1|0,0.000872504834351386,-0.00102378266623104
discrete_dose,3,0|0|0|0|0|1|0|3|0|0|0|0|0|1|0|1|0,8.44205231155579e-05,2.61129706626839e-05
discrete_dose,3,1|0|0|1|0|1|0|3|0|0|0|0|0|1|0|1|0,4.84016214111409e-05,6.30972244628492e-05
discrete_dose,3,0|0|0|0|0|1|0|3|0|1|0|0|0|1|0|1|0,2.27285041327267e-05,-2.35060102498075e-05
discrete_dose,3,1|0|0|1|0|1|0|3|0|1|0|0|0|1|0|1|0,1.69612406601566e-05,-3.15114717086562e-06
discrete_dose,3,0|0|0|0|0|1|0|3|0|0|0|1|0|1|0|1|0,0.00189454258297782,-0.000506811289003872
discrete_dose,3,1|0|0|1|0|1|0|3|0|0|0|1|0|1|0|1|0,0.00191028266717933,0.00179368135712732
discrete_dose,3,0|0|0|0|0|1|0|3|0|1|0|1|0|1|0|1|0,0.000691820880480588,-0.00126924612885515
discrete_dose,3,1|0|0|1|0|1|0|3|0|1|0|1|0|1|0|1|0,0.000906700742873751,-0.000750595990918312
discrete_dose,3,0|0|0|0|0|1|0|0|1|0|0|0|0|1|0|1|0,0.000694841258881426,0.00063290630400803
discrete_dose,3,1|0|0|1|0|1|0|0|1|0|0|0|0|1|0|1|0,0.000704819146265982,0.00134971908345749
discrete_dose,3,0|0|0|0|0|1|0|0|1|1|0|0|0|1|0|1|0,0.00318389933966378,-0.00160847544942444
discrete_dose,3,1|0|0|1|0|1|0|0|1|1|0|0|0|1|0|1|0,0.00409927252811897,0.00150164459602764
discrete_dose,3,0|0|0|0|0|1|0|0|1|0|0|1|0|1|0|1|0,7.04290334731153e-05,3.28300193483955e-05
discrete_dose,3,1|0|0|1|0|1|0|0|1|0|0|1|0|1|0|1|0,0.000125639215393198,0.000212079532381892
discrete_dose,3,0|0|0|0|0|1|0|0|1|1|0|1|0|1|0|1|0,0.000437715512923259,-0.00051968117031953
discrete_dose,3,1|0|0|1|0|1|0|0|1|1|0|1|0|1|0|1|0,0.000989744153509145,-0.000144752247880242
discrete_dose,3,0|0|0|0|0|1|0|1|1|0|0|0|0|1|0|1|0,0.000345954357795489,0.000420624803505465
discrete_dose,3,1|0|0|1|0|1|0|1|1|0|0|0|0|1|0|1|0,0.000234893920121051,0.00052262521627533
discrete_dose,3,0|0|0|0|0|1|0|1|1|1|0|0|0|1|0|1|0,0.00197040768850978,-0.000466958787329164
discrete_dose,3,1|0|0|1|0|1|0|1|1|1|0|0|0|1|0|1|0,0.00167558467364733,0.00108281154931067
discrete_dose,3,0|0|0|0|0|1|0|1|1|0|0|1|0|1|0|1|0,0.000212136306428635,0.000177790494152896
discrete_dose,3,1|0|0|1|0|1|0|1|1|0|0|1|0|1|0|1|0,0.000253308268219214,0.000523780292035037
discrete_dose,3,0|0|0|0|0|1|0|1|1|1|0|1|0|1|0|1|0,0.0016387728888517,-0.00140777392995661
discrete_dose,3,1|0|0|1|0|1|0|1|1|1|0|1|0|1|0|1|0,0.00244744307668005,0.000487773138823311
discrete_dose,3,0|0|0|0|0|1|0|2|1|0|0|0|0|1|0|1|0,5.55771025183038e-05,8.45224033378944e-05
discrete_dose,3,1|0|0|1|0|1|0|2|1|0|0|0|0|1|0|1|0,3.18977058801993e-05,8.08573820145764e-05
discrete_dose,3,0|0|0|0|0|1|0|2|1|1|0|0|0|1|0|1|0,0.000399609639729048,1.24752832233455e-05
discrete_dose,3,1|0|0|1|0|1|0|2|1|1|0|0|0|1|0|1|0,0.000294825601496865,0.000273049308538109
discrete_dose,3,0|0|0|0|0|1|0|2|1|0|0|1|0|1|0|1|0,0.000206168431152695,0.000249473664037048
discrete_dose,3,1|0|0|1|0|1|0|2|1|0|0|1|0|1|0|1|0,0.000208097616813036,0.00050932151198424
discrete_dose,3,0|0|0|0|0|1|0|2|1|1|0|1|0|1|0|1|0,0.0020106139926142,-0.00106728453606952
discrete_dose,3,1|0|0|1|0|1|0|2|1|1|0|1|0|1|0|1|0,0.0026052024687717,0.00141944544005757
discrete_dose,3,0|0|0|0|0|1|0|3|1|0|0|0|0|1|0|1|0,5.85003921801114e-06,1.06809304121214e-05
discrete_dose,3,1|0|0|1|0|1|0|3|1|0|0|0|0|1|0|1|0,3.18848642613798e-06,9.07077039613569e-06
discrete_dose,3,0|0|0|0|0|1|0|3|1|1|0|0|0|1|0|1|0,5.76423565178425e-05,1.72594601308695e-05
discrete_dose,3,1|0|0|1|0|1|0|3|1|1|0|0|0|1|0|1|0,4.08923823897052e-05,4.93181637295503e-05
discrete_dose,3,0|0|0|0|0|1|0|3|1|0|0|1|0|1|0|1|0,0.000131285000395476,0.000207692886889932
discrete_dose,3,1|0|0|1|0|1|0|3|1|0|0|1|0|1|0|1|0,0.000125841039552158,0.000355786163970473
discrete_dose,3,0|0|0|0|0|1|0|3|1|1|0|1|0|1|0|1|0,0.00175454511244008,-0.000355486377700109
discrete_dose,3,1|0|0|1|0|1|0|3|1|1|0|1|0|1|0|1|0,0.0021859930080304,0.00194641166691834
discrete_dose,3,0|0|0|0|0|1|0|0|0|0|0|0|0|1|0|2|0,0.00380352449671843,-0.00263746303622914
discrete_dose,3,1|0|0|1|0|1|0|0|0|0|0|0|0|1|0|2|0,0.00461267037531881,0.00163199952555049
discrete_dose,3,0|0|0|0|0|1|0|0|0|1|0|0|0|1|0|2|0,0.000526295021055867,-0.00104848633585453
discrete_dose,3,1|0|0|1|0|1|0|0|0|1|0|0|0|1|0|2|0,0.000810122758919434,-0.000902312635856384
discrete_dose,3,0|0|0|0|0|1|0|0|0|0|0|1|0|1|0|2|0,0.000348837286411149,-0.000614828232527453
discrete_dose,3,1|0|0|1|0|1|0|0|0|0|0|1|0|1|0|2|0,0.000743995819147426,-0.00021683272134887
discrete_dose,3,0|0|0|0|0|1|0|0|0|1|0|1|0|1|0|2|0,6.54685048802593e-05,-0.000229090641621466
discrete_dose,3,1|0|0|1|0|1|0|0|0|1|0|1|0|1|0|2|0,0.00017698543915914,-0.000401295685928837
discrete_dose,3,0|0|0|0|0|1|0|1|0|0|0|0|0|1|0|2|0,0.00243029636745092,-0.000895636728635241
discrete_dose,3,1|0|0|1|0|1|0|1|0|0|0|0|0|1|0|2|0,0.00196390023995983,0.00134176048321288
discrete_dose,3,0|0|0|0|0|1|0|1|0|1|0|0|0|1|0|2|0,0.000417989949151942,-0.000713595152597057
discrete_dose,3,1|0|0|1|0|1|0|1|0|1|0|0|0|1|0|2|0,0.000423041857081509,-0.000346448416149614
discrete_dose,3,0|0|0|0|0|1|0|1|0|0|0|1|0|1|0|2|0,0.00134842248866599,-0.00175835706638416
discrete_dose,3,1|0|0|1|0|1|0|1|0|0|0|1|0|1|0|2|0,0.00191631793822099,0.000327260090814407
discrete_dose,3,0|0|0|0|0|1|0|1|0|1|0|1|0|1|0|2|0,0.000314556792644816,-0.000974188234244999
discrete_dose,3,1|0|0|1|0|1|0|1|0|1|0|1|0|1|0|2|0,0.000559113671938413,-0.00103649311897336
discrete_dose,3,0|0|0|0|0|1|0|2|0|0|0|0|0|1|0|2|0,0.000497365764654109,-2.17018636545774e-05
discrete_dose,3,1|0|0|1|0|1|0|2|0|0|0|0|0|1|0|2|0,0.000336512942947367,0.00034075849488957
discrete_dose,3,0|0|0|0|0|1|0|2|0|1|0|0|0|1|0|2|0,0.000107990426438444,-0.000153585099277986
discrete_dose,3,1|0|0|1|0|1|0|2|0|1|0|0|0|1|0|2|0,9.39240541102854e-05,-4.92250789074777e-05
discrete_dose,3,0|0|0|0|0|1|0|2|0|0|0|1|0|1|0|2|0,0.0016694472637704,-0.00141154063989446
discrete_dose,3,1|0|0|1|0|1|0|2|0|0|0|1|0|1|0|2|0,0.00198646072036349,0.00125741851480687
discrete_dose,3,0|0|0|0|0|1|0|2|0|1|0|1|0|1|0|2|0,0.000491641519759723,-0.00132486944485677
discrete_dose,3,1|0|0|1|0|1|0|2|0|1|0|1|0|1|0|2|0,0.000750971870395662,-0.00108157636149586
discrete_dose,3,0|0|0|0|0|1|0|3|0|0|0|0|0|1|0|2|0,6.57467695096942e-05,1.84921086119338e-05
discrete_dose,3,1|0|0|1|0|1|0|3|0|0|0|0|0|1|0|2|0,4.16596616204748e-05,5.59081192199606e-05
discrete_dose,3,0|0|0|0|0|1|0|3|0|1|0|0|0|1|0|2|0,1.95626047992478e-05,-2.22468711736923e-05
discrete_dose,3,1|0|0|1|0|1|0|3|0|1|0|0|0|1|0|2|0,1.61340311919789e-05,-3.69861405979943e-06
discrete_dose,3,0|0|0|0|0|1|0|3|0|0|0|1|0|1|0|2|0,0.00133506159368939,-0.000516691587455265
discrete_dose,3,1|0|0|1|0|1|0|3|0|0|0|1|0|1|0|2|0,0.00148772963708699,0.00162938133892987
discrete_dose,3,0|0|0|0|0|1|0|3|0|1|0|1|0|1|0|2|0,0.000538790643463431,-0.00123520799389165
discrete_dose,3,1|0|0|1|0|1|0|3|0|1|0|1|0|1|0|2|0,0.000780404561621963,-0.000801207324302999
discrete_dose,3,0|0|0|0|0|1|0|0|1|0|0|0|0|1|0|2|0,0.000541142916527176,0.000498988794297217
discrete_dose,3,1|0|0|1|0|1|0|0|1|0|0|0|0|1|0|2|0,0.00060664346112823,0.00120828284464469
discrete_dose,3,0|0|0|0|0|1|0|0|1|1|0|0|0|1|0|2|0,0.00274040755778309,-0.00157594171845887
discrete_dose,3,1|0|0|1|0|1|0|0|1|1|0|0|0|1|0|2|0,0.00389934864779419,0.00137387497357144
discrete_dose,3,0|0|0|0|0|1|0|0|1|0|0|1|0|1|0|2|0,4.9630501058905e-05,2.56759073458124e-05
discrete_dose,3,1|0|0|1|0|1|0|0|1|0|0|1|0|1|0|2|0,9.78479193326993e-05,0.000196372311449089
discrete_dose,3,0|0|0|0|0|1|0|0|1|1|0|1|0|1|0|2|0,0.000340893184227136,-0.000511059897092547
discrete_dose,3,1|0|0|1|0|1|0|0|1|1|0|1|0|1|0|2|0,0.000851880687545388,-0.000179657719971305
discrete_dose,3,0|0|0|0|0|1|0|1|1|0|0|0|0|1|0|2|0,0.000269429524758092,0.000335978054953445
discrete_dose,3,1|0|0|1|0|1|0|1|1|0|0|0|0|1|0|2|0,0.000202175070661939,0.000469279752393081
discrete_dose,3,0|0|0|0|0|1|0|1|1|1|0|0|0|1|0|2|0,0.00169594561430963,-0.000491959070354042
discrete_dose,3,1|0|0|1|0|1|0|1|1|1|0|0|0|1|0|2|0,0.00159386544481577,0.00103152731216527
discrete_dose,3,0|0|0|0|0|1|0|1|1|0|0|1|0|1|0|2|0,0.000149489928537179,0.000145877954558893
discrete_dose,3,1|0|0|1|0|1|0|1|1|0|0|1|0|1|0|2|0,0.000197276677647585,0.000487102245758431
discrete_dose,3,0|0|0|0|0|1|0|1|1|1|0|1|0|1|0|2|0,0.00127627760911389,-0.00140001009391844
discrete_dose,3,1|0|0|1|0|1|0|1|1|1|0|1|0|1|0|2|0,0.0021065337779448,0.000426960132633214
discrete_dose,3,0|0|0|0|0|1|0|2|1|0|0|0|0|1|0|2|0,4.32834909620947e-05,6.8037065875215e-05
discrete_dose,3,1|0|0|1|0|1|0|2|1|0|0|0|0|1|0|2|0,2.7454609880748e-05,7.27700783946794e-05
discrete_dose,3,0|0|0|0|0|1|0|2|1|1|0|0|0|1|0|2|0,0.000343947204371135,-1.74840227029627e-06
discrete_dose,3,1|0|0|1|0|1|0|2|1|1|0|0|0|1|0|2|0,0.00028044678723994,0.000264191364741428
discrete_dose,3,0|0|0|0|0|1|0|2|1|0|0|1|0|1|0|2|0,0.000145284437909297,0.000208386515651249
discrete_dose,3,1|0|0|1|0|1|0|2|1|0|0|1|0|1|0|2|0,0.000162066586929286,0.00047507411344494
discrete_dose,3,0|0|0|0|0|1|0|2|1|1|0|1|0|1|0|2|0,0.00156586775190226,-0.0010878347857417
discrete_dose,3,1|0|0|1|0|1|0|2|1|1|0|1|0|1|0|2|0,0.00224231854507406,0.00138185766335619
discrete_dose,3,0|0|0|0|0|1|0|3|1|0|0|0|0|1|0|2|0,4.5560151239855e-06,8.64180561666039e-06
discrete_dose,3,1|0|0|1|0|1|0|3|1|0|0|0|0|1|0|2|0,2.74435569969999e-06,8.1780804244147e-06
discrete_dose,3,0|0|0|0|0|1|0|3|1|1|0|0|0|1|0|2|0,4.9613236034844e-05,1.38873807455919e-05
discrete_dose,3,1|0|0|1|0|1|0|3|1|1|0|0|0|1|0|2|0,3.88980373670224e-05,4.81125496278878e-05
discrete_dose,3,0|0|0|0|0|1|0|3|1|0|0|1|0|1|0|2|0,9.25149761374087e-05,0.000175115257118996
discrete_dose,3,1|0|0|1|0|1|0|3|1|0|0|1|0|1|0|2|0,9.800510014574e-05,0.000332587198644818
discrete_dose,3,0|0|0|0|0|1|0|3|1|1|0|1|0|1|0|2|0,0.00136644110750244,-0.000399664694603508
discrete_dose,3,1|0|0|1|0|1|0|3|1|1|0|1|0|1|0|2|0,0.00188150161842117,0.00193764940256869
discrete_dose,3,0|0|0|0|0|1|0|0|0|0|0|0|0|1|0|3|0,0.00296218785647559,-0.00249717333670907
discrete_dose,3,1|0|0|1|0|1|0|0|0|0|0|0|0|1|0|3|0,0.00397016218465647,0.00152586075109484
discrete_dose,3,0|0|0|0|0|1|0|0|0|1|0|0|0|1|0|3|0,0.000452986322575578,-0.00101979961468535
discrete_dose,3,1|0|0|1|0|1|0|0|0|1|0|0|0|1|0|3|0,0.000770612605741864,-0.000906063602861273
discrete_dose,3,0|0|0|0|0|1|0|0|0|0|0|1|0|1|0|3|0,0.000245821480983732,-0.000592694112789172
discrete_dose,3,1|0|0|1|0|1|0|0|0|0|0|1|0|1|0|3|0,0.000579424526553867,-0.000218367461792934
discrete_dose,3,0|0|0|0|0|1|0|0|0|1|0|1|0|1|0|3|0,5.098692286726e-05,-0.000228426357678946
discrete_dose,3,1|0|0|1|0|1|0|0|0|1|0|1|0|1|0|3|0,0.000152332779195364,-0.000408982534354063
discrete_dose,3,0|0|0|0|0|1|0|1|0|0|0|0|0|1|0|3|0,0.00189271671406637,-0.000864408392903582
discrete_dose,3,1|0|0|1|0|1|0|1|0|0|0|0|0|1|0|3|0,0.00169034460143651,0.00127187558393627
discrete_dose,3,0|0|0|0|0|1|0|1|0|1|0|0|0|1|0|3|0,0.000359767283300581,-0.000694627685119742
discrete_dose,3,1|0|0|1|0|1|0|1|0|1|0|0|0|1|0|3|0,0.000402409862251357,-0.000348533238394566
discrete_dose,3,0|0|0|0|0|1|0|1|0|0|0|1|0|1|0|3|0,0.000950217267671792,-0.00169941205674329
discrete_dose,3,1|0|0|1|0|1|0|1|0|0|0|1|0|1|0|3|0,0.00149242991090029,0.000309468806026558
discrete_dose,3,0|0|0|0|0|1|0|1|0|1|0|1|0|1|0|3|0,0.000244977076432212,-0.000971617187881524
discrete_dose,3,1|0|0|1|0|1|0|1|0|1|0|1|0|1|0|3|0,0.000481233597165695,-0.00105665976568847
discrete_dose,3,0|0|0|0|0|1|0|2|0|0|0|0|0|1|0|3|0,0.000387348846985528,-2.72648660937236e-05
discrete_dose,3,1|0|0|1|0|1|0|2|0|0|0|0|0|1|0|3|0,0.000289639374165069,0.000324552289409752
discrete_dose,3,0|0|0|0|0|1|0|2|0|1|0|0|0|1|0|3|0,9.29482214131121e-05,-0.000149670587347828
discrete_dose,3,1|0|0|1|0|1|0|2|0|1|0|0|0|1|0|3|0,8.93433239381007e-05,-4.97159465384645e-05
discrete_dose,3,0|0|0|0|0|1|0|2|0|0|0|1|0|1|0|3|0,0.00117643960319249,-0.00137151234780164
discrete_dose,3,1|0|0|1|0|1|0|2|0|0|0|1|0|1|0|3|0,0.00154705716455967,0.00122463126045558
discrete_dose,3,0|0|0|0|0|1|0|2|0|1|0|1|0|1|0|3|0,0.000382890800579288,-0.00132182102854739
discrete_dose,3,1|0|0|1|0|1|0|2|0|1|0|1|0|1|0|3|0,0.000646367478920391,-0.0011031336232632
discrete_dose,3,0|0|0|0|0|1|0|3|0|0|0|0|0|1|0|3|0,5.1203635578565e-05,1.61765425943372e-05
discrete_dose,3,1|0|0|1|0|1|0|3|0|0|0|0|0|1|0|3|0,3.58568030519115e-05,5.33779731044515e-05
discrete_dose,3,0|0|0|0|0|1|0|3|0|1|0|0|0|1|0|3|0,1.68376899903637e-05,-2.17163415366928e-05
discrete_dose,3,1|0|0|1|0|1|0|3|0|1|0|0|0|1|0|3|0,1.53471652056226e-05,-3.78774275444638e-06
discrete_dose,3,0|0|0|0|0|1|0|3|0|0|0|1|0|1|0|3|0,0.0009408020041138,-0.000511031066479872
discrete_dose,3,1|0|0|1|0|1|0|3|0|0|0|1|0|1|0|3|0,0.00115864500636189,0.00159408253362003
discrete_dose,3,0|0|0|0|0|1|0|3|0|1|0|1|0|1|0|3|0,0.000419610575040866,-0.00123293029976723
discrete_dose,3,1|0|0|1|0|1|0|3|0|1|0|1|0|1|0|3|0,0.000671700431026524,-0.000817863248597228
discrete_dose,3,0|0|0|0|0|1|0|0|1|0|0|0|0|1|0|3|0,0.000421442527144908,0.000454276215589022
discrete_dose,3,1|0|0|1|0|1|0|0|1|0|0|0|0|1|0|3|0,0.000522142865839172,0.0011563928920213
discrete_dose,3,0|0|0|0|0|1|0|0|1|1|0|0|0|1|0|3|0,0.00235869064363942,-0.0015509685735019
discrete_dose,3,1|0|0|1|0|1|0|0|1|1|0|0|0|1|0|3|0,0.00370917517016891,0.0013500415691774
discrete_dose,3,0|0|0|0|0|1|0|0|1|0|0|1|0|1|0|3|0,3.49740229829823e-05,2.39542077649091e-05
discrete_dose,3,1|0|0|1|0|1|0|0|1|0|0|1|0|1|0|3|0,7.62040361982139e-05,0.000192657011008013
discrete_dose,3,0|0|0|0|0|1|0|0|1|1|0|1|0|1|0|3|0,0.000265487878819798,-0.000510945472827373
discrete_dose,3,1|0|0|1|0|1|0|0|1|1|0|1|0|1|0|3|0,0.000733220502732778,-0.000185466961291514
discrete_dose,3,0|0|0|0|0|1|0|1|1|0|0|0|0|1|0|3|0,0.000209831924864159,0.000307240506635997
discrete_dose,3,1|0|0|1|0|1|0|1|1|0|0|0|0|1|0|3|0,0.000174013695953031,0.000449444225925522
discrete_dose,3,0|0|0|0|0|1|0|1|1|1|0|0|0|1|0|3|0,0.00145971391781939,-0.000491986515007481
discrete_dose,3,1|0|0|1|0|1|0|1|1|1|0|0|0|1|0|3|0,0.00151613170980368,0.00102131031823816
discrete_dose,3,0|0|0|0|0|1|0|1|1|0|0|1|0|1|0|3|0,0.000105343772173051,0.000137741601839547
discrete_dose,3,1|0|0|1|0|1|0|1|1|0|0|1|0|1|0|3|0,0.000153639231033664,0.00047818703323177
discrete_dose,3,0|0|0|0|0|1|0|1|1|1|0|1|0|1|0|3|0,0.000993966001394401,-0.00140209987869588
discrete_dose,3,1|0|0|1|0|1|0|1|1|1|0|1|0|1|0|3|0,0.0018131104252859,0.000428105718945693
discrete_dose,3,0|0|0|0|0|1|0|2|1|0|0|0|0|1|0|3|0,3.37092166553435e-05,6.23801189132411e-05
discrete_dose,3,1|0|0|1|0|1|0|2|1|0|0|0|0|1|0|3|0,2.3630401713998e-05,6.97312613844314e-05
discrete_dose,3,0|0|0|0|0|1|0|2|1|1|0|0|0|1|0|3|0,0.000296038102271336,-4.89390126445777e-06
discrete_dose,3,1|0|0|1|0|1|0|2|1|1|0|0|0|1|0|3|0,0.000266769236029322,0.00026231005844668
discrete_dose,3,0|0|0|0|0|1|0|2|1|0|0|1|0|1|0|3|0,0.000102380213016159,0.000197611566687073
discrete_dose,3,1|0|0|1|0|1|0|2|1|0|0|1|0|1|0|3|0,0.000126217584810238,0.000466579769205611
discrete_dose,3,0|0|0|0|0|1|0|2|1|1|0|1|0|1|0|3|0,0.00121949903136774,-0.00109348830808553
discrete_dose,3,1|0|0|1|0|1|0|2|1|1|0|1|0|1|0|3|0,0.00192998145743107,0.00139958759508119
discrete_dose,3,0|0|0|0|0|1|0|3|1|0|0|0|0|1|0|3|0,3.54822814624507e-06,7.93685435818148e-06
discrete_dose,3,1|0|0|1|0|1|0|3|1|0|0|0|0|1|0|3|0,2.36208884087935e-06,7.83981220653374e-06
discrete_dose,3,0|0|0|0|0|1|0|3|1|1|0|0|0|1|0|3|0,4.27025079914493e-05,1.29807281534777e-05
discrete_dose,3,1|0|0|1|0|1|0|3|1|1|0|0|0|1|0|3|0,3.700095769884e-05,4.78400184920069e-05
discrete_dose,3,0|0|0|0|0|1|0|3|1|0|0|1|0|1|0|3|0,6.51942018046429e-05,0.000166427954056303
discrete_dose,3,1|0|0|1|0|1|0|3|1|0|0|1|0|1|0|3|0,7.63264487384938e-05,0.000326742767954524
discrete_dose,3,0|0|0|0|0|1|0|3|1|1|0|1|0|1|0|3|0,0.00106418540454386,-0.000407294271447256
discrete_dose,3,1|0|0|1|0|1|0|3|1|1|0|1|0|1|0|3|0,0.00161942345063176,0.00196638012507488
discrete_dose,3,0|0|0|0|0|1|0|0|0|0|0|0|0|1|0|0|1,0.00361802441808784,-0.00204664262591203
discrete_dose,3,1|0|0|1|0|1|0|0|0|0|0|0|0|1|0|0|1,0.00325049387528552,0.00185983552879421
discrete_dose,3,0|0|0|0|0|1|0|0|0|1|0|0|0|1|0|0|1,0.000335580521483595,-0.000903808106314519
discrete_dose,3,1|0|0|1|0|1|0|0|0|1|0|0|0|1|0|0|1,0.000382674894927813,-0.000646901941139033
discrete_dose,3,0|0|0|0|0|1|0|0|0|0|0|1|0|1|0|0|1,0.000604623279416797,-0.00058987654468734
discrete_dose,3,1|0|0|1|0|1|0|0|0|0|0|1|0|1|0|0|1,0.000955309541694711,-7.78111829169426e-05
discrete_dose,3,0|0|0|0|0|1|0|0|0|1|0|1|0|1|0|0|1,7.6063550790109e-05,-0.000220845879692066
discrete_dose,3,1|0|0|1|0|1|0|0|0|1|0|1|0|1|0|0|1,0.000152332779195364,-0.000329133573894636
discrete_dose,3,0|0|0|0|0|1|0|1|0|0|0|0|0|1|0|0|1,0.00231176941497651,-0.000549529142935601
discrete_dose,3,1|0|0|1|0|1|0|1|0|0|0|0|0|1|0|0|1,0.00138393710849542,0.00132792667366854
discrete_dose,3,0|0|0|0|0|1|0|1|0|1|0|0|0|1|0|0|1,0.000266522158674232,-0.000608899142639618
discrete_dose,3,1|0|0|1|0|1|0|1|0|1|0|0|0|1|0|0|1,0.00019983082369475,-0.000238472936108902
discrete_dose,3,0|0|0|0|0|1|0|1|0|0|0|1|0|1|0|0|1,0.0023371573478406,-0.00161797676271824
discrete_dose,3,1|0|0|1|0|1|0|1|0|0|0|1|0|1|0|0|1,0.0024606009391304,0.000616578635374232
discrete_dose,3,0|0|0|0|0|1|0|1|0|1|0|1|0|1|0|0|1,0.000365462852977528,-0.000933425396115628
discrete_dose,3,1|0|0|1|0|1|0|1|0|1|0|1|0|1|0|0|1,0.000481233597165695,-0.000836884005564698
discrete_dose,3,0|0|0|0|0|1|0|2|0|0|0|0|0|1|0|0|1,0.000473108950078285,4.27032676828532e-05
discrete_dose,3,1|0|0|1|0|1|0|2|0|0|0|0|0|1|0|0|1,0.000237136662931203,0.000319396110477044
discrete_dose,3,0|0|0|0|0|1|0|2|0|1|0|0|0|1|0|0|1,6.8857736002792e-05,-0.000129173819276796
discrete_dose,3,1|0|0|1|0|1|0|2|0|1|0|0|0|1|0|0|1,4.43665816595361e-05,-3.08913113650222e-05
discrete_dose,3,0|0|0|0|0|1|0|2|0|0|0|1|0|1|0|0|1,0.0028935745081005,-0.00118335062452735
discrete_dose,3,1|0|0|1|0|1|0|2|0|0|0|1|0|1|0|0|1,0.00255066605419856,0.00148604940496577
discrete_dose,3,0|0|0|0|0|1|0|2|0|1|0|1|0|1|0|0|1,0.00057120595280382,-0.00125936236617874
discrete_dose,3,1|0|0|1|0|1|0|2|0|1|0|1|0|1|0|0|1,0.000646367478920391,-0.000851560661297768
discrete_dose,3,0|0|0|0|0|1|0|3|0|0|0|0|0|1|0|0|1,6.25402617234875e-05,2.61562913190794e-05
discrete_dose,3,1|0|0|1|0|1|0|3|0|0|0|0|0|1|0|0|1,2.93570673656604e-05,5.09123268852552e-05
discrete_dose,3,0|0|0|0|0|1|0|3|0|1|0|0|0|1|0|0|1,1.24736675390516e-05,-1.83025439459694e-05
discrete_dose,3,1|0|0|1|0|1|0|3|0|1|0|0|0|1|0|0|1,7.62117669597106e-06,-1.51794406777483e-06
discrete_dose,3,0|0|0|0|0|1|0|3|0|0|0|1|0|1|0|0|1,0.002313999536301,-0.000290712554902761
discrete_dose,3,1|0|0|1|0|1|0|3|0|0|0|1|0|1|0|0|1,0.00191028266717933,0.00174722873690492
discrete_dose,3,0|0|0|0|0|1|0|3|0|1|0|1|0|1|0|0|1,0.000625985419237419,-0.0011614502835875
discrete_dose,3,1|0|0|1|0|1|0|3|0|1|0|1|0|1|0|0|1,0.000671700431026524,-0.000601758155420407
discrete_dose,3,0|0|0|0|0|1|0|0|1|0|0|0|0|1|0|0|1,0.000514751065060783,0.000548278705728933
discrete_dose,3,1|0|0|1|0|1|0|0|1|0|0|0|0|1|0|0|1,0.000427494421762801,0.00106800320809675
discrete_dose,3,0|0|0|0|0|1|0|0|1|1|0|0|0|1|0|0|1,0.00174736100575957,-0.00115542650827327
discrete_dose,3,1|0|0|1|0|1|0|0|1|1|0|0|0|1|0|0|1,0.00184192187869388,0.00143914182430249
discrete_dose,3,0|0|0|0|0|1|0|0|1|0|0|1|0|1|0|0|1,8.6022215738618e-05,3.72658644613999e-05
discrete_dose,3,1|0|0|1|0|1|0|0|1|0|0|1|0|1|0|0|1,0.000125639215393198,0.000197197988106801
discrete_dose,3,0|0|0|0|0|1|0|0|1|1|0|1|0|1|0|0|1,0.000396061374547767,-0.000461936839841859
discrete_dose,3,1|0|0|1|0|1|0|0|1|1|0|1|0|1|0|0|1,0.000733220502732778,-4.71640173740351e-05
discrete_dose,3,0|0|0|0|0|1|0|1|1|0|0|0|0|1|0|0|1,0.000256289291779141,0.000357037632649604
discrete_dose,3,1|0|0|1|0|1|0|1|1|0|0|0|0|1|0|0|1,0.000142470364333508,0.000411118719662262
discrete_dose,3,0|0|0|0|0|1|0|1|1|1|0|0|0|1|0|0|1,0.0010813826673033,-0.000273139107250353
discrete_dose,3,1|0|0|1|0|1|0|1|1|1|0|0|0|1|0|0|1,0.000752888725700648,0.000962512535091387
discrete_dose,3,0|0|0|0|0|1|0|1|1|0|0|1|0|1|0|0|1,0.000259103869777846,0.000185657791454075
discrete_dose,3,1|0|0|1|0|1|0|1|1|0|0|1|0|1|0|0|1,0.000253308268219214,0.000481688319908136
discrete_dose,3,0|0|0|0|0|1|0|1|1|1|0|1|0|1|0|0|1,0.0014828230294959,-0.00121143444979044
discrete_dose,3,1|0|0|1|0|1|0|1|1|1|0|1|0|1|0|0|1,0.0018131104252859,0.000647749363374084
discrete_dose,3,0|0|0|0|0|1|0|2|1|0|0|0|0|1|0|0|1,4.11725301982552e-05,7.08609820829764e-05
discrete_dose,3,1|0|0|1|0|1|0|2|1|0|0|0|0|1|0|0|1,1.93469365908368e-05,6.33225588384523e-05
discrete_dose,3,0|0|0|0|0|1|0|2|1|1|0|0|0|1|0|0|1,0.000219310420178643,3.42287520120888e-05
discrete_dose,3,1|0|0|1|0|1|0|2|1|1|0|0|0|1|0|0|1,0.000132473682115823,0.000235210444856637
discrete_dose,3,0|0|0|0|0|1|0|2|1|0|0|1|0|1|0|0|1,0.000251814690455457,0.000251780463592199
discrete_dose,3,1|0|0|1|0|1|0|2|1|0|0|1|0|1|0|0|1,0.000208097616813036,0.000464811247563368
discrete_dose,3,0|0|0|0|0|1|0|2|1|1|0|1|0|1|0|0|1,0.00181927877374401,-0.000850750204570261
discrete_dose,3,1|0|0|1|0|1|0|2|1|1|0|1|0|1|0|0|1,0.00192998145743107,0.0015031501254128
discrete_dose,3,0|0|0|0|0|1|0|3|1|0|0|0|0|1|0|0|1,4.33381564440528e-06,8.88018130895674e-06
discrete_dose,3,1|0|0|1|0|1|0|3|1|0|0|0|0|1|0|0|1,1.93391477553025e-06,7.07882406381089e-06
discrete_dose,3,0|0|0|0|0|1|0|3|1|1|0|0|0|1|0|0|1,3.16347959888723e-05,1.78651847986266e-05
discrete_dose,3,1|0|0|1|0|1|0|3|1|1|0|0|0|1|0|0|1,1.83741318194515e-05,4.17575232636302e-05
discrete_dose,3,0|0|0|0|0|1|0|3|1|0|0|1|0|1|0|0|1,0.000160351861588094,0.000205761916542091
discrete_dose,3,1|0|0|1|0|1|0|3|1|0|0|1|0|1|0|0|1,0.000125841039552158,0.000322864438358383
discrete_dose,3,0|0|0|0|0|1|0|3|1|1|0|1|0|1|0|0|1,0.00158757806936789,-0.00018778272719866
discrete_dose,3,1|0|0|1|0|1|0|3|1|1|0|1|0|1|0|0|1,0.00161942345063175,0.00194399615281027
discrete_dose,3,0|0|0|0|0|1|0|0|0|0|0|0|0|1|0|1|1,0.00420354465996152,-0.00198911269628699
discrete_dose,3,1|0|0|1|0|1|0|0|0|0|0|0|0|1|0|1|1,0.00377653509008527,0.00164014224652465
discrete_dose,3,0|0|0|0|0|1|0|0|0|1|0|0|0|1|0|1|1,0.000526295021055867,-0.000921582006629729
discrete_dose,3,1|0|0|1|0|1|0|0|0|1|0|0|0|1|0|1|1,0.000600153700796459,-0.000760088561832184
discrete_dose,3,0|0|0|0|0|1|0|0|0|0|0|1|0|1|0|1|1,0.000575135454119375,-0.000564550062490232
discrete_dose,3,1|0|0|1|0|1|0|0|0|0|0|1|0|1|0|1|1,0.0009087185455663,-0.000133638229379063
discrete_dose,3,0|0|0|0|0|1|0|0|0|1|0|1|0|1|0|1|1,9.76675324980188e-05,-0.000230190814936027
discrete_dose,3,1|0|0|1|0|1|0|0|0|1|0|1|0|1|0|1|1,0.000195599160281529,-0.000388126697231206
discrete_dose,3,0|0|0|0|0|1|0|1|0|0|0|0|0|1|0|1|1,0.00268589286761164,-0.00058971227459792
discrete_dose,3,1|0|0|1|0|1|0|1|0|0|0|0|0|1|0|1|1,0.00160790552243234,0.00123266285824974
discrete_dose,3,0|0|0|0|0|1|0|1|0|1|0|0|0|1|0|1|1,0.000417989949151942,-0.000623455924974148
discrete_dose,3,1|0|0|1|0|1|0|1|0|1|0|0|0|1|0|1|1,0.000313397115837013,-0.000286026781068593
discrete_dose,3,0|0|0|0|0|1|0|1|0|0|0|1|0|1|0|1|1,0.00222317283895403,-0.0015748908919696
discrete_dose,3,1|0|0|1|0|1|0|1|0|0|0|1|0|1|0|1|1,0.00234059601525493,0.00048807626145031
discrete_dose,3,0|0|0|0|0|1|0|1|0|1|0|1|0|1|0|1|1,0.000469263592078361,-0.000975492844667025
discrete_dose,3,1|0|0|1|0|1|0|1|0|1|0|1|0|1|0|1|1,0.000617916170124823,-0.000994751786722925
discrete_dose,3,0|0|0|0|0|1|0|2|0|0|0|0|0|1|0|1|1,0.000549674178742178,1.87332570384946e-05
discrete_dose,3,1|0|0|1|0|1|0|2|0|0|0|0|0|1|0|1|1,0.000275513495199786,0.000302776845868324
discrete_dose,3,0|0|0|0|0|1|0|2|0|1|0|0|0|1|0|1|1,0.000107990426438444,-0.000133048473421882
discrete_dose,3,1|0|0|1|0|1|0|2|0|1|0|0|0|1|0|1|1,6.9580650645195e-05,-3.8884552096996e-05
discrete_dose,3,0|0|0|0|0|1|0|2|0|0|0|1|0|1|0|1|1,0.00275245321409038,-0.00119786975932423
discrete_dose,3,1|0|0|1|0|1|0|2|0|0|0|1|0|1|0|1|1,0.00242626860282881,0.00136869514460325
discrete_dose,3,0|0|0|0|0|1|0|2|0|1|0|1|0|1|0|1|1,0.000733442961563443,-0.00132068571921318
discrete_dose,3,1|0|0|1|0|1|0|2|0|1|0|1|0|1|0|1|1,0.00082995227145416,-0.00102532457276117
discrete_dose,3,0|0|0|0|0|1|0|3|0|0|0|0|0|1|0|1|1,7.26614176195367e-05,2.09061745883865e-05
discrete_dose,3,1|0|0|1|0|1|0|3|0|0|0|0|0|1|0|1|1,3.41080461315053e-05,4.88182646889435e-05
discrete_dose,3,0|0|0|0|0|1|0|3|0|1|0|0|0|1|0|1|1,1.95626047992477e-05,-1.90250601939113e-05
discrete_dose,3,1|0|0|1|0|1|0|3|0|1|0|0|0|1|0|1|1,1.19523842800651e-05,-2.45044514501913e-06
discrete_dose,3,0|0|0|0|0|1|0|3|0|0|0|1|0|1|0|1|1,0.00220114444721052,-0.000356593492179202
discrete_dose,3,1|0|0|1|0|1|0|3|0|0|0|1|0|1|0|1|1,0.00181711708213468,0.00167120991260794
discrete_dose,3,0|0|0|0|0|1|0|3|0|1|0|1|0|1|0|1|1,0.000803781188776778,-0.00122380348165185
discrete_dose,3,1|0|0|1|0|1|0|3|0|1|0|1|0|1|0|1|1,0.000862480425838168,-0.000742556497582703
discrete_dose,3,0|0|0|0|0|1|0|0|1|0|0|0|0|1|0|1|1,0.000598055413868473,0.00047127380059786
discrete_dose,3,1|0|0|1|0|1|0|0|1|0|0|0|0|1|0|1|1,0.000496677657779349,0.00103645762950522
discrete_dose,3,0|0|0|0|0|1|0|0|1|1|0|0|0|1|0|1|1,0.00274040755778309,-0.00126233627625494
discrete_dose,3,1|0|0|1|0|1|0|0|1|1|0|0|0|1|0|1|1,0.00288870852707656,0.00142378819422828
discrete_dose,3,0|0|0|0|0|1|0|0|1|0|0|1|0|1|0|1|1,8.18268627713218e-05,3.0837421050034e-05
discrete_dose,3,1|0|0|1|0|1|0|0|1|0|0|1|0|1|0|1|1,0.000119511718553193,0.000193738340436678
discrete_dose,3,0|0|0|0|0|1|0|0|1|1|0|1|0|1|0|1|1,0.000508552871487617,-0.000495333677645427
discrete_dose,3,1|0|0|1|0|1|0|0|1|1|0|1|0|1|0|1|1,0.00094147376154545,-0.00011521664558245
discrete_dose,3,0|0|0|0|0|1|0|1|1|0|0|0|0|1|0|1|1,0.000297765675233586,0.000310167625798163
discrete_dose,3,1|0|0|1|0|1|0|1|1|0|0|0|0|1|0|1|1,0.000165526947856643,0.00040042781585603
discrete_dose,3,0|0|0|0|0|1|0|1|1|1|0|0|0|1|0|1|1,0.00169594561430963,-0.000341089361024283
discrete_dose,3,1|0|0|1|0|1|0|1|1|1|0|0|0|1|0|1|1,0.00118076456283449,0.000999758930253947
discrete_dose,3,0|0|0|0|0|1|0|1|1|0|0|1|0|1|0|1|1,0.000246467224934689,0.000160218218516084
discrete_dose,3,1|0|0|1|0|1|0|1|1|0|0|1|0|1|0|1|1,0.000240954278199435,0.000476287369877593
discrete_dose,3,0|0|0|0|0|1|0|1|1|1|0|1|0|1|0|1|1,0.00190398245832266,-0.0013249782950262
discrete_dose,3,1|0|0|1|0|1|0|1|1|1|0|1|0|1|0|1|1,0.00232807986932862,0.000586834931969316
discrete_dose,3,0|0|0|0|0|1|0|2|1|0|0|0|0|1|0|1|1,4.78356554440972e-05,6.19610371035417e-05
discrete_dose,3,1|0|0|1|0|1|0|2|1|0|0|0|0|1|0|1|1,2.2477933423127e-05,6.18466353221603e-05
discrete_dose,3,0|0|0|0|0|1|0|2|1|1|0|0|0|1|0|1|1,0.000343947204371135,2.00855655099197e-05
discrete_dose,3,1|0|0|1|0|1|0|2|1|1|0|0|0|1|0|1|1,0.000207760089918997,0.000249421994572119
discrete_dose,3,0|0|0|0|0|1|0|2|1|0|0|1|0|1|0|1|1,0.000239533543082769,0.000221150784718516
discrete_dose,3,1|0|0|1|0|1|0|2|1|0|0|1|0|1|0|1|1,0.000197948576281035,0.000461667531356458
discrete_dose,3,0|0|0|0|0|1|0|2|1|1|0|1|0|1|0|1|1,0.00233600018552781,-0.000975958665468291
discrete_dose,3,1|0|0|1|0|1|0|2|1|1|0|1|0|1|0|1|1,0.00247814524507754,0.00155259629704263
discrete_dose,3,0|0|0|0|0|1|0|3|1|0|0|0|0|1|0|1|1,5.03517541734159e-06,7.79913218451611e-06
discrete_dose,3,1|0|0|1|0|1|0|3|1|0|0|0|0|1|0|1|1,2.24688840872922e-06,6.92887818098953e-06
discrete_dose,3,0|0|0|0|0|1|0|3|1|1|0|0|0|1|0|1|1,4.96132360348439e-05,1.57727883689507e-05
discrete_dose,3,1|0|0|1|0|1|0|3|1|1|0|0|0|1|0|1|1,2.88163748302485e-05,4.47908215845949e-05
discrete_dose,3,0|0|0|0|0|1|0|3|1|0|0|1|0|1|0|1|1,0.000152531409016061,0.000182496678753363
discrete_dose,3,1|0|0|1|0|1|0|3|1|0|0|1|0|1|0|1|1,0.00011970369963177,0.00032174543321295
discrete_dose,3,0|0|0|0|0|1|0|3|1|1|0|1|0|1|0|1|1,0.00203849059204443,-0.000284741685966261
discrete_dose,3,1|0|0|1|0|1|0|3|1|1|0|1|0|1|0|1|1,0.00207938087099134,0.00208138268721303
discrete_dose,3,0|0|0|0|0|1|0|0|0|0|0|0|0|1|0|2|1,0.00327372387285366,-0.00195920978669917
discrete_dose,3,1|0|0|1|0|1|0|0|0|0|0|0|0|1|0|2|1,0.00325049387528552,0.00149658431772126
discrete_dose,3,0|0|0|0|0|1|0|0|0|1|0|0|0|1|0|2|1,0.000452986322575578,-0.000940015761733415
discrete_dose,3,1|0|0|1|0|1|0|0|0|1|0|0|0|1|0|2|1,0.00057088385942059,-0.000839734791626468
discrete_dose,3,0|0|0|0|0|1|0|0|0|0|0|1|0|1|0|2|1,0.000405291104492887,-0.000550238474693598
discrete_dose,3,1|0|0|1|0|1|0|0|0|0|0|1|0|1|0|2|1,0.000707710714878543,-0.000164938908182144
discrete_dose,3,0|0|0|0|0|1|0|0|0|1|0|1|0|1|0|2|1,7.6063550790109e-05,-0.000236893594322107
discrete_dose,3,1|0|0|1|0|1|0|0|0|1|0|1|0|1|0|2|1,0.000168353757436355,-0.000422121603921521
discrete_dose,3,0|0|0|0|0|1|0|1|0|0|0|0|0|1|0|2|1,0.00209177546854185,-0.000626500559604337
discrete_dose,3,1|0|0|1|0|1|0|1|0|0|0|0|0|1|0|2|1,0.00138393710849542,0.00117237031283435
discrete_dose,3,0|0|0|0|0|1|0|1|0|1|0|0|0|1|0|2|1,0.000359767283300581,-0.000637938168665309
discrete_dose,3,1|0|0|1|0|1|0|1|0|1|0|0|0|1|0|2|1,0.000298112558137826,-0.000319385015470575
discrete_dose,3,0|0|0|0|0|1|0|1|0|0|0|1|0|1|0|2|1,0.00156664342099704,-0.00155273028295899
discrete_dose,3,1|0|0|1|0|1|0|1|0|0|0|1|0|1|0|2|1,0.00182285800953435,0.00041793096259668
discrete_dose,3,0|0|0|0|0|1|0|1|0|1|0|1|0|1|0|2|1,0.000365462852977528,-0.00100548320871297
discrete_dose,3,1|0|0|1|0|1|0|1|0|1|0|1|0|1|0|2|1,0.000531845376388458,-0.00108559128567309
discrete_dose,3,0|0|0|0|0|1|0|2|0|0|0|0|0|1|0|2|1,0.000428086680838539,-2.34595283421513e-07
discrete_dose,3,1|0|0|1|0|1|0|2|0|0|0|0|0|1|0|2|1,0.000237136662931203,0.000292587805255096
discrete_dose,3,0|0|0|0|0|1|0|2|0|1|0|0|0|1|0|2|1,9.29482214131121e-05,-0.00013674921693585
discrete_dose,3,1|0|0|1|0|1|0|2|0|1|0|0|0|1|0|2|1,6.61871622696141e-05,-4.44629612824654e-05
discrete_dose,3,0|0|0|0|0|1|0|2|0|0|0|1|0|1|0|2|1,0.00193962099747748,-0.00121148844650798
discrete_dose,3,1|0|0|1|0|1|0|2|0|0|0|1|0|1|0|2|1,0.00188957988782464,0.00130684197595876
discrete_dose,3,0|0|0|0|0|1|0|2|0|1|0|1|0|1|0|2|1,0.00057120595280382,-0.00136409843411234
discrete_dose,3,1|0|0|1|0|1|0|2|0|1|0|1|0|1|0|2|1,0.00071434654009269,-0.00112510143998334
discrete_dose,3,0|0|0|0|0|1|0|3|0|0|0|0|0|1|0|2|1,5.65887689411735e-05,1.68866875214224e-05
discrete_dose,3,1|0|0|1|0|1|0|3|0|0|0|0|0|1|0|2|1,2.93570673656604e-05,4.75744657850719e-05
discrete_dose,3,0|0|0|0|0|1|0|3|0|1|0|0|0|1|0|2|1,1.68376899903637e-05,-1.96880567014945e-05
discrete_dose,3,1|0|0|1|0|1|0|3|0|1|0|0|0|1|0|2|1,1.13694596201377e-05,-3.09471341919387e-06
discrete_dose,3,0|0|0|0|0|1|0|3|0|0|0|1|0|1|0|2|1,0.00155112027569973,-0.000400316325568473
discrete_dose,3,1|0|0|1|0|1|0|3|0|0|0|1|0|1|0|2|1,0.00141517220649891,0.00163301909085445
discrete_dose,3,0|0|0|0|0|1|0|3|0|1|0|1|0|1|0|2|1,0.000625985419237419,-0.00126758640447044
discrete_dose,3,1|0|0|1|0|1|0|3|0|1|0|1|0|1|0|2|1,0.000742343782029392,-0.000823138553071812
discrete_dose,3,0|0|0|0|0|1|0|0|1|0|0|0|0|1|0|2|1,0.000465766024640859,0.000413641754611227
discrete_dose,3,1|0|0|1|0|1|0|0|1|0|0|0|0|1|0|2|1,0.000427494421762801,0.00101885064798424
discrete_dose,3,0|0|0|0|0|1|0|0|1|1|0|0|0|1|0|2|1,0.00235869064363942,-0.00135316735812174
discrete_dose,3,1|0|0|1|0|1|0|0|1|1|0|0|0|1|0|2|1,0.00274782454976134,0.0014177538401543
discrete_dose,3,0|0|0|0|0|1|0|0|1|0|0|1|0|1|0|2|1,5.76624156139981e-05,2.68046391438404e-05
discrete_dose,3,1|0|0|1|0|1|0|0|1|0|0|1|0|1|0|2|1,9.30758199954358e-05,0.000192281627158009
discrete_dose,3,0|0|0|0|0|1|0|0|1|1|0|1|0|1|0|2|1,0.000396061374547767,-0.000518301461226001
discrete_dose,3,1|0|0|1|0|1|0|0|1|1|0|1|0|1|0|2|1,0.000810333976157072,-0.000153431078674493
discrete_dose,3,0|0|0|0|0|1|0|1|1|0|0|0|0|1|0|2|1,0.000231900141043703,0.000275276539560165
discrete_dose,3,1|0|0|1|0|1|0|1|1|0|0|0|0|1|0|2|1,0.000142470364333508,0.000394645305969332
discrete_dose,3,0|0|0|0|0|1|0|1|1|1|0|0|0|1|0|2|1,0.00145971391781939,-0.000396660295739482
discrete_dose,3,1|0|0|1|0|1|0|1|1|1|0|0|0|1|0|2|1,0.00112317799557589,0.00102830980798663
discrete_dose,3,0|0|0|0|0|1|0|1|1|0|0|1|0|1|0|2|1,0.000173682517917498,0.000144394979905593
discrete_dose,3,1|0|0|1|0|1|0|1|1|0|0|1|0|1|0|2|1,0.000187655380546125,0.000474428887403677
discrete_dose,3,0|0|0|0|0|1|0|1|1|1|0|1|0|1|0|2|1,0.0014828230294959,-0.00140198278675319
discrete_dose,3,1|0|0|1|0|1|0|1|1|1|0|1|0|1|0|2|1,0.00200379691328575,0.000554706037038999
discrete_dose,3,0|0|0|0|0|1|0|2|1|0|0|0|0|1|0|2|1,3.72544459185968e-05,5.53603427151383e-05
discrete_dose,3,1|0|0|1|0|1|0|2|1|0|0|0|0|1|0|2|1,1.93469365908368e-05,6.10729811936217e-05
discrete_dose,3,0|0|0|0|0|1|0|2|1|1|0|0|0|1|0|2|1,0.000296038102271336,8.94554055563823e-06
discrete_dose,3,1|0|0|1|0|1|0|2|1|1|0|0|0|1|0|2|1,0.000197627510767864,0.000259903268675421
discrete_dose,3,0|0|0|0|0|1|0|2|1|0|0|1|0|1|0|2|1,0.000168796434898552,0.000202199844246964
discrete_dose,3,1|0|0|1|0|1|0|2|1|0|0|1|0|1|0|2|1,0.00015416250621554,0.000461026743379334
discrete_dose,3,0|0|0|0|0|1|0|2|1|1|0|1|0|1|0|2|1,0.00181927877374401,-0.00105941179606606
discrete_dose,3,1|0|0|1|0|1|0|2|1|1|0|1|0|1|0|2|1,0.00213295937917807,0.00158478447327193
discrete_dose,3,0|0|0|0|0|1|0|3|1|0|0|0|0|1|0|2|1,3.92139855792752e-06,6.99955889693626e-06
discrete_dose,3,1|0|0|1|0|1|0|3|1|0|0|0|0|1|0|2|1,1.93391477553025e-06,6.85270233224955e-06
discrete_dose,3,0|0|0|0|0|1|0|3|1|1|0|0|0|1|0|2|1,4.27025079914493e-05,1.4184639081094e-05
discrete_dose,3,1|0|0|1|0|1|0|3|1|1|0|0|0|1|0|2|1,2.74109836459741e-05,4.70015523881262e-05
discrete_dose,3,0|0|0|0|0|1|0|3|1|0|0|1|0|1|0|2|1,0.000107487067241631,0.00016815386581337
discrete_dose,3,1|0|0|1|0|1|0|3|1|0|0|1|0|1|0|2|1,9.32253350097671e-05,0.000321893712761812
discrete_dose,3,0|0|0|0|0|1|0|3|1|1|0|1|0|1|0|2|1,0.00158757806936789,-0.000347946481624173
discrete_dose,3,1|0|0|1|0|1|0|3|1|1|0|1|0|1|0|2|1,0.00178973970168793,0.00216409678431528
discrete_dose,3,0|0|0|0|0|1|0|0|0|0|0|0|0|1|0|3|1,0.00254957871573798,-0.00194177881926993
discrete_dose,3,1|0|0|1|0|1|0|0|0|0|0|0|0|1|0|3|1,0.00279772600577904,0.00145998231384636
discrete_dose,3,0|0|0|0|0|1|0|0|0|1|0|0|0|1|0|3|1,0.000389888941052255,-0.000944544691467541
discrete_dose,3,1|0|0|1|0|1|0|0|0|1|0|0|0|1|0|3|1,0.000543041525053394,-0.000859845764699774
discrete_dose,3,0|0|0|0|0|1|0|0|0|0|0|1|0|1|0|3|1,0.00028560381420508,-0.000546110062409233
discrete_dose,3,1|0|0|1|0|1|0|0|0|0|0|1|0|1|0|3|1,0.000551165658935433,-0.000171365842332349
discrete_dose,3,0|0|0|0|0|1|0|0|0|1|0|1|0|1|0|3|1,5.92383529185285e-05,-0.000238881599167073
discrete_dose,3,1|0|0|1|0|1|0|0|0|1|0|1|0|1|0|3|1,0.0001449034218866,-0.000430567749867605
discrete_dose,3,0|0|0|0|0|1|0|1|0|0|0|0|0|1|0|3|1,0.00162907637290995,-0.000632569879007283
discrete_dose,3,1|0|0|1|0|1|0|1|0|0|0|0|0|1|0|3|1,0.00119116570815263,0.0011557632973056
discrete_dose,3,0|0|0|0|0|1|0|1|0|1|0|0|0|1|0|3|1,0.000309654570393583,-0.000641521093184827
discrete_dose,3,1|0|0|1|0|1|0|1|0|1|0|0|0|1|0|3|1,0.00028357343711388,-0.000327766607260305
discrete_dose,3,0|0|0|0|0|1|0|1|0|0|0|1|0|1|0|3|1,0.0011039949596128,-0.00154509784497581
discrete_dose,3,1|0|0|1|0|1|0|1|0|0|0|1|0|1|0|3|1,0.00141964324525333,0.00040373119732795
discrete_dose,3,0|0|0|0|0|1|0|1|0|1|0|1|0|1|0|3|1,0.000284622756082408,-0.001014272132564
discrete_dose,3,1|0|0|1|0|1|0|1|0|1|0|1|0|1|0|3|1,0.000457763557682333,-0.00110803776459667
discrete_dose,3,0|0|0|0|0|1|0|2|0|0|0|0|0|1|0|3|1,0.000333394242259493,-4.99814650845032e-06
discrete_dose,3,1|0|0|1|0|1|0|2|0|0|0|0|0|1|0|3|1,0.000204105417287706,0.000289566868173274
discrete_dose,3,0|0|0|0|0|1|0|2|0|1|0|0|0|1|0|3|1,8.0001275564788e-05,-0.000137671270047268
discrete_dose,3,1|0|0|1|0|1|0|2|0|1|0|0|0|1|0|3|1,6.29591762750604e-05,-4.58531081973801e-05
discrete_dose,3,0|0|0|0|0|1|0|2|0|0|0|1|0|1|0|3|1,0.00136682781549071,-0.00121234693534811
discrete_dose,3,1|0|0|1|0|1|0|2|0|0|0|1|0|1|0|3|1,0.00147160629631381,0.00129456278448381
discrete_dose,3,0|0|0|0|0|1|0|2|0|1|0|1|0|1|0|3|1,0.000444855643338663,-0.00137664291153805
discrete_dose,3,1|0|0|1|0|1|0|2|0|1|0|1|0|1|0|3|1,0.000614843764989421,-0.00114956120492815
discrete_dose,3,0|0|0|0|0|1|0|3|0|0|0|0|0|1|0|3|1,4.40713775644328e-05,1.57914932605863e-05
discrete_dose,3,1|0|0|1|0|1|0|3|0|0|0|0|0|1|0|3|1,2.52678620460717e-05,4.71787732017059e-05
discrete_dose,3,0|0|0|0|0|1|0|3|0|1|0|0|0|1|0|3|1,1.44923340792783e-05,-1.98544322631555e-05
discrete_dose,3,1|0|0|1|0|1|0|3|0|1|0|0|0|1|0|3|1,1.08149645313477e-05,-3.25264675227199e-06
discrete_dose,3,0|0|0|0|0|1|0|3|0|0|0|1|0|1|0|3|1,0.00109305598400681,-0.000409246209051695
discrete_dose,3,1|0|0|1|0|1|0|3|0|0|0|1|0|1|0|3|1,0.00110213722260224,0.00162565042195895
discrete_dose,3,0|0|0|0|0|1|0|3|0|1|0|1|0|1|0|3|1,0.000487517934693384,-0.00128002726066367
discrete_dose,3,1|0|0|1|0|1|0|3|0|1|0|1|0|1|0|3|1,0.000638941214442242,-0.000842644834080697
discrete_dose,3,0|0|0|0|0|1|0|0|1|0|0|0|0|1|0|3|1,0.000362738944718357,0.000397070303219005
discrete_dose,3,1|0|0|1|0|1|0|0|1|0|0|0|0|1|0|3|1,0.000367947858688461,0.00101246515592712
discrete_dose,3,0|0|0|0|0|1|0|0|1|1|0|0|0|1|0|3|1,0.0020301438508996,-0.00137629277664053
discrete_dose,3,1|0|0|1|0|1|0|0|1|1|0|0|0|1|0|3|1,0.00261381156509841,0.00141813166644544
discrete_dose,3,0|0|0|0|0|1|0|0|1|0|0|1|0|1|0|3|1,4.06340175075948e-05,2.58682305984692e-05
discrete_dose,3,1|0|0|1|0|1|0|0|1|0|0|1|0|1|0|3|1,7.24875214974585e-05,0.000192034085874093
discrete_dose,3,0|0|0|0|0|1|0|0|1|1|0|1|0|1|0|3|1,0.000308452908642138,-0.000524542139112683
discrete_dose,3,1|0|0|1|0|1|0|0|1|1|0|1|0|1|0|3|1,0.000697460916846624,-0.000161994530277765
discrete_dose,3,0|0|0|0|0|1|0|1|1|0|0|0|0|1|0|3|1,0.000180604011439205,0.000265118167407596
discrete_dose,3,1|0|0|1|0|1|0|1|1|0|0|0|0|1|0|3|1,0.000122625378986034,0.000392411882336408
discrete_dose,3,0|0|0|0|0|1|0|1|1|1|0|0|0|1|0|3|1,0.00125638741236582,-0.000410915004180557
discrete_dose,3,1|0|0|1|0|1|0|1|1|1|0|0|0|1|0|3|1,0.00106839995834352,0.00103645257484586
discrete_dose,3,0|0|0|0|0|1|0|1|1|0|0|1|0|1|0|3|1,0.000122392001768818,0.000140651436759676
discrete_dose,3,1|0|0|1|0|1|0|1|1|0|0|1|0|1|0|3|1,0.000146146157316885,0.000474172155894959
discrete_dose,3,0|0|0|0|0|1|0|1|1|1|0|1|0|1|0|3|1,0.00115482373652772,-0.00142225222032877
discrete_dose,3,1|0|0|1|0|1|0|1|1|1|0|1|0|1|0|3|1,0.00172468398640095,0.000549488823006428
discrete_dose,3,0|0|0|0|0|1|0|2|1|0|0|0|0|1|0|3|1,2.90137916542945e-05,5.34219579462203e-05
discrete_dose,3,1|0|0|1|0|1|0|2|1|0|0|0|0|1|0|3|1,1.66520626431231e-05,6.07553857789878e-05
discrete_dose,3,0|0|0|0|0|1|0|2|1|1|0|0|0|1|0|3|1,0.000254802355950676,6.06613212794649e-06
discrete_dose,3,1|0|0|1|0|1|0|2|1|1|0|0|0|1|0|3|1,0.000187989103333224,0.000262741597483851
discrete_dose,3,0|0|0|0|0|1|0|2|1|0|0|1|0|1|0|3|1,0.00011894883725999,0.000197664555632304
discrete_dose,3,1|0|0|1|0|1|0|2|1|0|0|1|0|1|0|3|1,0.000120061880560913,0.00046101492898587
discrete_dose,3,0|0|0|0|0|1|0|2|1|1|0|1|0|1|0|3|1,0.00141685573361702,-0.00108048292507013
discrete_dose,3,1|0|0|1|0|1|0|2|1|1|0|1|0|1|0|3|1,0.00183585515104921,0.00159621815307043
discrete_dose,3,0|0|0|0|0|1|0|3|1|0|0|0|0|1|0|3|1,3.05398826764903e-06,6.76326723070275e-06
discrete_dose,3,1|0|0|1|0|1|0|3|1|0|0|0|0|1|0|3|1,1.66453587302516e-06,6.81952565928512e-06
discrete_dose,3,0|0|0|0|0|1|0|3|1|1|0|0|0|1|0|3|1,3.67543892415952e-05,1.37709565768418e-05
discrete_dose,3,1|0|0|1|0|1|0|3|1|1|0|0|0|1|0|3|1,2.60741341985585e-05,4.75901832210912e-05
discrete_dose,3,0|0|0|0|0|1|0|3|1|0|0|1|0|1|0|3|1,7.57448560839722e-05,0.000164694626864081
discrete_dose,3,1|0|0|1|0|1|0|3|1|0|0|1|0|1|0|3|1,7.26039639077007e-05,0.000322006965605359
discrete_dose,3,0|0|0|0|0|1|0|3|1|1|0|1|0|1|0|3|1,0.0012364070436107,-0.000363020181336382
discrete_dose,3,1|0|0|1|0|1|0|3|1|1|0|1|0|1|0|3|1,0.0015404432369674,0.0021879443824655
