horizon,population_bias,sequential_remainder,bridge_remainder,bridge_identity_error,sequential_product_norm,beta_mse_measured,lambda_mse_to_selected_solution,ratio_mse_sum,regression_mse_sum,bridge_equation_max_error,adjoint_equation_max_error,beta_lower_fraction,beta_upper_fraction,fold,fold_weight,scenario,estimator,mechanism,n,replicate,seed
1,-0.00095615493329948,-0.00163855458761475,0.000682399654315269,-1.47668335892526e-15,0.00366284498037407,0.0208853841768088,0.0169721429397461,0.011680746865817,0.00114859379322001,0.0852361977382103,0.203543457793429,0,0,1,0.3335,beta1_lambda1_ratio1_m1,sdr,binary_longitudinal,4000,2,5103002
2,-0.00868720128346978,-0.00132933292646675,-0.00735786835700303,-7.70217223333702e-16,0.031620056675453,0.0463414992866023,0.944427792175423,0.159018114725799,0.00662541330974227,0.276358328420262,12.5407406222991,0,0,1,0.3335,beta1_lambda1_ratio1_m1,sdr,binary_longitudinal,4000,2,5103002
1,-0.000248310422192533,0.00103009545599908,-0.00127840587819161,1.57642995879392e-15,0.00388875356543341,0.038439865384056,0.0106148329434012,0.00906655980346017,0.00166793189704652,0.13280023491206,0.126540136798104,0,0,2,0.33325,beta1_lambda1_ratio1_m1,sdr,binary_longitudinal,4000,2,5103002
2,-0.00340432421585635,-0.00463096193389601,0.00122663771803966,3.01191363516473e-16,0.057955026035442,0.0304944914223834,1.38219254279933,1.49280075806896,0.004712483585754,0.168767995127514,2.0335822298668,0,0,2,0.33325,beta1_lambda1_ratio1_m1,sdr,binary_longitudinal,4000,2,5103002
1,0.000902871033564789,-0.00235595277027389,0.00325882380383868,3.83373888190874e-16,0.00320938314372812,0.0292270976342768,0.00702728272879123,0.00260193290378413,0.00395864941339038,0.123279605963172,0.100232903277604,0,0,3,0.33325,beta1_lambda1_ratio1_m1,sdr,binary_longitudinal,4000,2,5103002
2,0.00908306692425986,0.00520503208643497,0.0038780348378249,-7.49400541621981e-16,0.199432779179028,0.0530420814409281,1.05986159379453,4.78318057735938,0.0124388951817248,0.282306694782183,12.8505849175175,0,0,3,0.33325,beta1_lambda1_ratio1_m1,sdr,binary_longitudinal,4000,2,5103002
1,-0.00242754692225589,-0.00310994657657293,0.000682399654317045,2.99673480474993e-16,0.00486895401904548,0.0208853841768088,0.0169721429397461,0.011680746865817,0.00202955457488385,0.0852361977382103,0.203543457793429,0,0,1,0.3335,beta1_lambda1_ratio1_m1,tmle,binary_longitudinal,4000,2,5103002
2,-0.0104522893706075,-0.00309442101360535,-0.00735786835700214,1.17961196366423e-16,0.0494785172775636,0.0463414992866023,0.944427792175423,0.159018114725799,0.0171721656991846,0.276358328420262,12.5407406222991,0,0,1,0.3335,beta1_lambda1_ratio1_m1,tmle,binary_longitudinal,4000,2,5103002
1,-0.00487120720870649,-0.00359280133051243,-0.00127840587819406,-8.66060695381421e-16,0.0109961314818082,0.038439865384056,0.0106148329434012,0.00906655980346017,0.0133363602277312,0.13280023491206,0.126540136798104,0,0,2,0.33325,beta1_lambda1_ratio1_m1,tmle,binary_longitudinal,4000,2,5103002
2,-0.00483374452091101,-0.00606038223895167,0.00122663771804066,1.30039208567911e-15,0.0941268372458195,0.0304944914223834,1.38219254279933,1.49280075806896,0.0155006247527895,0.168767995127514,2.0335822298668,0,0,2,0.33325,beta1_lambda1_ratio1_m1,tmle,binary_longitudinal,4000,2,5103002
1,0.00517242151587716,0.0019135977120408,0.00325882380383635,-1.94809446352195e-15,0.00718893951659686,0.0292270976342768,0.00702728272879123,0.00260193290378413,0.0198624842701077,0.123279605963172,0.100232903277604,0,0,3,0.33325,beta1_lambda1_ratio1_m1,tmle,binary_longitudinal,4000,2,5103002
2,-0.000507353857694959,-0.00438538869552008,0.00387803483782512,-5.27355936696949e-16,0.388220747960254,0.0530420814409281,1.05986159379453,4.78318057735938,0.0502857116488853,0.282306694782183,12.8505849175175,0,0,3,0.33325,beta1_lambda1_ratio1_m1,tmle,binary_longitudinal,4000,2,5103002
