scale,loss,grid_round,selected,failed,failure,scored_rows,paired_rows,informative,fold,bridge_specification,fit_key,horizon,fitting_n,candidate,mechanism,n,replicate,seed
1.77827941003892e-12,Inf,2,FALSE,TRUE,scoring requires finite residuals on a nonempty validation sample.,27,5,TRUE,1,1,11e3918caa1f57659a180c3b5f0ac63c,2,55,sieve_md,binary_longitudinal,4000,2,5103002
3162.27766016838,Inf,4,FALSE,TRUE,Linked quadratic sieve did not pass its coefficient-gradient check.,56,53,TRUE,1,1,203f14863af8c4f717d39d748d237f34,1,56,sieve_md,binary_longitudinal,4000,2,5103002
10000,Inf,4,FALSE,TRUE,Linked quadratic sieve did not pass its coefficient-gradient check.,56,53,TRUE,1,1,203f14863af8c4f717d39d748d237f34,1,56,sieve_md,binary_longitudinal,4000,2,5103002
1.77827941003892e-12,Inf,2,FALSE,TRUE,scoring requires finite residuals on a nonempty validation sample.,28,16,TRUE,1,1,4132aefbb0aeacfc4813522706fbf447,1,56,sieve_md,binary_longitudinal,4000,2,5103002
1e-12,Inf,2,FALSE,TRUE,scoring requires finite residuals on a nonempty validation sample.,28,20,TRUE,1,1,4132aefbb0aeacfc4813522706fbf447,1,56,sieve_md,binary_longitudinal,4000,2,5103002
1.77827941003892e-12,Inf,2,FALSE,TRUE,scoring requires finite residuals on a nonempty validation sample.,28,20,TRUE,1,1,4132aefbb0aeacfc4813522706fbf447,1,56,sieve_md,binary_longitudinal,4000,2,5103002
3.16227766016838e-12,Inf,2,FALSE,TRUE,scoring requires finite residuals on a nonempty validation sample.,28,20,TRUE,1,1,4132aefbb0aeacfc4813522706fbf447,1,56,sieve_md,binary_longitudinal,4000,2,5103002
5.62341325190349e-12,Inf,2,FALSE,TRUE,Nonfinite penalty validation score.,28,20,TRUE,1,1,4132aefbb0aeacfc4813522706fbf447,1,56,sieve_md,binary_longitudinal,4000,2,5103002
3162.27766016838,Inf,4,FALSE,TRUE,Linked quadratic sieve did not pass its coefficient-gradient check.,56,53,TRUE,1,1,9f56f292ca13f7f72968429726c3fa68,1,111,sieve_md,binary_longitudinal,4000,2,5103002
10000,Inf,4,FALSE,TRUE,Linked quadratic sieve did not pass its coefficient-gradient check.,56,53,TRUE,1,1,9f56f292ca13f7f72968429726c3fa68,1,111,sieve_md,binary_longitudinal,4000,2,5103002
1.77827941003892e-12,Inf,2,FALSE,TRUE,Nonfinite penalty validation score.,28,2,TRUE,1,1,a73e114312ee3b48487fffe00c8dda94,2,56,sieve_md,binary_longitudinal,4000,2,5103002
1e-13,Inf,3,FALSE,TRUE,Nonfinite penalty validation score.,28,17,TRUE,1,1,d774b4b906fadb39e8b03e5f4959d002,1,56,sieve_md,binary_longitudinal,4000,2,5103002
1.77827941003892e-13,Inf,3,FALSE,TRUE,scoring requires finite residuals on a nonempty validation sample.,28,17,TRUE,1,1,d774b4b906fadb39e8b03e5f4959d002,1,56,sieve_md,binary_longitudinal,4000,2,5103002
3.16227766016838e-13,Inf,3,FALSE,TRUE,scoring requires finite residuals on a nonempty validation sample.,28,17,TRUE,1,1,d774b4b906fadb39e8b03e5f4959d002,1,56,sieve_md,binary_longitudinal,4000,2,5103002
5.62341325190349e-13,Inf,3,FALSE,TRUE,scoring requires finite residuals on a nonempty validation sample.,28,17,TRUE,1,1,d774b4b906fadb39e8b03e5f4959d002,1,56,sieve_md,binary_longitudinal,4000,2,5103002
1e-12,Inf,2,FALSE,TRUE,scoring requires finite residuals on a nonempty validation sample.,28,6,TRUE,2,1,512ea94b1b46498cb202140ff892aaf9,2,56,sieve_md,binary_longitudinal,4000,2,5103002
1e-12,Inf,2,FALSE,TRUE,scoring requires finite residuals on a nonempty validation sample.,28,7,TRUE,2,1,5150808223268bc5ff6e6b2f6ffe0657,2,56,sieve_md,binary_longitudinal,4000,2,5103002
1.77827941003892e-12,Inf,2,FALSE,TRUE,scoring requires finite residuals on a nonempty validation sample.,28,7,TRUE,2,1,5150808223268bc5ff6e6b2f6ffe0657,2,56,sieve_md,binary_longitudinal,4000,2,5103002
3.16227766016838e-12,Inf,2,FALSE,TRUE,Nonfinite penalty validation score.,28,7,TRUE,2,1,5150808223268bc5ff6e6b2f6ffe0657,2,56,sieve_md,binary_longitudinal,4000,2,5103002
1e-12,Inf,2,FALSE,TRUE,scoring requires finite residuals on a nonempty validation sample.,56,31,TRUE,2,1,97b8f886e03d196b5678a49af299f23b,2,111,sieve_md,binary_longitudinal,4000,2,5103002
1.77827941003892e-12,Inf,2,FALSE,TRUE,Nonfinite penalty validation score.,56,31,TRUE,2,1,97b8f886e03d196b5678a49af299f23b,2,111,sieve_md,binary_longitudinal,4000,2,5103002
1e-12,Inf,2,FALSE,TRUE,scoring requires finite residuals on a nonempty validation sample.,56,31,TRUE,2,1,bf90a723e818c9583c5734f26a74fdcf,2,56,sieve_md,binary_longitudinal,4000,2,5103002
1.77827941003892e-12,Inf,2,FALSE,TRUE,Nonfinite penalty validation score.,56,31,TRUE,2,1,bf90a723e818c9583c5734f26a74fdcf,2,56,sieve_md,binary_longitudinal,4000,2,5103002
1e-12,Inf,2,FALSE,TRUE,scoring requires finite residuals on a nonempty validation sample.,28,18,TRUE,2,1,dc060d57f7124ff1697799f22dc5b7a7,1,56,sieve_md,binary_longitudinal,4000,2,5103002
3.16227766016838e-12,Inf,2,FALSE,TRUE,Nonfinite penalty validation score.,28,18,TRUE,2,1,dc060d57f7124ff1697799f22dc5b7a7,1,56,sieve_md,binary_longitudinal,4000,2,5103002
1e-12,Inf,2,FALSE,TRUE,scoring requires finite residuals on a nonempty validation sample.,28,6,TRUE,3,1,0bb2343d1198af55231095864094cf05,2,56,sieve_md,binary_longitudinal,4000,2,5103002
1e-12,Inf,2,FALSE,TRUE,Nonfinite penalty validation score.,28,5,TRUE,3,1,38cb4b01b1cb7a2f857f3d4ffdafca0f,2,55,sieve_md,binary_longitudinal,4000,2,5103002
1e-10,Inf,0,FALSE,TRUE,Nonfinite penalty validation score.,28,7,TRUE,3,1,3ccc954bc3507364e1616f0bf004f4fa,2,56,sieve_md,binary_longitudinal,4000,2,5103002
1e-13,Inf,3,FALSE,TRUE,Nonfinite penalty validation score.,28,15,TRUE,3,1,66644d7c97640f6b5975c1df14e1ce17,1,56,sieve_md,binary_longitudinal,4000,2,5103002
1.77827941003892e-13,Inf,3,FALSE,TRUE,scoring requires finite residuals on a nonempty validation sample.,28,15,TRUE,3,1,66644d7c97640f6b5975c1df14e1ce17,1,56,sieve_md,binary_longitudinal,4000,2,5103002
3.16227766016838e-13,Inf,3,FALSE,TRUE,scoring requires finite residuals on a nonempty validation sample.,28,15,TRUE,3,1,66644d7c97640f6b5975c1df14e1ce17,1,56,sieve_md,binary_longitudinal,4000,2,5103002
5.62341325190349e-13,Inf,3,FALSE,TRUE,Nonfinite penalty validation score.,28,15,TRUE,3,1,66644d7c97640f6b5975c1df14e1ce17,1,56,sieve_md,binary_longitudinal,4000,2,5103002
1e-12,Inf,2,FALSE,TRUE,Nonfinite penalty validation score.,28,8,TRUE,3,1,98d849c51b4116084c964c9d3ca3e7b1,2,56,sieve_md,binary_longitudinal,4000,2,5103002
1e-12,Inf,2,FALSE,TRUE,scoring requires finite residuals on a nonempty validation sample.,28,19,TRUE,3,1,9db458e57bbf06832fb326f0439f116a,1,56,sieve_md,binary_longitudinal,4000,2,5103002
1.77827941003892e-12,Inf,2,FALSE,TRUE,scoring requires finite residuals on a nonempty validation sample.,28,19,TRUE,3,1,9db458e57bbf06832fb326f0439f116a,1,56,sieve_md,binary_longitudinal,4000,2,5103002
3.16227766016838e-12,Inf,2,FALSE,TRUE,Nonfinite penalty validation score.,28,19,TRUE,3,1,9db458e57bbf06832fb326f0439f116a,1,56,sieve_md,binary_longitudinal,4000,2,5103002
1e-11,Inf,1,FALSE,TRUE,Nonfinite penalty validation score.,28,23,TRUE,3,1,a4d980fb6b9bbf0dd46832d0304147cd,1,56,sieve_md,binary_longitudinal,4000,2,5103002
1e-12,Inf,2,FALSE,TRUE,scoring requires finite residuals on a nonempty validation sample.,28,4,TRUE,3,1,cc98a13c666e634bbf53d186893e135e,2,55,sieve_md,binary_longitudinal,4000,2,5103002
1.77827941003892e-12,Inf,2,FALSE,TRUE,scoring requires finite residuals on a nonempty validation sample.,28,4,TRUE,3,1,cc98a13c666e634bbf53d186893e135e,2,55,sieve_md,binary_longitudinal,4000,2,5103002
3.16227766016838e-12,Inf,2,FALSE,TRUE,Nonfinite penalty validation score.,28,4,TRUE,3,1,cc98a13c666e634bbf53d186893e135e,2,55,sieve_md,binary_longitudinal,4000,2,5103002
5.62341325190349e-12,Inf,2,FALSE,TRUE,Nonfinite penalty validation score.,28,4,TRUE,3,1,cc98a13c666e634bbf53d186893e135e,2,55,sieve_md,binary_longitudinal,4000,2,5103002
1e-12,Inf,2,FALSE,TRUE,scoring requires finite residuals on a nonempty validation sample.,27,16,TRUE,3,1,ea495b33643689c604770bcaa36c455e,1,55,sieve_md,binary_longitudinal,4000,2,5103002
