function_name,self.time,self.pct,total.time,total.pct
"""evaluate""",131.75,11.91,1077.3,97.4
""".fit_linked_sieve""",124.55,11.26,713.65,64.52
"""%*%""",107.05,9.68,107.1,9.68
"""crossprod""",82.45,7.45,84.55,7.64
"""cbind""",66.6,6.02,73.3,6.63
"""<Anonymous>""",63.2,5.71,995.55,90.01
"""solve.default""",49.95,4.52,72.3,6.54
"""t.default""",34.35,3.11,34.35,3.11
""".as_matrix""",33.55,3.03,35.75,3.23
"""outer""",27.35,2.47,27.65,2.5
"""diag""",23.7,2.14,24.55,2.22
"""matrix""",23.3,2.11,62.15,5.62
"""as.vector""",20.7,1.87,20.7,1.87
"""FUN""",17.55,1.59,1093.35,98.85
""".Call""",17.45,1.58,20.35,1.84
"""unique.default""",14.4,1.3,14.4,1.3
""".cm_link_derivative""",12.5,1.13,12.5,1.13
""".cm_link""",12.4,1.12,55.65,5.03
"""as.matrix""",10.75,0.97,21.95,1.98
"""rbf_kernel""",8.4,0.76,43.65,3.95
"""array""",8.35,0.75,8.45,0.76
"""is.finite""",7.2,0.65,7.2,0.65
"""t""",6.6,0.6,40.95,3.7
""".cell_keys""",6.5,0.59,121.75,11.01
"""unique""",5.85,0.53,45.55,4.12
"""abs""",5.75,0.52,5.75,0.52
"""stats::dist""",5.2,0.47,5.2,0.47
""".eval_basis_spec""",5.05,0.46,146.55,13.25
"""c""",4.7,0.42,4.7,0.42
"""max""",4.7,0.42,4.7,0.42
"""aperm.default""",4.55,0.41,9.95,0.9
"""is.data.frame""",4.25,0.38,4.25,0.38
""".linked_moment_design""",4.15,0.38,70.75,6.4
"""list""",4.15,0.38,4.15,0.38
""".safe_solve""",4.05,0.37,111.85,10.11
"""sum""",4.05,0.37,4.05,0.37
"""tryCatch""",3.65,0.33,1106.1,100
"""solve""",3.55,0.32,75.85,6.86
"""ncol""",3.55,0.32,47.3,4.28
""".fit_linked_landweber""",3.5,0.32,13.7,1.24
"""order""",3.25,0.29,6.1,0.55
"""tcrossprod""",3.15,0.28,3.15,0.28
"""problem$evaluate""",3.1,0.28,7.85,0.71
"""doTryCatch""",2.85,0.26,1106.1,100
"""Matrix::sparseMatrix""",2.75,0.25,26.65,2.41
"""as.data.frame.matrix""",2.75,0.25,24.45,2.21
"""sort.int""",2.75,0.25,4.3,0.39
"""any""",2.75,0.25,2.75,0.25
"""is""",2.5,0.23,5.15,0.47
"""%in%""",2.45,0.22,2.9,0.26
"""fit_cm""",2.3,0.21,921.7,83.33
"""as.character""",2.25,0.2,2.25,0.2
""".External2""",2.15,0.19,19.1,1.73
"""nrow""",2.15,0.19,3.2,0.29
"""match.arg""",2.05,0.19,6.2,0.56
"""validObject""",2,0.18,16.25,1.47
""".fit_sieve_md""",1.85,0.17,884.1,79.93
"""[.data.frame""",1.85,0.17,2.5,0.23
"""lapply""",1.8,0.16,1092,98.73
""".median_distance""",1.8,0.16,10.25,0.93
"""which""",1.8,0.16,2.3,0.21
"""poly_basis""",1.65,0.15,45.9,4.15
"""ifelse""",1.65,0.15,2.65,0.24
"""tryCatchList""",1.6,0.14,1106.1,100
"""getClassDef""",1.55,0.14,3.05,0.28
"""as.numeric""",1.55,0.14,1.55,0.14
"""as""",1.5,0.14,13.05,1.18
"""callNextMethod""",1.5,0.14,6.85,0.62
"""loadMethod""",1.45,0.13,2.3,0.21
"""eval""",1.4,0.13,950.65,85.95
"""is.na""",1.4,0.13,1.85,0.17
"""new.env""",1.35,0.12,1.6,0.14
"""assign""",1.35,0.12,1.35,0.12
"""do.call""",1.3,0.12,995.95,90.04
"""sweep""",1.3,0.12,19.85,1.79
""".saturated_path_predict""",1.3,0.12,18.5,1.67
"""tryCatchOne""",1.2,0.11,1106.1,100
"""sys.parent""",1.2,0.11,1.2,0.11
"""stopifnot""",1.15,0.1,1.85,0.17
"""length""",1.15,0.1,1.15,0.1
"""predict.SL.saturated_l1""",1.1,0.1,4.35,0.39
""".getClassesFromCache""",1.05,0.09,1.25,0.11
"""apply""",1,0.09,1.9,0.17
"""proc.time""",0.95,0.09,0.95,0.09
"""vapply""",0.9,0.08,996.4,90.08
""".fit_sieve_cells""",0.9,0.08,20.7,1.87
"""anyDuplicated.default""",0.9,0.08,0.9,0.08
"""sys.function""",0.85,0.08,1.8,0.16
""".M2C""",0.85,0.08,1.15,0.1
"""rowSums""",0.75,0.07,2.8,0.25
"""@<-""",0.75,0.07,0.75,0.07
""".ensemble_gram""",0.7,0.06,59.7,5.4
"""as.matrix.default""",0.7,0.06,1.55,0.14
"""utils::modifyList""",0.7,0.06,0.95,0.09
""".identC""",0.7,0.06,0.7,0.06
"""all""",0.7,0.06,0.7,0.06
""".quickCoerceSelect""",0.65,0.06,4.4,0.4
"""data.table::shift""",0.65,0.06,2.6,0.24
"""paste""",0.65,0.06,1.45,0.13
"""unclass""",0.65,0.06,0.65,0.06
"""pivot""",0.6,0.05,5.6,0.51
""".rangeNum""",0.6,0.05,0.6,0.05
"""fit_bridge""",0.55,0.05,891.35,80.58
"""aperm""",0.55,0.05,18.4,1.66
"""SL.saturated_l1""",0.55,0.05,8.5,0.77
"""as.list""",0.5,0.05,1.3,0.12
"""%||%""",0.5,0.05,0.85,0.08
"""eigen""",0.5,0.05,0.75,0.07
"""match.fun""",0.5,0.05,0.65,0.06
"""names""",0.5,0.05,0.5,0.05
"""pmatch""",0.5,0.05,0.5,0.05
"""initialize""",0.45,0.04,7.6,0.69
""".findMethodInTable""",0.45,0.04,3.65,0.33
""".getGeneric""",0.45,0.04,0.6,0.05
"""numeric""",0.45,0.04,0.5,0.05
"""is.matrix""",0.45,0.04,0.45,0.04
"""getClass""",0.4,0.04,1.25,0.11
"""gsub""",0.4,0.04,0.45,0.04
"""copy""",0.4,0.04,0.4,0.04
"""dim""",0.4,0.04,0.4,0.04
"""sort""",0.35,0.03,36.1,3.26
"""formals""",0.35,0.03,1.55,0.14
"""match.call""",0.35,0.03,0.65,0.06
"""serialize""",0.35,0.03,0.4,0.04
"""...elt""",0.35,0.03,0.35,0.03
"""environment""",0.35,0.03,0.35,0.03
"""sys.frame""",0.35,0.03,0.35,0.03
""".saturated_path_setup""",0.3,0.03,5.2,0.47
""".nextMethod""",0.3,0.03,1.8,0.16
""".classEnv""",0.3,0.03,0.5,0.05
"""get.bx""",0.3,0.03,0.4,0.04
"""is.list""",0.3,0.03,0.3,0.03
"""lazyLoadDBfetch""",0.3,0.03,0.3,0.03
"""as.data.frame""",0.25,0.02,25.15,2.27
"""match""",0.25,0.02,3.3,0.3
""".merge_control""",0.25,0.02,2.55,0.23
"""mean""",0.25,0.02,1.85,0.17
"""predict.lognet""",0.25,0.02,1.6,0.14
""".set_ops_need_as_vector""",0.25,0.02,1.05,0.09
""".getMethodsTable""",0.25,0.02,1,0.09
"""seq""",0.25,0.02,0.45,0.04
""".class1""",0.25,0.02,0.3,0.03
"""anyNA""",0.25,0.02,0.25,0.02
"""forderv""",0.25,0.02,0.25,0.02
"""isFALSE""",0.25,0.02,0.25,0.02
"""slot""",0.25,0.02,0.25,0.02
"""fit_adjoint""",0.2,0.02,31.55,2.85
"""fn""",0.2,0.02,10.9,0.99
"""anyStrings""",0.2,0.02,10.45,0.94
"""validityMethod""",0.2,0.02,10.05,0.91
"""range""",0.2,0.02,0.5,0.05
"""pmin""",0.2,0.02,0.4,0.04
"""paste0""",0.2,0.02,0.3,0.03
"""sys.call""",0.2,0.02,0.3,0.03
"""colnames<-""",0.2,0.02,0.25,0.02
"""pmax""",0.2,0.02,0.25,0.02
""".penalty_control""",0.2,0.02,0.2,0.02
"""is.function""",0.2,0.02,0.2,0.02
"""rep_len""",0.2,0.02,0.2,0.02
"""rep.int""",0.2,0.02,0.2,0.02
"""try""",0.15,0.01,815.55,73.73
""".moment_basis_spec""",0.15,0.01,27.05,2.45
""".scale_apply""",0.15,0.01,12.1,1.09
"""isTRUE""",0.15,0.01,10.3,0.93
"""new""",0.15,0.01,7.95,0.72
"""gr""",0.15,0.01,5.7,0.52
""".lag""",0.15,0.01,2.75,0.25
"""setdiff""",0.15,0.01,1.6,0.14
"""asMethod""",0.15,0.01,1.15,0.1
"""getGeneric""",0.15,0.01,0.9,0.08
"""as.list.data.frame""",0.15,0.01,0.8,0.07
"""digest::digest""",0.15,0.01,0.55,0.05
"""rbind""",0.15,0.01,0.55,0.05
"""mode""",0.15,0.01,0.5,0.05
"""[[""",0.15,0.01,0.35,0.03
"""get0""",0.15,0.01,0.3,0.03
"""rev""",0.15,0.01,0.3,0.03
"""mean.default""",0.15,0.01,0.2,0.02
"""class""",0.15,0.01,0.15,0.01
"""findCenvVar""",0.15,0.01,0.15,0.01
"""grepl""",0.15,0.01,0.15,0.01
"""is.environment""",0.15,0.01,0.15,0.01
"""is.numeric""",0.15,0.01,0.15,0.01
"""make.unique""",0.15,0.01,0.15,0.01
"""parent.frame""",0.15,0.01,0.15,0.01
"""rbind.Matrix""",0.15,0.01,0.15,0.01
"""setalloccol""",0.15,0.01,0.15,0.01
"""structure""",0.15,0.01,0.15,0.01
""".fit_ensemble""",0.1,0.01,1052.45,95.15
"""fit_at""",0.1,0.01,923,83.45
""".saturated_penalty_selection""",0.1,0.01,800.45,72.37
"""predict""",0.1,0.01,58.45,5.28
""".ensemble_features""",0.1,0.01,54.35,4.91
"""object$predict_fun""",0.1,0.01,49.7,4.49
""".nystrom_apply""",0.1,0.01,45.6,4.12
"""stats::optim""",0.1,0.01,18.95,1.71
""".fit_landweber""",0.1,0.01,14.55,1.32
"""glmnet::glmnet""",0.1,0.01,14.5,1.31
""".pmmr_core""",0.1,0.01,12.45,1.13
"""earth.default""",0.1,0.01,4.9,0.44
"""methods:::loadMethod""",0.1,0.01,3.25,0.29
"""getcoef""",0.1,0.01,2.75,0.25
"""colMeans""",0.1,0.01,2.3,0.21
""".prediction_closure""",0.1,0.01,0.75,0.07
""".sigLabel""",0.1,0.01,0.75,0.07
"""list2env""",0.1,0.01,0.65,0.06
"""map_rows""",0.1,0.01,0.5,0.05
"""sapply""",0.1,0.01,0.5,0.05
"""get""",0.1,0.01,0.25,0.02
"""seq.default""",0.1,0.01,0.2,0.02
"""splines::bs""",0.1,0.01,0.2,0.02
""".check_lengths""",0.1,0.01,0.15,0.01
"""factor""",0.1,0.01,0.15,0.01
""".ensemble_integer""",0.1,0.01,0.1,0.01
""".Fortran""",0.1,0.01,0.1,0.01
""".requirePackage""",0.1,0.01,0.1,0.01
"""as.integer""",0.1,0.01,0.1,0.01
"""attr""",0.1,0.01,0.1,0.01
"""duplicated.default""",0.1,0.01,0.1,0.01
"""is.array""",0.1,0.01,0.1,0.01
"""is.expression""",0.1,0.01,0.1,0.01
"""is.factor""",0.1,0.01,0.1,0.01
"""prod""",0.1,0.01,0.1,0.01
"""select_penalty_grid""",0.05,0,990.15,89.52
"""SuperLearner::SuperLearner""",0.05,0,816.25,73.8
"""response""",0.05,0,810.6,73.28
"""predict.cmbridge_fit""",0.05,0,49.75,4.5
""".fit_basis_spec""",0.05,0,40.55,3.67
"""cmbridge::select_penalty_grid""",0.05,0,20.55,1.86
"""lognet""",0.05,0,12.55,1.13
"""splognet_exp""",0.05,0,10.2,0.92
"""[""",0.05,0,6.5,0.59
"""NextMethod""",0.05,0,5.95,0.54
""".fit_linked_pmmr""",0.05,0,5.75,0.52
"""base_learner""",0.05,0,5.25,0.47
"""earth.fit""",0.05,0,4.45,0.4
"""predict.SuperLearner""",0.05,0,4.35,0.39
"""as.matrix.Matrix""",0.05,0,2.85,0.26
"""table""",0.05,0,1.7,0.15
"""predict.glmnet""",0.05,0,1.55,0.14
"""expand.arg.modvars""",0.05,0,1.2,0.11
"""data.frame""",0.05,0,1.15,0.1
""".rowNamesDF<-""",0.05,0,0.8,0.07
""".select_centers""",0.05,0,0.55,0.05
"""rowsum""",0.05,0,0.55,0.05
"""$<-""",0.05,0,0.5,0.05
"""deparse""",0.05,0,0.5,0.05
"""rowsum.default""",0.05,0,0.5,0.05
"""make.names""",0.05,0,0.4,0.04
"""qr.Q""",0.05,0,0.4,0.04
"""model.matrix.default""",0.05,0,0.35,0.03
""".deparseOpts""",0.05,0,0.3,0.03
"""penalty_folds""",0.05,0,0.25,0.02
"""possibleExtends""",0.05,0,0.25,0.02
"""as.data.frame.logical""",0.05,0,0.2,0.02
""".set_row_names""",0.05,0,0.15,0.01
""".doSortWrap""",0.05,0,0.1,0.01
"""check.index""",0.05,0,0.1,0.01
"""colSums""",0.05,0,0.1,0.01
"""group_sum""",0.05,0,0.1,0.01
"""ii""",0.05,0,0.1,0.01
"""packageSlot""",0.05,0,0.1,0.01
"""putconst""",0.05,0,0.1,0.01
"""qr.qy""",0.05,0,0.1,0.01
"""splineDesign""",0.05,0,0.1,0.01
"""unlist""",0.05,0,0.1,0.01
"""var""",0.05,0,0.1,0.01
"""-""",0.05,0,0.05,0
"""[[<-.data.frame""",0.05,0,0.05,0
"""%/%""",0.05,0,0.05,0
"""%%""",0.05,0,0.05,0
"""+""",0.05,0,0.05,0
"""$""",0.05,0,0.05,0
"""$<-.data.frame""",0.05,0,0.05,0
"""as.environment""",0.05,0,0.05,0
"""as.logical""",0.05,0,0.05,0
"""as.name""",0.05,0,0.05,0
"""assignInMyNamespace""",0.05,0,0.05,0
"""attributes""",0.05,0,0.05,0
"""ceiling""",0.05,0,0.05,0
"""character""",0.05,0,0.05,0
"""cumprod""",0.05,0,0.05,0
"""double""",0.05,0,0.05,0
"""dyn.load""",0.05,0,0.05,0
"""get.untouchable.for.naken""",0.05,0,0.05,0
"""grep""",0.05,0,0.05,0
"""integer""",0.05,0,0.05,0
"""invisible""",0.05,0,0.05,0
"""is.atomic""",0.05,0,0.05,0
"""is.call""",0.05,0,0.05,0
"""is.pairlist""",0.05,0,0.05,0
"""isS4""",0.05,0,0.05,0
"""leaps.setup""",0.05,0,0.05,0
"""lengths""",0.05,0,0.05,0
"""levels""",0.05,0,0.05,0
"""list.names""",0.05,0,0.05,0
"""logical""",0.05,0,0.05,0
"""makepredictcall""",0.05,0,0.05,0
"""min""",0.05,0,0.05,0
"""root_name""",0.05,0,0.05,0
"""sample.int""",0.05,0,0.05,0
"""seq.int""",0.05,0,0.05,0
"""sprint""",0.05,0,0.05,0
"""substr""",0.05,0,0.05,0
"""Sys.info""",0.05,0,0.05,0
"""weighted.mean.default""",0.05,0,0.05,0
