function_name,total.time,total.pct,self.time,self.pct
"""tryCatch""",1106.1,100,3.65,0.33
"""doTryCatch""",1106.1,100,2.85,0.26
"""tryCatchList""",1106.1,100,1.6,0.14
"""tryCatchOne""",1106.1,100,1.2,0.11
"""profile_run""",1106.1,100,0,0
"""run_dataset""",1106.1,100,0,0
"""withCallingHandlers""",1106.1,100,0,0
"""FUN""",1093.35,98.85,17.55,1.59
"""lapply""",1092,98.73,1.8,0.16
"""evaluate""",1077.3,97.4,131.75,11.91
""".fit_ensemble""",1052.45,95.15,0.1,0.01
"""fit_candidates""",1039.4,93.97,0,0
"""cmbridge::fit_bridge_ensemble""",998.8,90.3,0,0
"""vapply""",996.4,90.08,0.9,0.08
"""do.call""",995.95,90.04,1.3,0.12
"""<Anonymous>""",995.55,90.01,63.2,5.71
"""select_penalty_grid""",990.15,89.52,0.05,0
"""run_ensemble""",967.2,87.44,0,0
"""cf_curve""",950.85,85.96,0,0
"""future::future""",950.85,85.96,0,0
"""eval""",950.65,85.95,1.4,0.13
"""evalFuture""",950.65,85.95,0,0
"""evalFutureInternal""",950.65,85.95,0,0
"""launchFuture.SequentialFutureBackend""",950.65,85.95,0,0
"""launchFuture""",950.65,85.95,0,0
"""run.Future""",950.65,85.95,0,0
"""run""",950.65,85.95,0,0
"""estimate_curve""",950.6,85.94,0,0
"""eval.parent""",950.6,85.94,0,0
"""local""",950.6,85.94,0,0
"""withVisible""",950.6,85.94,0,0
"""engine$response""",946.15,85.54,0,0
"""response_fit""",946.15,85.54,0,0
"""fit_at""",923,83.45,0.1,0.01
"""fit_cm""",921.7,83.33,2.3,0.21
"""terminal""",911.55,82.41,0,0
"""fit_beta""",907.7,82.06,0,0
"""fit_bridge""",891.35,80.58,0.55,0.05
""".fit_sieve_md""",884.1,79.93,1.85,0.17
"""prefix""",821.7,74.29,0,0
"""SuperLearner::SuperLearner""",816.25,73.8,0.05,0
"""try""",815.55,73.73,0.15,0.01
"""f""",815,73.68,0,0
"""response""",810.6,73.28,0.05,0
""".saturated_penalty_selection""",800.45,72.37,0.1,0.01
""".fit_linked_sieve""",713.65,64.52,124.55,11.26
"""lmtp:::bridge_nuisance_fit""",153.6,13.89,0,0
""".eval_basis_spec""",146.55,13.25,5.05,0.46
""".cell_keys""",121.75,11.01,6.5,0.59
""".safe_solve""",111.85,10.11,4.05,0.37
"""%*%""",107.1,9.68,107.05,9.68
"""crossprod""",84.55,7.64,82.45,7.45
"""solve""",75.85,6.86,3.55,0.32
"""cbind""",73.3,6.63,66.6,6.02
"""solve.default""",72.3,6.54,49.95,4.52
""".linked_moment_design""",70.75,6.4,4.15,0.38
"""matrix""",62.15,5.62,23.3,2.11
""".ensemble_gram""",59.7,5.4,0.7,0.06
"""predict""",58.45,5.28,0.1,0.01
""".cm_link""",55.65,5.03,12.4,1.12
""".ensemble_features""",54.35,4.91,0.1,0.01
"""cmbridge::fit_adjoint_ensemble""",53.65,4.85,0,0
"""predict.cmbridge_fit""",49.75,4.5,0.05,0
"""object$predict_fun""",49.7,4.49,0.1,0.01
"""ncol""",47.3,4.28,3.55,0.32
"""poly_basis""",45.9,4.15,1.65,0.15
""".nystrom_apply""",45.6,4.12,0.1,0.01
"""unique""",45.55,4.12,5.85,0.53
"""rbf_kernel""",43.65,3.95,8.4,0.76
"""t""",40.95,3.7,6.6,0.6
""".fit_basis_spec""",40.55,3.67,0.05,0
"""sort""",36.1,3.26,0.35,0.03
""".as_matrix""",35.75,3.23,33.55,3.03
"""t.default""",34.35,3.11,34.35,3.11
"""estimate_r""",32.6,2.95,0,0
"""fit_adjoint""",31.55,2.85,0.2,0.02
"""outer""",27.65,2.5,27.35,2.47
""".moment_basis_spec""",27.05,2.45,0.15,0.01
"""Matrix::sparseMatrix""",26.65,2.41,2.75,0.25
"""as.data.frame""",25.15,2.27,0.25,0.02
"""diag""",24.55,2.22,23.7,2.14
"""as.data.frame.matrix""",24.45,2.21,2.75,0.25
"""as.matrix""",21.95,1.98,10.75,0.97
"""as.vector""",20.7,1.87,20.7,1.87
""".fit_sieve_cells""",20.7,1.87,0.9,0.08
"""cmbridge::select_penalty_grid""",20.55,1.86,0.05,0
""".Call""",20.35,1.84,17.45,1.58
"""sweep""",19.85,1.79,1.3,0.12
""".External2""",19.1,1.73,2.15,0.19
"""stats::optim""",18.95,1.71,0.1,0.01
"""ratio_fit""",18.8,1.7,0,0
""".saturated_path_predict""",18.5,1.67,1.3,0.12
"""aperm""",18.4,1.66,0.55,0.05
"""validObject""",16.25,1.47,2,0.18
""".fit_landweber""",14.55,1.32,0.1,0.01
"""glmnet::glmnet""",14.5,1.31,0.1,0.01
"""unique.default""",14.4,1.3,14.4,1.3
"""predict_ratios""",14.35,1.3,0,0
"""fit_ratios""",13.85,1.25,0,0
""".fit_linked_landweber""",13.7,1.24,3.5,0.32
"""as""",13.05,1.18,1.5,0.14
"""lognet""",12.55,1.13,0.05,0
""".cm_link_derivative""",12.5,1.13,12.5,1.13
""".fit_pmmr""",12.5,1.13,0,0
""".pmmr_core""",12.45,1.13,0.1,0.01
""".scale_apply""",12.1,1.09,0.15,0.01
"""fn""",10.9,0.99,0.2,0.02
"""anyStrings""",10.45,0.94,0.2,0.02
""".ensemble_loading""",10.35,0.94,0,0
"""phi""",10.35,0.94,0,0
"""isTRUE""",10.3,0.93,0.15,0.01
""".median_distance""",10.25,0.93,1.8,0.16
"""splognet_exp""",10.2,0.92,0.05,0
"""training_ratio_fit""",10.2,0.92,0,0
"""validityMethod""",10.05,0.91,0.2,0.02
"""aperm.default""",9.95,0.9,4.55,0.41
""".ensemble_kernel""",9.15,0.83,0,0
""".saturated_keys""",8.7,0.79,0,0
"""SL.saturated_l1""",8.5,0.77,0.55,0.05
"""array""",8.45,0.76,8.35,0.75
"""new""",7.95,0.72,0.15,0.01
"""problem$evaluate""",7.85,0.71,3.1,0.28
"""initialize""",7.6,0.69,0.45,0.04
"""is.finite""",7.2,0.65,7.2,0.65
"""callNextMethod""",6.85,0.62,1.5,0.14
"""[""",6.5,0.59,0.05,0
"""match.arg""",6.2,0.56,2.05,0.19
"""order""",6.1,0.55,3.25,0.29
"""NextMethod""",5.95,0.54,0.05,0
"""abs""",5.75,0.52,5.75,0.52
""".fit_linked_pmmr""",5.75,0.52,0.05,0
"""gr""",5.7,0.52,0.15,0.01
"""pivot""",5.6,0.51,0.6,0.05
"""base_learner""",5.25,0.47,0.05,0
"""stats::dist""",5.2,0.47,5.2,0.47
""".saturated_path_setup""",5.2,0.47,0.3,0.03
"""is""",5.15,0.47,2.5,0.23
"""earth.default""",4.9,0.44,0.1,0.01
"""earth::earth""",4.9,0.44,0,0
"""c""",4.7,0.42,4.7,0.42
"""max""",4.7,0.42,4.7,0.42
""".safe_inverse""",4.7,0.42,0,0
"""earth.fit""",4.45,0.4,0.05,0
""".quickCoerceSelect""",4.4,0.4,0.65,0.06
"""predict.SL.saturated_l1""",4.35,0.39,1.1,0.1
"""predict.SuperLearner""",4.35,0.39,0.05,0
"""predict.lmtp_ensemble""",4.35,0.39,0,0
"""sort.int""",4.3,0.39,2.75,0.25
"""sort.default""",4.3,0.39,0,0
"""is.data.frame""",4.25,0.38,4.25,0.38
"""list""",4.15,0.38,4.15,0.38
"""sum""",4.05,0.37,4.05,0.37
"""[.data.table""",3.95,0.36,0,0
"""bridge_predict""",3.85,0.35,0,0
""".findMethodInTable""",3.65,0.33,0.45,0.04
"""key""",3.55,0.32,0,0
"""forward.pass""",3.5,0.32,0,0
"""match""",3.3,0.3,0.25,0.02
"""methods:::loadMethod""",3.25,0.29,0.1,0.01
"""predict_long""",3.25,0.29,0,0
"""nrow""",3.2,0.29,2.15,0.19
"""tcrossprod""",3.15,0.28,3.15,0.28
"""getClassDef""",3.05,0.28,1.55,0.14
"""%in%""",2.9,0.26,2.45,0.22
"""as.matrix.Matrix""",2.85,0.26,0.05,0
"""rowSums""",2.8,0.25,0.75,0.07
"""any""",2.75,0.25,2.75,0.25
""".lag""",2.75,0.25,0.15,0.01
"""getcoef""",2.75,0.25,0.1,0.01
"""update_m""",2.7,0.24,0,0
"""ifelse""",2.65,0.24,1.65,0.15
"""median.default""",2.65,0.24,0,0
"""stats::median""",2.65,0.24,0,0
"""data.table::shift""",2.6,0.24,0.65,0.06
""".merge_control""",2.55,0.23,0.25,0.02
"""[.data.frame""",2.5,0.23,1.85,0.17
"""which""",2.3,0.21,1.8,0.16
"""loadMethod""",2.3,0.21,1.45,0.13
"""colMeans""",2.3,0.21,0.1,0.01
"""as.character""",2.25,0.2,2.25,0.2
""".local""",2.1,0.19,0,0
"""apply""",1.9,0.17,1,0.09
"""drop0""",1.9,0.17,0,0
"""is.na""",1.85,0.17,1.4,0.13
"""stopifnot""",1.85,0.17,1.15,0.1
"""mean""",1.85,0.17,0.25,0.02
"""sys.function""",1.8,0.16,0.85,0.08
""".nextMethod""",1.8,0.16,0.3,0.03
"""select_rows""",1.8,0.16,0,0
"""table""",1.7,0.15,0.05,0
""".nystrom_spec""",1.7,0.15,0,0
"""new.env""",1.6,0.14,1.35,0.12
"""predict.lognet""",1.6,0.14,0.25,0.02
"""setdiff""",1.6,0.14,0.15,0.01
"""as.numeric""",1.55,0.14,1.55,0.14
"""as.matrix.default""",1.55,0.14,0.7,0.06
"""formals""",1.55,0.14,0.35,0.03
"""predict.glmnet""",1.55,0.14,0.05,0
"""paste""",1.45,0.13,0.65,0.06
"""assign""",1.35,0.12,1.35,0.12
"""model.matrix.earth""",1.35,0.12,0,0
"""predict_earth_aux""",1.35,0.12,0,0
"""predict_earth_with_newdata""",1.35,0.12,0,0
"""predict.earth""",1.35,0.12,0,0
"""as.list""",1.3,0.12,0.5,0.05
""".getClassesFromCache""",1.25,0.11,1.05,0.09
"""getClass""",1.25,0.11,0.4,0.04
"""sys.parent""",1.2,0.11,1.2,0.11
"""expand.arg.modvars""",1.2,0.11,0.05,0
"""length""",1.15,0.1,1.15,0.1
""".M2C""",1.15,0.1,0.85,0.08
"""asMethod""",1.15,0.1,0.15,0.01
"""data.frame""",1.15,0.1,0.05,0
""".scale_fit""",1.15,0.1,0,0
""".set_ops_need_as_vector""",1.05,0.09,0.25,0.02
"""predict.SL.earth""",1.05,0.09,0,0
""".getMethodsTable""",1,0.09,0.25,0.02
"""proc.time""",0.95,0.09,0.95,0.09
"""utils::modifyList""",0.95,0.09,0.7,0.06
"""elnet""",0.95,0.09,0,0
"""subset.data.frame""",0.95,0.09,0,0
"""subset""",0.95,0.09,0,0
"""anyDuplicated.default""",0.9,0.08,0.9,0.08
"""getGeneric""",0.9,0.08,0.15,0.01
"""anyDuplicated""",0.9,0.08,0,0
"""expand.arg""",0.9,0.08,0,0
"""get.earth.x.default""",0.9,0.08,0,0
"""get.earth.x""",0.9,0.08,0,0
"""%||%""",0.85,0.08,0.5,0.05
"""as.list.data.frame""",0.8,0.07,0.15,0.01
""".rowNamesDF<-""",0.8,0.07,0.05,0
""".centered_ridge_solve""",0.8,0.07,0,0
"""@<-""",0.75,0.07,0.75,0.07
"""eigen""",0.75,0.07,0.5,0.05
""".prediction_closure""",0.75,0.07,0.1,0.01
""".sigLabel""",0.75,0.07,0.1,0.01
"""get.earth.term.name""",0.75,0.07,0,0
""".identC""",0.7,0.06,0.7,0.06
"""all""",0.7,0.06,0.7,0.06
"""get.modvars""",0.7,0.06,0,0
"""naken.collapse""",0.7,0.06,0,0
"""naken""",0.7,0.06,0,0
"""unclass""",0.65,0.06,0.65,0.06
"""match.fun""",0.65,0.06,0.5,0.05
"""match.call""",0.65,0.06,0.35,0.03
"""list2env""",0.65,0.06,0.1,0.01
"""predict_fun""",0.65,0.06,0,0
""".rangeNum""",0.6,0.05,0.6,0.05
""".getGeneric""",0.6,0.05,0.45,0.04
"""predict_regressions""",0.6,0.05,0,0
"""digest::digest""",0.55,0.05,0.15,0.01
"""rbind""",0.55,0.05,0.15,0.01
""".select_centers""",0.55,0.05,0.05,0
"""rowsum""",0.55,0.05,0.05,0
"""lmtp:::update_m""",0.55,0.05,0,0
"""standardGeneric""",0.55,0.05,0,0
"""names""",0.5,0.05,0.5,0.05
"""pmatch""",0.5,0.05,0.5,0.05
"""numeric""",0.5,0.05,0.45,0.04
""".classEnv""",0.5,0.05,0.3,0.03
"""range""",0.5,0.05,0.2,0.02
"""mode""",0.5,0.05,0.15,0.01
"""map_rows""",0.5,0.05,0.1,0.01
"""sapply""",0.5,0.05,0.1,0.01
"""$<-""",0.5,0.05,0.05,0
"""deparse""",0.5,0.05,0.05,0
"""rowsum.default""",0.5,0.05,0.05,0
"""is.matrix""",0.45,0.04,0.45,0.04
"""gsub""",0.45,0.04,0.4,0.04
"""seq""",0.45,0.04,0.25,0.02
"""loadNamespace""",0.45,0.04,0,0
"""spelnet_exp""",0.45,0.04,0,0
"""copy""",0.4,0.04,0.4,0.04
"""dim""",0.4,0.04,0.4,0.04
"""serialize""",0.4,0.04,0.35,0.03
"""get.bx""",0.4,0.04,0.3,0.03
"""pmin""",0.4,0.04,0.2,0.02
"""make.names""",0.4,0.04,0.05,0
"""qr.Q""",0.4,0.04,0.05,0
"""$<-.data.table""",0.4,0.04,0,0
"""cmp""",0.4,0.04,0,0
"""cmpCall""",0.4,0.04,0,0
"""cmpfun""",0.4,0.04,0,0
"""compiler:::tryCmpfun""",0.4,0.04,0,0
"""deparse1""",0.4,0.04,0,0
"""force""",0.4,0.04,0,0
"""genCode""",0.4,0.04,0,0
"""h""",0.4,0.04,0,0
"""Matrix::Diagonal""",0.4,0.04,0,0
"""tryInline""",0.4,0.04,0,0
"""...elt""",0.35,0.03,0.35,0.03
"""environment""",0.35,0.03,0.35,0.03
"""sys.frame""",0.35,0.03,0.35,0.03
"""[[""",0.35,0.03,0.15,0.01
"""model.matrix.default""",0.35,0.03,0.05,0
"""model.matrix""",0.35,0.03,0,0
"""is.list""",0.3,0.03,0.3,0.03
"""lazyLoadDBfetch""",0.3,0.03,0.3,0.03
""".class1""",0.3,0.03,0.25,0.02
"""paste0""",0.3,0.03,0.2,0.02
"""sys.call""",0.3,0.03,0.2,0.02
"""get0""",0.3,0.03,0.15,0.01
"""rev""",0.3,0.03,0.15,0.01
""".deparseOpts""",0.3,0.03,0.05,0
"""cbind.Matrix""",0.3,0.03,0,0
"""cbind2""",0.3,0.03,0,0
"""cmpSymbolAssign""",0.3,0.03,0,0
"""anyNA""",0.25,0.02,0.25,0.02
"""forderv""",0.25,0.02,0.25,0.02
"""isFALSE""",0.25,0.02,0.25,0.02
"""slot""",0.25,0.02,0.25,0.02
"""colnames<-""",0.25,0.02,0.2,0.02
"""pmax""",0.25,0.02,0.2,0.02
"""get""",0.25,0.02,0.1,0.01
"""penalty_folds""",0.25,0.02,0.05,0
"""possibleExtends""",0.25,0.02,0.05,0
""".updateMethodsInTable""",0.25,0.02,0,0
"""as.data.frame.numeric""",0.25,0.02,0,0
"""cmpForBody""",0.25,0.02,0,0
"""methods::cacheMetaData""",0.25,0.02,0,0
"""predict.elnet""",0.25,0.02,0,0
""".penalty_control""",0.2,0.02,0.2,0.02
"""is.function""",0.2,0.02,0.2,0.02
"""rep_len""",0.2,0.02,0.2,0.02
"""rep.int""",0.2,0.02,0.2,0.02
"""mean.default""",0.2,0.02,0.15,0.01
"""seq.default""",0.2,0.02,0.1,0.01
"""splines::bs""",0.2,0.02,0.1,0.01
"""as.data.frame.logical""",0.2,0.02,0.05,0
"""[[.data.frame""",0.2,0.02,0,0
"""findGlobals""",0.2,0.02,0,0
"""getGlobalsAndPackages""",0.2,0.02,0,0
"""population_diagnostics""",0.2,0.02,0,0
"""setNames""",0.2,0.02,0,0
"""vars$rename""",0.2,0.02,0,0
"""class""",0.15,0.01,0.15,0.01
"""findCenvVar""",0.15,0.01,0.15,0.01
"""grepl""",0.15,0.01,0.15,0.01
"""is.environment""",0.15,0.01,0.15,0.01
"""is.numeric""",0.15,0.01,0.15,0.01
"""make.unique""",0.15,0.01,0.15,0.01
"""parent.frame""",0.15,0.01,0.15,0.01
"""rbind.Matrix""",0.15,0.01,0.15,0.01
"""setalloccol""",0.15,0.01,0.15,0.01
"""structure""",0.15,0.01,0.15,0.01
""".check_lengths""",0.15,0.01,0.1,0.01
"""factor""",0.15,0.01,0.1,0.01
""".set_row_names""",0.15,0.01,0.05,0
""".checkGroupSigLength""",0.15,0.01,0,0
"""cb$putconst""",0.15,0.01,0,0
"""cell_key""",0.15,0.01,0,0
"""cmbridge:::.cell_keys""",0.15,0.01,0,0
"""cmpCallArgs""",0.15,0.01,0,0
"""cmpCallSymFun""",0.15,0.01,0,0
"""cmpSubsetDispatch""",0.15,0.01,0,0
"""dframe""",0.15,0.01,0,0
"""findFunDef""",0.15,0.01,0,0
"""findGlobals_dfs_call""",0.15,0.01,0,0
"""findGlobals_dfs""",0.15,0.01,0,0
"""findGlobalsDFS""",0.15,0.01,0,0
"""followed_rule""",0.15,0.01,0,0
"""methods::rbind2""",0.15,0.01,0,0
"""null.data.table""",0.15,0.01,0,0
"""predict_bridge_functions""",0.15,0.01,0,0
""".ensemble_integer""",0.1,0.01,0.1,0.01
""".Fortran""",0.1,0.01,0.1,0.01
""".requirePackage""",0.1,0.01,0.1,0.01
"""as.integer""",0.1,0.01,0.1,0.01
"""attr""",0.1,0.01,0.1,0.01
"""duplicated.default""",0.1,0.01,0.1,0.01
"""is.array""",0.1,0.01,0.1,0.01
"""is.expression""",0.1,0.01,0.1,0.01
"""is.factor""",0.1,0.01,0.1,0.01
"""prod""",0.1,0.01,0.1,0.01
""".doSortWrap""",0.1,0.01,0.05,0
"""check.index""",0.1,0.01,0.05,0
"""colSums""",0.1,0.01,0.05,0
"""group_sum""",0.1,0.01,0.05,0
"""ii""",0.1,0.01,0.05,0
"""packageSlot""",0.1,0.01,0.05,0
"""putconst""",0.1,0.01,0.05,0
"""qr.qy""",0.1,0.01,0.05,0
"""splineDesign""",0.1,0.01,0.05,0
"""unlist""",0.1,0.01,0.05,0
"""var""",0.1,0.01,0.05,0
""".recMembers""",0.1,0.01,0,0
""".saturated_lambda_index""",0.1,0.01,0,0
"""asNamespace""",0.1,0.01,0,0
"""cb$putcode""",0.1,0.01,0,0
"""constantFold""",0.1,0.01,0,0
"""duplicated""",0.1,0.01,0,0
"""findGlobals_dfs_symbol""",0.1,0.01,0,0
"""getGroupMembers""",0.1,0.01,0,0
"""getInlineInfo""",0.1,0.01,0,0
"""is.qr""",0.1,0.01,0,0
"""key_for""",0.1,0.01,0,0
"""model.frame.default""",0.1,0.01,0,0
"""model.frame""",0.1,0.01,0,0
"""namespaceImportFrom""",0.1,0.01,0,0
"""qr""",0.1,0.01,0,0
"""Recall""",0.1,0.01,0,0
"""registerS3methods""",0.1,0.01,0,0
"""split_function""",0.1,0.01,0,0
"""stack_data""",0.1,0.01,0,0
"""suppressWarnings""",0.1,0.01,0,0
"""theta_curve""",0.1,0.01,0,0
"""-""",0.05,0,0.05,0
"""[[<-.data.frame""",0.05,0,0.05,0
"""%/%""",0.05,0,0.05,0
"""%%""",0.05,0,0.05,0
"""+""",0.05,0,0.05,0
"""$""",0.05,0,0.05,0
"""$<-.data.frame""",0.05,0,0.05,0
"""as.environment""",0.05,0,0.05,0
"""as.logical""",0.05,0,0.05,0
"""as.name""",0.05,0,0.05,0
"""assignInMyNamespace""",0.05,0,0.05,0
"""attributes""",0.05,0,0.05,0
"""ceiling""",0.05,0,0.05,0
"""character""",0.05,0,0.05,0
"""cumprod""",0.05,0,0.05,0
"""double""",0.05,0,0.05,0
"""dyn.load""",0.05,0,0.05,0
"""get.untouchable.for.naken""",0.05,0,0.05,0
"""grep""",0.05,0,0.05,0
"""integer""",0.05,0,0.05,0
"""invisible""",0.05,0,0.05,0
"""is.atomic""",0.05,0,0.05,0
"""is.call""",0.05,0,0.05,0
"""is.pairlist""",0.05,0,0.05,0
"""isS4""",0.05,0,0.05,0
"""leaps.setup""",0.05,0,0.05,0
"""lengths""",0.05,0,0.05,0
"""levels""",0.05,0,0.05,0
"""list.names""",0.05,0,0.05,0
"""logical""",0.05,0,0.05,0
"""makepredictcall""",0.05,0,0.05,0
"""min""",0.05,0,0.05,0
"""root_name""",0.05,0,0.05,0
"""sample.int""",0.05,0,0.05,0
"""seq.int""",0.05,0,0.05,0
"""sprint""",0.05,0,0.05,0
"""substr""",0.05,0,0.05,0
"""Sys.info""",0.05,0,0.05,0
"""weighted.mean.default""",0.05,0,0.05,0
""".project_gram_psd""",0.05,0,0,0
""".simplex_qp""",0.05,0,0,0
"""[[<-""",0.05,0,0,0
"""as_function""",0.05,0,0,0
"""as_generic""",0.05,0,0,0
"""as_S3_generic""",0.05,0,0,0
"""as.data.table""",0.05,0,0,0
"""assert_lmtp_data""",0.05,0,0,0
"""audit_mechanism""",0.05,0,0,0
"""bmerge""",0.05,0,0,0
"""call_find_globals_with_dotdotdot""",0.05,0,0,0
"""check_lmtp_data""",0.05,0,0,0
"""check.classname""",0.05,0,0,0
"""check.numeric.index""",0.05,0,0,0
"""check.which.terms""",0.05,0,0,0
"""cmpBuiltinArgs""",0.05,0,0,0
"""cmpIndices""",0.05,0,0,0
"""cmpPrim1""",0.05,0,0,0
"""cmpPrim2""",0.05,0,0,0
"""conditional_mean""",0.05,0,0,0
"""constantFoldCall""",0.05,0,0,0
"""constantFoldSym""",0.05,0,0,0
"""convert.linpreds.to.logical""",0.05,0,0,0
"""data.row.names""",0.05,0,0,0
"""draw_data""",0.05,0,0,0
"""enumerate_data""",0.05,0,0,0
"""eval.model.subsets.with.leaps""",0.05,0,0,0
"""eval.model.subsets""",0.05,0,0,0
"""find_base_name""",0.05,0,0,0
"""find_globals_ordered""",0.05,0,0,0
"""fun""",0.05,0,0,0
"""FutureResult""",0.05,0,0,0
"""get_int_parms2""",0.05,0,0,0
"""get.ylevels""",0.05,0,0,0
"""getFoldFun""",0.05,0,0,0
"""glmnet.control""",0.05,0,0,0
"""globalsOf""",0.05,0,0,0
"""grepv""",0.05,0,0,0
"""hatvalues_qr_wrapper""",0.05,0,0,0
"""hatvalues_qr""",0.05,0,0,0
"""init.global.data""",0.05,0,0,0
"""isa""",0.05,0,0,0
"""isBaseVar""",0.05,0,0,0
"""joint_critical""",0.05,0,0,0
"""library.dynam""",0.05,0,0,0
"""lmtp:::bridge_predict""",0.05,0,0,0
"""lmtp:::pivot""",0.05,0,0,0
"""make_mechanism""",0.05,0,0,0
"""match.names""",0.05,0,0,0
"""method$computeCoef""",0.05,0,0,0
"""pastef""",0.05,0,0,0
"""pruning.pass""",0.05,0,0,0
"""qr.default""",0.05,0,0,0
"""quotify""",0.05,0,0,0
"""register_method""",0.05,0,0,0
"""register""",0.05,0,0,0
"""require_valid_mechanism""",0.05,0,0,0
"""runHook""",0.05,0,0,0
"""S7::methods_register""",0.05,0,0,0
"""study_task""",0.05,0,0,0
"""task$clone""",0.05,0,0,0
"""unname""",0.05,0,0,0
"""weighted.mean""",0.05,0,0,0
