scale,loss,grid_round,selected,failed,failure,scored_rows,paired_rows,informative,kind,fold,horizon_or_depth,candidate,weight,penalty_status,boundary_failures,constant,beta_correct,ratio_correct,m_correct,estimator
3.16227766016838e-10,-0.000905726476892278,0,TRUE,FALSE,"",2666,2666,TRUE,beta,1,1,1,0.33599843550779,interior,0,FALSE,,,,
0.1,-0.000756321818383046,0,TRUE,FALSE,"",2666,2607,TRUE,beta,1,2,1,0.302088046611954,interior,0,FALSE,,,,
0.001,0.0007320697546139,0,TRUE,FALSE,"",1249,1249,TRUE,adjoint,1,1,1,0.448665894575848,interior,0,FALSE,,,,
3.16227766016838e-05,0.00540922732833519,0,TRUE,FALSE,"",1233,1159,TRUE,adjoint,1,2,1,0.738094112051441,interior,0,FALSE,,,,
1e-16,0.445609015106917,11,TRUE,FALSE,"",,,,ratio,1,1,1,0.999591546929326,interior_after_extension,12,FALSE,,,,
0.00177827941003892,0.593880030028473,0,TRUE,FALSE,"",,,,ratio,1,2,1,1,interior,0,FALSE,,,,
0.0177827941003892,-0.000890071619019245,0,TRUE,FALSE,"",2667,2667,TRUE,beta,2,1,1,0.328756148871411,interior,0,FALSE,,,,
0.00316227766016838,-0.00110652373105583,0,TRUE,FALSE,"",2667,2591,TRUE,beta,2,2,1,0.334463781249201,interior,0,FALSE,,,,
1.77827941003892e-16,-0.000556724708927252,6,TRUE,FALSE,"",1244,1244,TRUE,adjoint,2,1,1,0.351526503735953,interior_after_extension,6,FALSE,,,,
0.00177827941003892,0.00579951797792289,0,TRUE,FALSE,"",1243,1169,TRUE,adjoint,2,2,1,0,interior,0,FALSE,,,,
1e-15,0.442695413760729,10,TRUE,FALSE,"",,,,ratio,2,1,1,0.999331507957106,interior_after_extension,11,FALSE,,,,
0.001,0.591724059847633,0,TRUE,FALSE,"",,,,ratio,2,2,1,0.999037369752715,interior,0,FALSE,,,,
0.0177827941003892,-9.07049024082667e-05,0,TRUE,FALSE,"",2667,2667,TRUE,beta,3,1,1,0.190345636687377,interior,0,FALSE,,,,
0.0562341325190349,-0.0010154176809917,0,TRUE,FALSE,"",2667,2602,TRUE,beta,3,2,1,0.333346233995467,interior,0,FALSE,,,,
0.000562341325190349,0.00139297443544422,0,TRUE,FALSE,"",1211,1211,TRUE,adjoint,3,1,1,0.236818999031551,interior,0,FALSE,,,,
1.77827941003892e-13,-0.00604020651643184,3,TRUE,FALSE,"",1230,1154,TRUE,adjoint,3,2,1,0.400189855556231,interior_after_extension,3,FALSE,,,,
1e-14,0.437566114804605,9,TRUE,FALSE,"",,,,ratio,3,1,1,0.999516387558483,interior_after_extension,10,FALSE,,,,
0.00177827941003892,0.593811638929703,0,TRUE,FALSE,"",,,,ratio,3,2,1,1,interior,0,FALSE,,,,
0.000177827941003892,2.30665883642798e-05,0,TRUE,FALSE,"",,,,regression,1,1,1,0.178985599547181,interior,0,,TRUE,TRUE,TRUE,sdr
3.16227766016838e-11,8.23083407553608e-05,6,TRUE,FALSE,"",,,,regression,1,2,1,0,interior_after_extension,6,,TRUE,TRUE,TRUE,sdr
1e-04,2.10603390278717e-05,0,TRUE,FALSE,"",,,,regression,2,1,1,0.0445616844631584,interior,0,,TRUE,TRUE,TRUE,sdr
5.62341325190349e-09,6.60742761049851e-05,4,TRUE,FALSE,"",,,,regression,2,2,1,0,interior_after_extension,4,,TRUE,TRUE,TRUE,sdr
1e-04,2.17335196776253e-05,0,TRUE,FALSE,"",,,,regression,3,1,1,0.215262033900562,interior,0,,TRUE,TRUE,TRUE,sdr
3.16227766016838e-05,0.00011112604289633,0,TRUE,FALSE,"",,,,regression,3,2,1,0,interior,0,,TRUE,TRUE,TRUE,sdr
0.000177827941003892,2.30665883642798e-05,0,TRUE,FALSE,"",,,,regression,1,1,1,0.178985599547181,interior,0,,TRUE,TRUE,TRUE,tmle
5.62341325190349e-10,2.04960591847914e-06,5,TRUE,FALSE,"",,,,regression,1,2,1,0.103618313943716,interior_after_extension,5,,TRUE,TRUE,TRUE,tmle
1e-04,2.10603390278717e-05,0,TRUE,FALSE,"",,,,regression,2,1,1,0.0445616844631584,interior,0,,TRUE,TRUE,TRUE,tmle
5.62341325190349e-10,2.03991627916363e-06,5,TRUE,FALSE,"",,,,regression,2,2,1,0.0780832731342624,interior_after_extension,5,,TRUE,TRUE,TRUE,tmle
1e-04,2.17335196776253e-05,0,TRUE,FALSE,"",,,,regression,3,1,1,0.215262033900562,interior,0,,TRUE,TRUE,TRUE,tmle
5.62341325190349e-10,2.2214089777602e-06,5,TRUE,FALSE,"",,,,regression,3,2,1,0,interior_after_extension,5,,TRUE,TRUE,TRUE,tmle
