mechanism,n,fold,kind,horizon,current_R,population_combinations,represented_combinations,missing_probability,error_fraction_in_represented
binary_longitudinal,4000,1,beta,1,1,8,8,0,1
binary_longitudinal,4000,1,adjoint,1,1,8,8,0,1
binary_longitudinal,4000,1,beta,2,0,16,16,0,1
binary_longitudinal,4000,1,beta,2,1,128,95,0.0507727584881929,0.908631821275374
binary_longitudinal,4000,1,adjoint,2,0,8,8,0,1
binary_longitudinal,4000,1,adjoint,2,1,128,93,0.0533635756388456,0.897663071280296
binary_longitudinal,4000,2,beta,1,1,8,8,0,1
binary_longitudinal,4000,2,adjoint,1,1,8,8,0,1
binary_longitudinal,4000,2,beta,2,0,16,16,0,1
binary_longitudinal,4000,2,beta,2,1,128,91,0.0555881529711625,0.934212489345294
binary_longitudinal,4000,2,adjoint,2,0,8,8,0,1
binary_longitudinal,4000,2,adjoint,2,1,128,90,0.0522893897750911,0.849358413640325
binary_longitudinal,4000,3,beta,1,1,8,8,0,1
binary_longitudinal,4000,3,adjoint,1,1,8,8,0,1
binary_longitudinal,4000,3,beta,2,0,16,16,0,1
binary_longitudinal,4000,3,beta,2,1,128,88,0.0535901891415889,0.924720181903827
binary_longitudinal,4000,3,adjoint,2,0,8,8,0,1
binary_longitudinal,4000,3,adjoint,2,1,128,90,0.049915364780662,0.625591107725924
discrete_dose,4000,1,beta,1,1,8,8,0,1
discrete_dose,4000,1,adjoint,1,1,16,16,0,1
discrete_dose,4000,1,beta,2,0,32,32,0,1
discrete_dose,4000,1,beta,2,1,256,143,0.0885956366612924,0.885537242306517
discrete_dose,4000,1,adjoint,2,0,16,16,0,1
discrete_dose,4000,1,adjoint,2,1,512,204,0.256020041878539,0.535993991452769
discrete_dose,4000,2,beta,1,1,8,8,0,1
discrete_dose,4000,2,adjoint,1,1,16,16,0,1
discrete_dose,4000,2,beta,2,0,32,31,0.00715618697345071,0.931776603776439
discrete_dose,4000,2,beta,2,1,256,146,0.0978666669896065,0.91139411981796
discrete_dose,4000,2,adjoint,2,0,16,16,0,1
discrete_dose,4000,2,adjoint,2,1,512,216,0.246574729221763,0.638583061926361
discrete_dose,4000,3,beta,1,1,8,8,0,1
discrete_dose,4000,3,adjoint,1,1,16,16,0,1
discrete_dose,4000,3,beta,2,0,32,32,0,1
discrete_dose,4000,3,beta,2,1,256,146,0.104576728386394,0.907866713640506
discrete_dose,4000,3,adjoint,2,0,16,16,0,1
discrete_dose,4000,3,adjoint,2,1,512,220,0.223251401585527,0.704630791634614
