mechanism,fold,candidate,bridge_rmse,equation_rmse,equation_maximum_error,minimum,maximum,application_bound_n
binary_longitudinal,1,ensemble,0.490870096499156,0.118031759768084,0.832882908912472,1.49711110887675,5.55635442734643,0
binary_longitudinal,1,sieve_md,1.3131936735727,0.305209959858867,2.30227805007574,1.00068821696966,10.1486501983803,0
binary_longitudinal,1,landweber,0.385846594602068,0.0894695322056582,0.373003599276115,1.42659533012059,4.44221399623984,0
binary_longitudinal,1,pmmr,0.328012529356344,0.083675009329617,0.244413672848813,1.73300284357439,2.9194921058921,0
binary_longitudinal,2,ensemble,0.282291331478682,0.0714802354390831,0.316919897089423,1.494806762496,4.49239678353476,0
binary_longitudinal,2,sieve_md,0.801796866809593,0.176329524359297,0.929818487486691,1.00013759674467,7.50169926522192,0
binary_longitudinal,2,landweber,0.18659954646579,0.0559734888674674,0.210415232519622,1.49464315172927,3.72260215823168,0
binary_longitudinal,2,pmmr,0.342177653591294,0.0809513434899333,0.242221187717348,1.7600910373301,2.72663512000747,0
binary_longitudinal,3,ensemble,0.458928270367805,0.115853738162158,0.879601605612452,1.52495522864103,6.18158057340565,0
binary_longitudinal,3,sieve_md,1.25671973801977,0.280884504107747,2.63424065237049,1.00000000000247,12.5672602970803,0
binary_longitudinal,3,landweber,0.259392426691052,0.0800795968095608,0.237646488536759,1.54501651895784,3.76007695459584,0
binary_longitudinal,3,pmmr,0.370473203179091,0.0997152127896902,0.222539943178799,1.81327202748844,2.64171743287081,0
discrete_dose,1,ensemble,0.253825962386337,0.0682581635035568,0.317353209301017,1.71519992229115,3.70478907389175,0
discrete_dose,1,sieve_md,0.892591076854663,0.190356456441514,0.974794101318691,1.13787780654601,4.7629230037497,0
discrete_dose,1,landweber,0.420236659805381,0.0962426504374952,0.300536345607987,1.52532896342234,4.35902678337159,0
discrete_dose,1,pmmr,0.342607572086431,0.0894995700638633,0.304314972090483,1.88971470166675,3.08408380090564,0
discrete_dose,2,ensemble,0.233579294828296,0.0619666325322951,0.310312684256065,1.64536391071958,3.41409395547719,0
discrete_dose,2,sieve_md,0.98995859693133,0.224596507790901,1.30628007592171,1.09777102963937,5.46379783143751,0
discrete_dose,2,landweber,0.274649099816675,0.0672086310000535,0.339530074126531,1.42384188152675,4.15691356551942,0
discrete_dose,2,pmmr,0.382327315161275,0.089413734667814,0.30088330360811,1.80183160425907,2.75971327980706,0
discrete_dose,3,ensemble,0.251153186056626,0.0571267425618199,0.236376470801537,1.73969939013413,3.24279571947203,0
discrete_dose,3,sieve_md,0.823151263005047,0.205405603476945,0.89969709851289,1.1028157727223,5.36405134611076,0
discrete_dose,3,landweber,0.0691147185543293,0.0251586353200532,0.121870717154913,1.54212979321087,3.75351504577319,0
discrete_dose,3,pmmr,0.386530349810411,0.0841364125694047,0.256443211651672,1.87294500317992,2.72211339958257,0
