configuration,candidate,weight,raw_u_cv_loss,v_cv_loss,v_self_product_term,projected_cv_loss
Gaussian; Additive,sieve_md,0.302088046611954,-0.000472769811507281,0.0009479369876514,0.0014201746257956,5.42419200592498e-05
Gaussian; Additive,landweber,0.317003693244307,-0.000527355167461516,0.000931451896068673,0.00145821351175247,5.29839501771004e-05
Gaussian; Additive,pmmr,0.380908260143739,-0.000751737816503006,0.000603241915097587,0.00135413380128418,8.61656406924101e-05
Gaussian; Joint categories,sieve_md,0.396429787124936,-0.000668056181339347,0.000963860586915501,0.00163116490331277,0.000180943281072897
Gaussian; Joint categories,landweber,0.199996856759786,0.00193927076825436,0.00317034503862932,0.00123325656450526,0.00215535406492319
Gaussian; Joint categories,pmmr,0.403573356115278,-0.000751737816503006,0.000603241915097587,0.00135413380128418,0.00012813485636717
Cell; Additive,sieve_md,0,0.0123583026347665,0.151440417598517,0.14107016416768,0.0123583026347665
Cell; Additive,landweber,0.317674594847626,0.0100985942411016,0.152631344229441,0.144116583764331,0.0100985942411017
Cell; Additive,pmmr,0.682325405152374,0.00638392739499254,0.137704590647532,0.130691266545697,0.00638392739499253
Cell; Joint categories,sieve_md,0.512966240254758,0.00599774425647649,0.122562143037897,0.116402978920086,0.00599774425647647
Cell; Joint categories,landweber,0,0.0128880342113679,0.115475637280225,0.103531250685498,0.0128880342113679
Cell; Joint categories,pmmr,0.487033759745242,0.00638392739499254,0.137704590647532,0.130691266545697,0.00638392739499254
