scale,loss,grid_round,selected,failed,failure,scored_rows,paired_rows,informative,configuration
1e-10,-0.00053292591618328,0,FALSE,FALSE,"",2666,2607,TRUE,Gaussian; Additive
1.77827941003892e-10,-0.000532929432728716,0,FALSE,FALSE,"",2666,2607,TRUE,Gaussian; Additive
3.16227766016838e-10,-0.000532932736494449,0,FALSE,FALSE,"",2666,2607,TRUE,Gaussian; Additive
5.62341325190349e-10,-0.000532931578023426,0,FALSE,FALSE,"",2666,2607,TRUE,Gaussian; Additive
1e-09,-0.000532931365601173,0,FALSE,FALSE,"",2666,2607,TRUE,Gaussian; Additive
1.77827941003892e-09,-0.000532931850566726,0,FALSE,FALSE,"",2666,2607,TRUE,Gaussian; Additive
3.16227766016838e-09,-0.000532931547942569,0,FALSE,FALSE,"",2666,2607,TRUE,Gaussian; Additive
5.62341325190349e-09,-0.000532931568349664,0,FALSE,FALSE,"",2666,2607,TRUE,Gaussian; Additive
1e-08,-0.000532931680135913,0,FALSE,FALSE,"",2666,2607,TRUE,Gaussian; Additive
1.77827941003892e-08,-0.000532931775839553,0,FALSE,FALSE,"",2666,2607,TRUE,Gaussian; Additive
3.16227766016838e-08,-0.000532931898427386,0,FALSE,FALSE,"",2666,2607,TRUE,Gaussian; Additive
5.62341325190349e-08,-0.000532932200128802,0,FALSE,FALSE,"",2666,2607,TRUE,Gaussian; Additive
1e-07,-0.000532932724559345,0,FALSE,FALSE,"",2666,2607,TRUE,Gaussian; Additive
1.77827941003892e-07,-0.000532933659522161,0,FALSE,FALSE,"",2666,2607,TRUE,Gaussian; Additive
3.16227766016838e-07,-0.000532935312116027,0,FALSE,FALSE,"",2666,2607,TRUE,Gaussian; Additive
5.62341325190349e-07,-0.000532938252850343,0,FALSE,FALSE,"",2666,2607,TRUE,Gaussian; Additive
1e-06,-0.000532943484322856,0,FALSE,FALSE,"",2666,2607,TRUE,Gaussian; Additive
1.77827941003892e-06,-0.000532952785818621,0,FALSE,FALSE,"",2666,2607,TRUE,Gaussian; Additive
3.16227766016838e-06,-0.000532969326583189,0,FALSE,FALSE,"",2666,2607,TRUE,Gaussian; Additive
5.62341325190349e-06,-0.000532998736408781,0,FALSE,FALSE,"",2666,2607,TRUE,Gaussian; Additive
1e-05,-0.000533051021929476,0,FALSE,FALSE,"",2666,2607,TRUE,Gaussian; Additive
1.77827941003892e-05,-0.000533143959227489,0,FALSE,FALSE,"",2666,2607,TRUE,Gaussian; Additive
3.16227766016838e-05,-0.00053330909837246,0,FALSE,FALSE,"",2666,2607,TRUE,Gaussian; Additive
5.62341325190349e-05,-0.000533602353255871,0,FALSE,FALSE,"",2666,2607,TRUE,Gaussian; Additive
1e-04,-0.000534122556274372,0,FALSE,FALSE,"",2666,2607,TRUE,Gaussian; Additive
0.000177827941003892,-0.000535043579326654,0,FALSE,FALSE,"",2666,2607,TRUE,Gaussian; Additive
0.000316227766016838,-0.000536668780012441,0,FALSE,FALSE,"",2666,2607,TRUE,Gaussian; Additive
0.000562341325190349,-0.000539485321263913,0,FALSE,FALSE,"",2666,2607,TRUE,Gaussian; Additive
0.001,-0.000544430275500397,0,FALSE,FALSE,"",2666,2607,TRUE,Gaussian; Additive
0.00177827941003892,-0.000552868195574879,0,FALSE,FALSE,"",2666,2607,TRUE,Gaussian; Additive
0.00316227766016838,-0.000566857013179204,0,FALSE,FALSE,"",2666,2607,TRUE,Gaussian; Additive
0.00562341325190349,-0.000588999060075889,0,FALSE,FALSE,"",2666,2607,TRUE,Gaussian; Additive
0.01,-0.000621604594718191,0,FALSE,FALSE,"",2666,2607,TRUE,Gaussian; Additive
0.0177827941003892,-0.00066452258121142,0,FALSE,FALSE,"",2666,2607,TRUE,Gaussian; Additive
0.0316227766016838,-0.000711617907800584,0,FALSE,FALSE,"",2666,2607,TRUE,Gaussian; Additive
0.0562341325190349,-0.000748496636602093,0,FALSE,FALSE,"",2666,2607,TRUE,Gaussian; Additive
0.1,-0.000756321818383046,0,TRUE,FALSE,"",2666,2607,TRUE,Gaussian; Additive
0.177827941003892,-0.000718252553162684,0,FALSE,FALSE,"",2666,2607,TRUE,Gaussian; Additive
0.316227766016838,-0.000620082420355711,0,FALSE,FALSE,"",2666,2607,TRUE,Gaussian; Additive
0.562341325190349,-0.000455475035012224,0,FALSE,FALSE,"",2666,2607,TRUE,Gaussian; Additive
1,-0.000242571553328352,0,FALSE,FALSE,"",2666,2607,TRUE,Gaussian; Additive
1e-10,0.000192955394740221,0,FALSE,FALSE,"",2666,2607,TRUE,Gaussian; Joint categories
1.77827941003892e-10,8.95877067363903e-05,0,FALSE,FALSE,"",2666,2607,TRUE,Gaussian; Joint categories
3.16227766016838e-10,4.85759928274084e-05,0,FALSE,FALSE,"",2666,2607,TRUE,Gaussian; Joint categories
5.62341325190349e-10,9.99453412578456e-06,0,FALSE,FALSE,"",2666,2607,TRUE,Gaussian; Joint categories
1e-09,-1.99577358020667e-05,0,FALSE,FALSE,"",2666,2607,TRUE,Gaussian; Joint categories
1.77827941003892e-09,-4.52580140574962e-05,0,FALSE,FALSE,"",2666,2607,TRUE,Gaussian; Joint categories
3.16227766016838e-09,-6.63135545780103e-05,0,FALSE,FALSE,"",2666,2607,TRUE,Gaussian; Joint categories
5.62341325190349e-09,-7.92224465468301e-05,0,FALSE,FALSE,"",2666,2607,TRUE,Gaussian; Joint categories
1e-08,-8.89862096800666e-05,0,FALSE,FALSE,"",2666,2607,TRUE,Gaussian; Joint categories
1.77827941003892e-08,-9.66864303761644e-05,0,FALSE,FALSE,"",2666,2607,TRUE,Gaussian; Joint categories
3.16227766016838e-08,-0.00010388380159519,0,FALSE,FALSE,"",2666,2607,TRUE,Gaussian; Joint categories
5.62341325190349e-08,-0.000111108710546752,0,FALSE,FALSE,"",2666,2607,TRUE,Gaussian; Joint categories
1e-07,-0.00012716406061901,0,FALSE,FALSE,"",2666,2607,TRUE,Gaussian; Joint categories
1.77827941003892e-07,-0.000156809724050139,0,FALSE,FALSE,"",2666,2607,TRUE,Gaussian; Joint categories
3.16227766016838e-07,-0.000209691171703452,0,FALSE,FALSE,"",2666,2607,TRUE,Gaussian; Joint categories
5.62341325190349e-07,-0.000298534087205867,0,FALSE,FALSE,"",2666,2607,TRUE,Gaussian; Joint categories
1e-06,-0.000536456433825833,0,FALSE,FALSE,"",2666,2607,TRUE,Gaussian; Joint categories
1.77827941003892e-06,-0.000590745145161525,0,FALSE,FALSE,"",2666,2607,TRUE,Gaussian; Joint categories
3.16227766016838e-06,-0.000660259864487185,0,FALSE,FALSE,"",2666,2607,TRUE,Gaussian; Joint categories
5.62341325190349e-06,-0.000719369167055795,0,TRUE,FALSE,"",2666,2607,TRUE,Gaussian; Joint categories
1e-05,-0.000698456862451304,0,FALSE,FALSE,"",2666,2607,TRUE,Gaussian; Joint categories
1.77827941003892e-05,-0.000504180618789093,0,FALSE,FALSE,"",2666,2607,TRUE,Gaussian; Joint categories
3.16227766016838e-05,-0.000138288095777794,0,FALSE,FALSE,"",2666,2607,TRUE,Gaussian; Joint categories
5.62341325190349e-05,0.000328205270088458,0,FALSE,FALSE,"",2666,2607,TRUE,Gaussian; Joint categories
1e-04,0.000768578520419509,0,FALSE,FALSE,"",2666,2607,TRUE,Gaussian; Joint categories
0.000177827941003892,0.00112602824103437,0,FALSE,FALSE,"",2666,2607,TRUE,Gaussian; Joint categories
0.000316227766016838,0.00139728624306886,0,FALSE,FALSE,"",2666,2607,TRUE,Gaussian; Joint categories
0.000562341325190349,0.00158920900649485,0,FALSE,FALSE,"",2666,2607,TRUE,Gaussian; Joint categories
0.001,0.00171260120547141,0,FALSE,FALSE,"",2666,2607,TRUE,Gaussian; Joint categories
0.00177827941003892,0.0017809736164021,0,FALSE,FALSE,"",2666,2607,TRUE,Gaussian; Joint categories
0.00316227766016838,0.00180731718761844,0,FALSE,FALSE,"",2666,2607,TRUE,Gaussian; Joint categories
0.00562341325190349,0.00180178648598859,0,FALSE,FALSE,"",2666,2607,TRUE,Gaussian; Joint categories
0.01,0.00177552165044889,0,FALSE,FALSE,"",2666,2607,TRUE,Gaussian; Joint categories
0.0177827941003892,0.00174689750678861,0,FALSE,FALSE,"",2666,2607,TRUE,Gaussian; Joint categories
0.0316227766016838,0.0017458064715131,0,FALSE,FALSE,"",2666,2607,TRUE,Gaussian; Joint categories
0.0562341325190349,0.00180492804643365,0,FALSE,FALSE,"",2666,2607,TRUE,Gaussian; Joint categories
0.1,0.00194649098033473,0,FALSE,FALSE,"",2666,2607,TRUE,Gaussian; Joint categories
0.177827941003892,0.00219053811876058,0,FALSE,FALSE,"",2666,2607,TRUE,Gaussian; Joint categories
0.316227766016838,0.00256613235227129,0,FALSE,FALSE,"",2666,2607,TRUE,Gaussian; Joint categories
0.562341325190349,0.00306140906155985,0,FALSE,FALSE,"",2666,2607,TRUE,Gaussian; Joint categories
1,0.00358122566339411,0,FALSE,FALSE,"",2666,2607,TRUE,Gaussian; Joint categories
1e-10,0.010090587549113,0,FALSE,FALSE,"",2666,2607,TRUE,Cell; Additive
1.77827941003892e-10,0.0100905056356723,0,FALSE,FALSE,"",2666,2607,TRUE,Cell; Additive
3.16227766016838e-10,0.0100908909491734,0,FALSE,FALSE,"",2666,2607,TRUE,Cell; Additive
5.62341325190349e-10,0.0100907010881844,0,FALSE,FALSE,"",2666,2607,TRUE,Cell; Additive
1e-09,0.0100906819372449,0,FALSE,FALSE,"",2666,2607,TRUE,Cell; Additive
1.77827941003892e-09,0.010090699831749,0,FALSE,FALSE,"",2666,2607,TRUE,Cell; Additive
3.16227766016838e-09,0.0100906685061735,0,FALSE,FALSE,"",2666,2607,TRUE,Cell; Additive
5.62341325190349e-09,0.0100906680522026,0,FALSE,FALSE,"",2666,2607,TRUE,Cell; Additive
1e-08,0.0100906694844784,0,FALSE,FALSE,"",2666,2607,TRUE,Cell; Additive
1.77827941003892e-08,0.0100906654454194,0,FALSE,FALSE,"",2666,2607,TRUE,Cell; Additive
3.16227766016838e-08,0.0100906547084049,0,FALSE,FALSE,"",2666,2607,TRUE,Cell; Additive
5.62341325190349e-08,0.0100906433368318,0,FALSE,FALSE,"",2666,2607,TRUE,Cell; Additive
1e-07,0.010090622305129,0,FALSE,FALSE,"",2666,2607,TRUE,Cell; Additive
1.77827941003892e-07,0.0100905843543636,0,FALSE,FALSE,"",2666,2607,TRUE,Cell; Additive
3.16227766016838e-07,0.0100905163167862,0,FALSE,FALSE,"",2666,2607,TRUE,Cell; Additive
5.62341325190349e-07,0.0100903961157133,0,FALSE,FALSE,"",2666,2607,TRUE,Cell; Additive
1e-06,0.0100901820122039,0,FALSE,FALSE,"",2666,2607,TRUE,Cell; Additive
1.77827941003892e-06,0.0100898013995058,0,FALSE,FALSE,"",2666,2607,TRUE,Cell; Additive
3.16227766016838e-06,0.0100891247367556,0,FALSE,FALSE,"",2666,2607,TRUE,Cell; Additive
5.62341325190349e-06,0.0100879217103431,0,FALSE,FALSE,"",2666,2607,TRUE,Cell; Additive
1e-05,0.0100857834344693,0,FALSE,FALSE,"",2666,2607,TRUE,Cell; Additive
1.77827941003892e-05,0.0100819842398004,0,FALSE,FALSE,"",2666,2607,TRUE,Cell; Additive
3.16227766016838e-05,0.010075238460198,0,FALSE,FALSE,"",2666,2607,TRUE,Cell; Additive
5.62341325190349e-05,0.010063274902459,0,FALSE,FALSE,"",2666,2607,TRUE,Cell; Additive
1e-04,0.0100421020632837,0,FALSE,FALSE,"",2666,2607,TRUE,Cell; Additive
0.000177827941003892,0.0100047695463765,0,FALSE,FALSE,"",2666,2607,TRUE,Cell; Additive
0.000316227766016838,0.00993937367941947,0,FALSE,FALSE,"",2666,2607,TRUE,Cell; Additive
0.000562341325190349,0.00982613157475967,0,FALSE,FALSE,"",2666,2607,TRUE,Cell; Additive
0.001,0.00963394784800216,0,FALSE,FALSE,"",2666,2607,TRUE,Cell; Additive
0.00177827941003892,0.00931884703411584,0,FALSE,FALSE,"",2666,2607,TRUE,Cell; Additive
0.00316227766016838,0.00883154649055337,0,FALSE,FALSE,"",2666,2607,TRUE,Cell; Additive
0.00562341325190349,0.0081477426819122,0,FALSE,FALSE,"",2666,2607,TRUE,Cell; Additive
0.01,0.00733216478842429,0,FALSE,FALSE,"",2666,2607,TRUE,Cell; Additive
0.0177827941003892,0.00661271989205029,0,FALSE,FALSE,"",2666,2607,TRUE,Cell; Additive
0.0316227766016838,0.00637740669925135,0,TRUE,FALSE,"",2666,2607,TRUE,Cell; Additive
0.0562341325190349,0.00700506866564903,0,FALSE,FALSE,"",2666,2607,TRUE,Cell; Additive
0.1,0.00862377251504891,0,FALSE,FALSE,"",2666,2607,TRUE,Cell; Additive
0.177827941003892,0.0110845514888018,0,FALSE,FALSE,"",2666,2607,TRUE,Cell; Additive
0.316227766016838,0.0141501844813573,0,FALSE,FALSE,"",2666,2607,TRUE,Cell; Additive
0.562341325190349,0.0175371324586795,0,FALSE,FALSE,"",2666,2607,TRUE,Cell; Additive
1,0.020832876175845,0,FALSE,FALSE,"",2666,2607,TRUE,Cell; Additive
1e-10,0.101579935879829,0,FALSE,FALSE,"",2666,2607,TRUE,Cell; Joint categories
1.77827941003892e-10,0.100148968146495,0,FALSE,FALSE,"",2666,2607,TRUE,Cell; Joint categories
3.16227766016838e-10,0.0992452711496631,0,FALSE,FALSE,"",2666,2607,TRUE,Cell; Joint categories
5.62341325190349e-10,0.0981801798901324,0,FALSE,FALSE,"",2666,2607,TRUE,Cell; Joint categories
1e-09,0.0970692941061409,0,FALSE,FALSE,"",2666,2607,TRUE,Cell; Joint categories
1.77827941003892e-09,0.0958994380550439,0,FALSE,FALSE,"",2666,2607,TRUE,Cell; Joint categories
3.16227766016838e-09,0.0947019042653534,0,FALSE,FALSE,"",2666,2607,TRUE,Cell; Joint categories
5.62341325190349e-09,0.0931993937460351,0,FALSE,FALSE,"",2666,2607,TRUE,Cell; Joint categories
1e-08,0.0915918357311133,0,FALSE,FALSE,"",2666,2607,TRUE,Cell; Joint categories
1.77827941003892e-08,0.0896220444191455,0,FALSE,FALSE,"",2666,2607,TRUE,Cell; Joint categories
3.16227766016838e-08,0.0873200324406517,0,FALSE,FALSE,"",2666,2607,TRUE,Cell; Joint categories
5.62341325190349e-08,0.0844515233471884,0,FALSE,FALSE,"",2666,2607,TRUE,Cell; Joint categories
1e-07,0.0806962747178134,0,FALSE,FALSE,"",2666,2607,TRUE,Cell; Joint categories
1.77827941003892e-07,0.0756265497660615,0,FALSE,FALSE,"",2666,2607,TRUE,Cell; Joint categories
3.16227766016838e-07,0.0687402903006063,0,FALSE,FALSE,"",2666,2607,TRUE,Cell; Joint categories
5.62341325190349e-07,0.0594980317294763,0,FALSE,FALSE,"",2666,2607,TRUE,Cell; Joint categories
1e-06,0.0409532545245347,0,FALSE,FALSE,"",2666,2607,TRUE,Cell; Joint categories
1.77827941003892e-06,0.0337964297589384,0,FALSE,FALSE,"",2666,2607,TRUE,Cell; Joint categories
3.16227766016838e-06,0.0262182581572334,0,FALSE,FALSE,"",2666,2607,TRUE,Cell; Joint categories
5.62341325190349e-06,0.0194927932897583,0,FALSE,FALSE,"",2666,2607,TRUE,Cell; Joint categories
1e-05,0.0134606087689442,0,FALSE,FALSE,"",2666,2607,TRUE,Cell; Joint categories
1.77827941003892e-05,0.00893939870842958,0,FALSE,FALSE,"",2666,2607,TRUE,Cell; Joint categories
3.16227766016838e-05,0.00682609349626094,0,TRUE,FALSE,"",2666,2607,TRUE,Cell; Joint categories
5.62341325190349e-05,0.00704341904084671,0,FALSE,FALSE,"",2666,2607,TRUE,Cell; Joint categories
1e-04,0.0083372901652084,0,FALSE,FALSE,"",2666,2607,TRUE,Cell; Joint categories
0.000177827941003892,0.00966149719499152,0,FALSE,FALSE,"",2666,2607,TRUE,Cell; Joint categories
0.000316227766016838,0.01071178766409,0,FALSE,FALSE,"",2666,2607,TRUE,Cell; Joint categories
0.000562341325190349,0.0114445628896118,0,FALSE,FALSE,"",2666,2607,TRUE,Cell; Joint categories
0.001,0.0118855545413837,0,FALSE,FALSE,"",2666,2607,TRUE,Cell; Joint categories
0.00177827941003892,0.0120786367640777,0,FALSE,FALSE,"",2666,2607,TRUE,Cell; Joint categories
0.00316227766016838,0.0120627544336178,0,FALSE,FALSE,"",2666,2607,TRUE,Cell; Joint categories
0.00562341325190349,0.011880608635841,0,FALSE,FALSE,"",2666,2607,TRUE,Cell; Joint categories
0.01,0.0116102299881151,0,FALSE,FALSE,"",2666,2607,TRUE,Cell; Joint categories
0.0177827941003892,0.0114206011267606,0,FALSE,FALSE,"",2666,2607,TRUE,Cell; Joint categories
0.0316227766016838,0.0115786568297605,0,FALSE,FALSE,"",2666,2607,TRUE,Cell; Joint categories
0.0562341325190349,0.0123494351301619,0,FALSE,FALSE,"",2666,2607,TRUE,Cell; Joint categories
0.1,0.0138649632591701,0,FALSE,FALSE,"",2666,2607,TRUE,Cell; Joint categories
0.177827941003892,0.0161482684427288,0,FALSE,FALSE,"",2666,2607,TRUE,Cell; Joint categories
0.316227766016838,0.0191593093397595,0,FALSE,FALSE,"",2666,2607,TRUE,Cell; Joint categories
0.562341325190349,0.022574201070704,0,FALSE,FALSE,"",2666,2607,TRUE,Cell; Joint categories
1,0.0257582861119365,0,FALSE,FALSE,"",2666,2607,TRUE,Cell; Joint categories
