basis,candidate,bridge_rmse_R2_1,defining_equation_rmse,defining_equation_max_error,raw_minimum,raw_maximum,application_bound_fraction,configuration,scorer,conditioning_basis
polynomial,ensemble,0.311539349777908,0.0780451243430106,0.276358328420262,1.75180999044807,3.19269763821725,0,Gaussian; Additive,Gaussian,Additive
polynomial,sieve_md,0.382869165435113,0.0960976988508831,0.309237170391496,1.80501125060972,3.01402028642118,0,Gaussian; Additive,Gaussian,Additive
polynomial,landweber,0.252101988182193,0.072330493631788,0.276163522685662,1.56168707061955,3.80860236200518,0,Gaussian; Additive,Gaussian,Additive
polynomial,pmmr,0.385452932383629,0.0918257486575848,0.30898046257253,1.80447152460348,2.91416659948101,0,Gaussian; Additive,Gaussian,Additive
joint_categories,ensemble,0.379292330081909,0.0902850146317375,0.605591113861655,1.59160322008705,5.24384864706,0,Gaussian; Joint categories,Gaussian,Joint categories
joint_categories,sieve_md,0.757258567722909,0.173056416963739,1.58580987420258,1.40718164484127,8.78257109665574,0,Gaussian; Joint categories,Gaussian,Joint categories
joint_categories,landweber,0.26303869722356,0.0756475489918699,0.245950450592834,1.42294619565385,3.3490615594484,0,Gaussian; Joint categories,Gaussian,Joint categories
joint_categories,pmmr,0.385452932383629,0.0918257486575848,0.30898046257253,1.80447152460348,2.91416659948101,0,Gaussian; Joint categories,Gaussian,Joint categories
polynomial,ensemble,0.311987773921322,0.0775256673025152,0.276211574965713,1.76480585362088,3.16305867177472,0,Cell; Additive,Cell,Additive
polynomial,sieve_md,0.306383197483659,0.0803059436275269,0.297646227554531,1.68534448872275,3.39644939311607,0,Cell; Additive,Cell,Additive
polynomial,landweber,0.252101988182193,0.072330493631788,0.276163522685662,1.56168707061955,3.80860236200518,0,Cell; Additive,Cell,Additive
polynomial,pmmr,0.385452932383629,0.0918257486575848,0.30898046257253,1.80447152460348,2.91416659948101,0,Cell; Additive,Cell,Additive
joint_categories,ensemble,0.290854341611918,0.0731086489940414,0.210210429865658,1.67102369346958,3.3414068968145,0,Cell; Joint categories,Cell,Joint categories
joint_categories,sieve_md,0.32404708293496,0.0898682411072948,0.221692878145364,1.5024081505625,3.91780975184916,0,Cell; Joint categories,Cell,Joint categories
joint_categories,landweber,0.26303869722356,0.0756475489918699,0.245950450592834,1.42294619565385,3.3490615594484,0,Cell; Joint categories,Cell,Joint categories
joint_categories,pmmr,0.385452932383629,0.0918257486575848,0.30898046257253,1.80447152460348,2.91416659948101,0,Cell; Joint categories,Cell,Joint categories
